"State","ValueType","SourceType","Category","Saline","FacilityName","FacilityName1","FacilityName2","FacilityNumber","FacilityNumber1","FacilityNumber2","SourceName","SourceName1","SourceNumber","SourceNumber1","NAICS","SIC","Description","HUC8","HUC10","HUC12","AquiferName1","AquiferName2","BasinName1","BasinName2","Address1","City1","County1","State1","Zip1","Address2","City2","County2","State2","Zip2","Lat","Lon","Datum","Projection","Year","Jan","Feb","Mar","Apr","May","Jun","Jul","Aug","Sep","Oct","Nov","Dec","Units_monthly","Method_monthly","Annual_reported","Units_annual_reported","Method_annual_reported","DataProtected","FIPS5code","SITESELECTION_FACILITYID","SITESELECTION_NPDES_ID","SITESELECTION_NAME","SITESELECTION_ADDRESS","SITESELECTION_ADDRESS_Fix","SITESELECTION_ADRSFLAG","SITESELECTION_CITY","SITESELECTION_STATE","SITESELECTION_COUNTY","SITESELECTION_ZIP","SITESELECTION_FLAGZIP","SITESELECTION_PHONE","SITESELECTION_LATITUDE","SITESELECTION_LONGITUDE","SITESELECTION_NAICS","SITESELECTION_NAICSDESCR","SITESELECTION_SIC","SITESELECTION_SICDESCR","SITESELECTION_FIPS","SITESELECTION_EMP","SITESELECTION_TotPerson","SITESELECTION_Area","SITESELECTION_AnnSaleVol","SITESELECTION_JobsReported","SITESELECTION_ZIP_PHONE","SITESELECTION_CITY_ADDRESS","SITESELECTION_LL_Src","SITESELECTION_DATASET_MATCHES_ALL2","SITESELECTION_NEW_REC","DataSource"
"CO","WD","SW","IN","NA","EVRAZ ROCKY MOUNTAIN STEEL","EVRAZ PUEBLO","CFANDI","NA","NA",NA,"MINNEQUA CANAL AND ST CHARLES FLOOD DITCH",NA,"1200511 and 1500552",NA,"33122","3312 (SIC)","produces the finest steel products available, including rail, seamless pipe, rod and coiled reinforcing bar","NA","NA","NA",NA,NA,"NA",NA,"2100 S Freeway","Pueblo","NA","CO","81004","NA","Pueblo",NA,NA,NA,"NA","NA","NA",NA,2000,6836.9,6454.1,7191.3,7246.2,7454.2,6307.9,6599.4,6647.5,6308.5,7409.5,5270.8,6434.9,"acft","Estimated",NA,"NA","Estimated","TRUE",NA,"P_31251","CO0000621","DAVIS WIRE PUEBLO CORP.","2100 SOUTH FREEWAY","2100 S FREEWAY","UPDATED","PUEBLO","CO","PUEBLO","81004","GOOD","(800) 943-8206","38.2312708","-104.6122495","331222","STEEL WIRE DRAWING","3496","NA","8101","158","NA","NA","NA","NA","81004 _ (800) 943-8206","PUEBLO_2100 S FREEWAY","PinPt","Pin, Bus, FRS, NPDES","N","/CO/CFIandMolsonCoors_Copy.xlsx$CFI_MC_reformat, /CO/CO_Manufacture_Demands_Water.xlsx$Facility metadata, /CO/read_me.docx, Industrial_DataSummary_By_LEE.xlsx$WU_Industrial_table_SIC_NAICs, USEPA_HIFLD_EIA_PPP_facility_v6.csv"
"CO","WD","SW","IN","NA","EVRAZ ROCKY MOUNTAIN STEEL","EVRAZ PUEBLO","CFANDI","NA","NA",NA,"MINNEQUA CANAL AND ST CHARLES FLOOD DITCH",NA,"1200511 and 1500552",NA,"33122","3312 (SIC)","produces the finest steel products available, including rail, seamless pipe, rod and coiled reinforcing bar","NA","NA","NA",NA,NA,"NA",NA,"2100 S Freeway","Pueblo","NA","CO","81004","NA","Pueblo",NA,NA,NA,"NA","NA","NA",NA,2001,5020.8,4647.5,6260.8,4205.5,5480.5,6283.4,6327.7,6361.1,6204.2,6713.3,5428.1,6632.6,"acft","Estimated",NA,"NA","Estimated","TRUE",NA,"P_31251","CO0000621","DAVIS WIRE PUEBLO CORP.","2100 SOUTH FREEWAY","2100 S FREEWAY","UPDATED","PUEBLO","CO","PUEBLO","81004","GOOD","(800) 943-8206","38.2312708","-104.6122495","331222","STEEL WIRE DRAWING","3496","NA","8101","158","NA","NA","NA","NA","81004 _ (800) 943-8206","PUEBLO_2100 S FREEWAY","PinPt","Pin, Bus, FRS, NPDES","N","/CO/CFIandMolsonCoors_Copy.xlsx$CFI_MC_reformat, /CO/CO_Manufacture_Demands_Water.xlsx$Facility metadata, /CO/read_me.docx, Industrial_DataSummary_By_LEE.xlsx$WU_Industrial_table_SIC_NAICs, USEPA_HIFLD_EIA_PPP_facility_v6.csv"
"CO","WD","SW","IN","NA","EVRAZ ROCKY MOUNTAIN STEEL","EVRAZ PUEBLO","CFANDI","NA","NA",NA,"MINNEQUA CANAL AND ST CHARLES FLOOD DITCH",NA,"1200511 and 1500552",NA,"33122","3312 (SIC)","produces the finest steel products available, including rail, seamless pipe, rod and coiled reinforcing bar","NA","NA","NA",NA,NA,"NA",NA,"2100 S Freeway","Pueblo","NA","CO","81004","NA","Pueblo",NA,NA,NA,"NA","NA","NA",NA,2002,6030.3,5439.5,5626.2,5444.4,5467.9,5108,4768.3,5756.1,4890.2,4304,3937.8,2680.8,"acft","Estimated",NA,"NA","Estimated","TRUE",NA,"P_31251","CO0000621","DAVIS WIRE PUEBLO CORP.","2100 SOUTH FREEWAY","2100 S FREEWAY","UPDATED","PUEBLO","CO","PUEBLO","81004","GOOD","(800) 943-8206","38.2312708","-104.6122495","331222","STEEL WIRE DRAWING","3496","NA","8101","158","NA","NA","NA","NA","81004 _ (800) 943-8206","PUEBLO_2100 S FREEWAY","PinPt","Pin, Bus, FRS, NPDES","N","/CO/CFIandMolsonCoors_Copy.xlsx$CFI_MC_reformat, /CO/CO_Manufacture_Demands_Water.xlsx$Facility metadata, /CO/read_me.docx, Industrial_DataSummary_By_LEE.xlsx$WU_Industrial_table_SIC_NAICs, USEPA_HIFLD_EIA_PPP_facility_v6.csv"
"CO","WD","SW","IN","NA","EVRAZ ROCKY MOUNTAIN STEEL","EVRAZ PUEBLO","CFANDI","NA","NA",NA,"MINNEQUA CANAL AND ST CHARLES FLOOD DITCH",NA,"1200511 and 1500552",NA,"33122","3312 (SIC)","produces the finest steel products available, including rail, seamless pipe, rod and coiled reinforcing bar","NA","NA","NA",NA,NA,"NA",NA,"2100 S Freeway","Pueblo","NA","CO","81004","NA","Pueblo",NA,NA,NA,"NA","NA","NA",NA,2003,3379.9,3070.4,4427.4,6048.4,2371.8,5445.9,5693.9,6496.5,5636.8,4360,4637.3,3704,"acft","Estimated",NA,"NA","Estimated","TRUE",NA,"P_31251","CO0000621","DAVIS WIRE PUEBLO CORP.","2100 SOUTH FREEWAY","2100 S FREEWAY","UPDATED","PUEBLO","CO","PUEBLO","81004","GOOD","(800) 943-8206","38.2312708","-104.6122495","331222","STEEL WIRE DRAWING","3496","NA","8101","158","NA","NA","NA","NA","81004 _ (800) 943-8206","PUEBLO_2100 S FREEWAY","PinPt","Pin, Bus, FRS, NPDES","N","/CO/CFIandMolsonCoors_Copy.xlsx$CFI_MC_reformat, /CO/CO_Manufacture_Demands_Water.xlsx$Facility metadata, /CO/read_me.docx, Industrial_DataSummary_By_LEE.xlsx$WU_Industrial_table_SIC_NAICs, USEPA_HIFLD_EIA_PPP_facility_v6.csv"
"CO","WD","SW","IN","NA","EVRAZ ROCKY MOUNTAIN STEEL","EVRAZ PUEBLO","CFANDI","NA","NA",NA,"MINNEQUA CANAL AND ST CHARLES FLOOD DITCH",NA,"1200511 and 1500552",NA,"33122","3312 (SIC)","produces the finest steel products available, including rail, seamless pipe, rod and coiled reinforcing bar","NA","NA","NA",NA,NA,"NA",NA,"2100 S Freeway","Pueblo","NA","CO","81004","NA","Pueblo",NA,NA,NA,"NA","NA","NA",NA,2004,4217.6,2770.1,3357.8,4102.5,5484.8,6660.6,5606.7,4856.6,4514.5,4287.3,4997.1,3539.3,"acft","Estimated",NA,"NA","Estimated","TRUE",NA,"P_31251","CO0000621","DAVIS WIRE PUEBLO CORP.","2100 SOUTH FREEWAY","2100 S FREEWAY","UPDATED","PUEBLO","CO","PUEBLO","81004","GOOD","(800) 943-8206","38.2312708","-104.6122495","331222","STEEL WIRE DRAWING","3496","NA","8101","158","NA","NA","NA","NA","81004 _ (800) 943-8206","PUEBLO_2100 S FREEWAY","PinPt","Pin, Bus, FRS, NPDES","N","/CO/CFIandMolsonCoors_Copy.xlsx$CFI_MC_reformat, /CO/CO_Manufacture_Demands_Water.xlsx$Facility metadata, /CO/read_me.docx, Industrial_DataSummary_By_LEE.xlsx$WU_Industrial_table_SIC_NAICs, USEPA_HIFLD_EIA_PPP_facility_v6.csv"
"CO","WD","SW","IN","NA","EVRAZ ROCKY MOUNTAIN STEEL","EVRAZ PUEBLO","CFANDI","NA","NA",NA,"MINNEQUA CANAL AND ST CHARLES FLOOD DITCH",NA,"1200511 and 1500552",NA,"33122","3312 (SIC)","produces the finest steel products available, including rail, seamless pipe, rod and coiled reinforcing bar","NA","NA","NA",NA,NA,"NA",NA,"2100 S Freeway","Pueblo","NA","CO","81004","NA","Pueblo",NA,NA,NA,"NA","NA","NA",NA,2005,3578.7,2759.1,2194.3,3786.6,5029.7,5324.6,5431.2,5658.9,4084.2,3701.3,2866.6,3416.2,"acft","Estimated",NA,"NA","Estimated","TRUE",NA,"P_31251","CO0000621","DAVIS WIRE PUEBLO CORP.","2100 SOUTH FREEWAY","2100 S FREEWAY","UPDATED","PUEBLO","CO","PUEBLO","81004","GOOD","(800) 943-8206","38.2312708","-104.6122495","331222","STEEL WIRE DRAWING","3496","NA","8101","158","NA","NA","NA","NA","81004 _ (800) 943-8206","PUEBLO_2100 S FREEWAY","PinPt","Pin, Bus, FRS, NPDES","N","/CO/CFIandMolsonCoors_Copy.xlsx$CFI_MC_reformat, /CO/CO_Manufacture_Demands_Water.xlsx$Facility metadata, /CO/read_me.docx, Industrial_DataSummary_By_LEE.xlsx$WU_Industrial_table_SIC_NAICs, USEPA_HIFLD_EIA_PPP_facility_v6.csv"
"CO","WD","SW","IN","NA","EVRAZ ROCKY MOUNTAIN STEEL","EVRAZ PUEBLO","CFANDI","NA","NA",NA,"MINNEQUA CANAL AND ST CHARLES FLOOD DITCH",NA,"1200511 and 1500552",NA,"33122","3312 (SIC)","produces the finest steel products available, including rail, seamless pipe, rod and coiled reinforcing bar","NA","NA","NA",NA,NA,"NA",NA,"2100 S Freeway","Pueblo","NA","CO","81004","NA","Pueblo",NA,NA,NA,"NA","NA","NA",NA,2006,4432.9,3621.4,3696.2,3960.6,5300.6,5730.6,4615.3,5062.5,4890.4,4092,2813.2,3205.7,"acft","Estimated",NA,"NA","Estimated","TRUE",NA,"P_31251","CO0000621","DAVIS WIRE PUEBLO CORP.","2100 SOUTH FREEWAY","2100 S FREEWAY","UPDATED","PUEBLO","CO","PUEBLO","81004","GOOD","(800) 943-8206","38.2312708","-104.6122495","331222","STEEL WIRE DRAWING","3496","NA","8101","158","NA","NA","NA","NA","81004 _ (800) 943-8206","PUEBLO_2100 S FREEWAY","PinPt","Pin, Bus, FRS, NPDES","N","/CO/CFIandMolsonCoors_Copy.xlsx$CFI_MC_reformat, /CO/CO_Manufacture_Demands_Water.xlsx$Facility metadata, /CO/read_me.docx, Industrial_DataSummary_By_LEE.xlsx$WU_Industrial_table_SIC_NAICs, USEPA_HIFLD_EIA_PPP_facility_v6.csv"
"CO","WD","SW","IN","NA","EVRAZ ROCKY MOUNTAIN STEEL","EVRAZ PUEBLO","CFANDI","NA","NA",NA,"MINNEQUA CANAL AND ST CHARLES FLOOD DITCH",NA,"1200511 and 1500552",NA,"33122","3312 (SIC)","produces the finest steel products available, including rail, seamless pipe, rod and coiled reinforcing bar","NA","NA","NA",NA,NA,"NA",NA,"2100 S Freeway","Pueblo","NA","CO","81004","NA","Pueblo",NA,NA,NA,"NA","NA","NA",NA,2007,2926.6,3686.6,4426,2803.9,3029.6,3526.2,4233.9,3444.5,3185.4,3702.9,3784.9,4217.8,"acft","Estimated",NA,"NA","Estimated","TRUE",NA,"P_31251","CO0000621","DAVIS WIRE PUEBLO CORP.","2100 SOUTH FREEWAY","2100 S FREEWAY","UPDATED","PUEBLO","CO","PUEBLO","81004","GOOD","(800) 943-8206","38.2312708","-104.6122495","331222","STEEL WIRE DRAWING","3496","NA","8101","158","NA","NA","NA","NA","81004 _ (800) 943-8206","PUEBLO_2100 S FREEWAY","PinPt","Pin, Bus, FRS, NPDES","N","/CO/CFIandMolsonCoors_Copy.xlsx$CFI_MC_reformat, /CO/CO_Manufacture_Demands_Water.xlsx$Facility metadata, /CO/read_me.docx, Industrial_DataSummary_By_LEE.xlsx$WU_Industrial_table_SIC_NAICs, USEPA_HIFLD_EIA_PPP_facility_v6.csv"
"CO","WD","SW","IN","NA","EVRAZ ROCKY MOUNTAIN STEEL","EVRAZ PUEBLO","CFANDI","NA","NA",NA,"MINNEQUA CANAL AND ST CHARLES FLOOD DITCH",NA,"1200511 and 1500552",NA,"33122","3312 (SIC)","produces the finest steel products available, including rail, seamless pipe, rod and coiled reinforcing bar","NA","NA","NA",NA,NA,"NA",NA,"2100 S Freeway","Pueblo","NA","CO","81004","NA","Pueblo",NA,NA,NA,"NA","NA","NA",NA,2008,4443.6,4220.9,3850.7,4367.7,5104,4322.8,4485.3,4905,4791.1,5177.7,4301.3,3238.9,"acft","Estimated",NA,"NA","Estimated","TRUE",NA,"P_31251","CO0000621","DAVIS WIRE PUEBLO CORP.","2100 SOUTH FREEWAY","2100 S FREEWAY","UPDATED","PUEBLO","CO","PUEBLO","81004","GOOD","(800) 943-8206","38.2312708","-104.6122495","331222","STEEL WIRE DRAWING","3496","NA","8101","158","NA","NA","NA","NA","81004 _ (800) 943-8206","PUEBLO_2100 S FREEWAY","PinPt","Pin, Bus, FRS, NPDES","N","/CO/CFIandMolsonCoors_Copy.xlsx$CFI_MC_reformat, /CO/CO_Manufacture_Demands_Water.xlsx$Facility metadata, /CO/read_me.docx, Industrial_DataSummary_By_LEE.xlsx$WU_Industrial_table_SIC_NAICs, USEPA_HIFLD_EIA_PPP_facility_v6.csv"
"CO","WD","SW","IN","NA","EVRAZ ROCKY MOUNTAIN STEEL","EVRAZ PUEBLO","CFANDI","NA","NA",NA,"MINNEQUA CANAL AND ST CHARLES FLOOD DITCH",NA,"1200511 and 1500552",NA,"33122","3312 (SIC)","produces the finest steel products available, including rail, seamless pipe, rod and coiled reinforcing bar","NA","NA","NA",NA,NA,"NA",NA,"2100 S Freeway","Pueblo","NA","CO","81004","NA","Pueblo",NA,NA,NA,"NA","NA","NA",NA,2009,4096.5,3586.3,4117.1,3187.4,3964.2,4562.4,4277.7,4938.9,4629.9,4608.2,3762.6,3660.7,"acft","Estimated",NA,"NA","Estimated","TRUE",NA,"P_31251","CO0000621","DAVIS WIRE PUEBLO CORP.","2100 SOUTH FREEWAY","2100 S FREEWAY","UPDATED","PUEBLO","CO","PUEBLO","81004","GOOD","(800) 943-8206","38.2312708","-104.6122495","331222","STEEL WIRE DRAWING","3496","NA","8101","158","NA","NA","NA","NA","81004 _ (800) 943-8206","PUEBLO_2100 S FREEWAY","PinPt","Pin, Bus, FRS, NPDES","N","/CO/CFIandMolsonCoors_Copy.xlsx$CFI_MC_reformat, /CO/CO_Manufacture_Demands_Water.xlsx$Facility metadata, /CO/read_me.docx, Industrial_DataSummary_By_LEE.xlsx$WU_Industrial_table_SIC_NAICs, USEPA_HIFLD_EIA_PPP_facility_v6.csv"
"CO","WD","SW","IN","NA","EVRAZ ROCKY MOUNTAIN STEEL","EVRAZ PUEBLO","CFANDI","NA","NA",NA,"MINNEQUA CANAL AND ST CHARLES FLOOD DITCH",NA,"1200511 and 1500552",NA,"33122","3312 (SIC)","produces the finest steel products available, including rail, seamless pipe, rod and coiled reinforcing bar","NA","NA","NA",NA,NA,"NA",NA,"2100 S Freeway","Pueblo","NA","CO","81004","NA","Pueblo",NA,NA,NA,"NA","NA","NA",NA,2010,4131.3,3018.9,3677.5,3249.6,3317.6,3634,4429.9,3175,3449.9,3787.7,4859.4,4353.6,"acft","Estimated",NA,"NA","Estimated","TRUE",NA,"P_31251","CO0000621","DAVIS WIRE PUEBLO CORP.","2100 SOUTH FREEWAY","2100 S FREEWAY","UPDATED","PUEBLO","CO","PUEBLO","81004","GOOD","(800) 943-8206","38.2312708","-104.6122495","331222","STEEL WIRE DRAWING","3496","NA","8101","158","NA","NA","NA","NA","81004 _ (800) 943-8206","PUEBLO_2100 S FREEWAY","PinPt","Pin, Bus, FRS, NPDES","N","/CO/CFIandMolsonCoors_Copy.xlsx$CFI_MC_reformat, /CO/CO_Manufacture_Demands_Water.xlsx$Facility metadata, /CO/read_me.docx, Industrial_DataSummary_By_LEE.xlsx$WU_Industrial_table_SIC_NAICs, USEPA_HIFLD_EIA_PPP_facility_v6.csv"
"CO","WD","SW","IN","NA","EVRAZ ROCKY MOUNTAIN STEEL","EVRAZ PUEBLO","CFANDI","NA","NA",NA,"MINNEQUA CANAL AND ST CHARLES FLOOD DITCH",NA,"1200511 and 1500552",NA,"33122","3312 (SIC)","produces the finest steel products available, including rail, seamless pipe, rod and coiled reinforcing bar","NA","NA","NA",NA,NA,"NA",NA,"2100 S Freeway","Pueblo","NA","CO","81004","NA","Pueblo",NA,NA,NA,"NA","NA","NA",NA,2011,4164.4,3040.2,3972.4,4155.9,4460.8,4539,4997,5095.7,4663.8,4689.8,5970.3,4584.8,"acft","Estimated",NA,"NA","Estimated","TRUE",NA,"P_31251","CO0000621","DAVIS WIRE PUEBLO CORP.","2100 SOUTH FREEWAY","2100 S FREEWAY","UPDATED","PUEBLO","CO","PUEBLO","81004","GOOD","(800) 943-8206","38.2312708","-104.6122495","331222","STEEL WIRE DRAWING","3496","NA","8101","158","NA","NA","NA","NA","81004 _ (800) 943-8206","PUEBLO_2100 S FREEWAY","PinPt","Pin, Bus, FRS, NPDES","N","/CO/CFIandMolsonCoors_Copy.xlsx$CFI_MC_reformat, /CO/CO_Manufacture_Demands_Water.xlsx$Facility metadata, /CO/read_me.docx, Industrial_DataSummary_By_LEE.xlsx$WU_Industrial_table_SIC_NAICs, USEPA_HIFLD_EIA_PPP_facility_v6.csv"
"CO","WD","SW","IN","NA","EVRAZ ROCKY MOUNTAIN STEEL","EVRAZ PUEBLO","CFANDI","NA","NA",NA,"MINNEQUA CANAL AND ST CHARLES FLOOD DITCH",NA,"1200511 and 1500552",NA,"33122","3312 (SIC)","produces the finest steel products available, including rail, seamless pipe, rod and coiled reinforcing bar","NA","NA","NA",NA,NA,"NA",NA,"2100 S Freeway","Pueblo","NA","CO","81004","NA","Pueblo",NA,NA,NA,"NA","NA","NA",NA,2012,4596.2,2680.1,4114.4,4483.2,4831.7,4653,4709.8,4806.3,4719.8,5018.9,5644.6,4660.3,"acft","Estimated",NA,"NA","Estimated","TRUE",NA,"P_31251","CO0000621","DAVIS WIRE PUEBLO CORP.","2100 SOUTH FREEWAY","2100 S FREEWAY","UPDATED","PUEBLO","CO","PUEBLO","81004","GOOD","(800) 943-8206","38.2312708","-104.6122495","331222","STEEL WIRE DRAWING","3496","NA","8101","158","NA","NA","NA","NA","81004 _ (800) 943-8206","PUEBLO_2100 S FREEWAY","PinPt","Pin, Bus, FRS, NPDES","N","/CO/CFIandMolsonCoors_Copy.xlsx$CFI_MC_reformat, /CO/CO_Manufacture_Demands_Water.xlsx$Facility metadata, /CO/read_me.docx, Industrial_DataSummary_By_LEE.xlsx$WU_Industrial_table_SIC_NAICs, USEPA_HIFLD_EIA_PPP_facility_v6.csv"
"CO","WD","SW","IN","NA","EVRAZ ROCKY MOUNTAIN STEEL","EVRAZ PUEBLO","CFANDI","NA","NA",NA,"MINNEQUA CANAL AND ST CHARLES FLOOD DITCH",NA,"1200511 and 1500552",NA,"33122","3312 (SIC)","produces the finest steel products available, including rail, seamless pipe, rod and coiled reinforcing bar","NA","NA","NA",NA,NA,"NA",NA,"2100 S Freeway","Pueblo","NA","CO","81004","NA","Pueblo",NA,NA,NA,"NA","NA","NA",NA,2013,3425.3,4074.6,4353.4,4100.9,3714.6,4118.1,5208.4,4859.6,4419.8,4363.3,4247.4,5089.4,"acft","Estimated",NA,"NA","Estimated","TRUE",NA,"P_31251","CO0000621","DAVIS WIRE PUEBLO CORP.","2100 SOUTH FREEWAY","2100 S FREEWAY","UPDATED","PUEBLO","CO","PUEBLO","81004","GOOD","(800) 943-8206","38.2312708","-104.6122495","331222","STEEL WIRE DRAWING","3496","NA","8101","158","NA","NA","NA","NA","81004 _ (800) 943-8206","PUEBLO_2100 S FREEWAY","PinPt","Pin, Bus, FRS, NPDES","N","/CO/CFIandMolsonCoors_Copy.xlsx$CFI_MC_reformat, /CO/CO_Manufacture_Demands_Water.xlsx$Facility metadata, /CO/read_me.docx, Industrial_DataSummary_By_LEE.xlsx$WU_Industrial_table_SIC_NAICs, USEPA_HIFLD_EIA_PPP_facility_v6.csv"
"CO","WD","SW","IN","NA","EVRAZ ROCKY MOUNTAIN STEEL","EVRAZ PUEBLO","CFANDI","NA","NA",NA,"MINNEQUA CANAL AND ST CHARLES FLOOD DITCH",NA,"1200511 and 1500552",NA,"33122","3312 (SIC)","produces the finest steel products available, including rail, seamless pipe, rod and coiled reinforcing bar","NA","NA","NA",NA,NA,"NA",NA,"2100 S Freeway","Pueblo","NA","CO","81004","NA","Pueblo",NA,NA,NA,"NA","NA","NA",NA,2014,5275.2,3858.8,4008.8,3508.1,4412.9,4264.6,5078.4,4110.4,4402.7,4451,3734.8,3290.1,"acft","Estimated",NA,"NA","Estimated","TRUE",NA,"P_31251","CO0000621","DAVIS WIRE PUEBLO CORP.","2100 SOUTH FREEWAY","2100 S FREEWAY","UPDATED","PUEBLO","CO","PUEBLO","81004","GOOD","(800) 943-8206","38.2312708","-104.6122495","331222","STEEL WIRE DRAWING","3496","NA","8101","158","NA","NA","NA","NA","81004 _ (800) 943-8206","PUEBLO_2100 S FREEWAY","PinPt","Pin, Bus, FRS, NPDES","N","/CO/CFIandMolsonCoors_Copy.xlsx$CFI_MC_reformat, /CO/CO_Manufacture_Demands_Water.xlsx$Facility metadata, /CO/read_me.docx, Industrial_DataSummary_By_LEE.xlsx$WU_Industrial_table_SIC_NAICs, USEPA_HIFLD_EIA_PPP_facility_v6.csv"
"CO","WD","SW","IN","NA","EVRAZ ROCKY MOUNTAIN STEEL","EVRAZ PUEBLO","CFANDI","NA","NA",NA,"MINNEQUA CANAL AND ST CHARLES FLOOD DITCH",NA,"1200511 and 1500552",NA,"33122","3312 (SIC)","produces the finest steel products available, including rail, seamless pipe, rod and coiled reinforcing bar","NA","NA","NA",NA,NA,"NA",NA,"2100 S Freeway","Pueblo","NA","CO","81004","NA","Pueblo",NA,NA,NA,"NA","NA","NA",NA,2015,3294.3,3016,2885.4,3527.7,2531.3,3130.1,3975,4328.5,4469.3,4116.9,3361,3186.6,"acft","Estimated",NA,"NA","Estimated","TRUE",NA,"P_31251","CO0000621","DAVIS WIRE PUEBLO CORP.","2100 SOUTH FREEWAY","2100 S FREEWAY","UPDATED","PUEBLO","CO","PUEBLO","81004","GOOD","(800) 943-8206","38.2312708","-104.6122495","331222","STEEL WIRE DRAWING","3496","NA","8101","158","NA","NA","NA","NA","81004 _ (800) 943-8206","PUEBLO_2100 S FREEWAY","PinPt","Pin, Bus, FRS, NPDES","N","/CO/CFIandMolsonCoors_Copy.xlsx$CFI_MC_reformat, /CO/CO_Manufacture_Demands_Water.xlsx$Facility metadata, /CO/read_me.docx, Industrial_DataSummary_By_LEE.xlsx$WU_Industrial_table_SIC_NAICs, USEPA_HIFLD_EIA_PPP_facility_v6.csv"
"CO","WD","SW","IN","NA","EVRAZ ROCKY MOUNTAIN STEEL","EVRAZ PUEBLO","CFANDI","NA","NA",NA,"MINNEQUA CANAL AND ST CHARLES FLOOD DITCH",NA,"1200511 and 1500552",NA,"33122","3312 (SIC)","produces the finest steel products available, including rail, seamless pipe, rod and coiled reinforcing bar","NA","NA","NA",NA,NA,"NA",NA,"2100 S Freeway","Pueblo","NA","CO","81004","NA","Pueblo",NA,NA,NA,"NA","NA","NA",NA,2016,4300.8,3449.9,3686.9,3080.7,3063,3731.1,4429.6,2669.8,4855.9,5299.5,5271.2,4230.7,"acft","Estimated",NA,"NA","Estimated","TRUE",NA,"P_31251","CO0000621","DAVIS WIRE PUEBLO CORP.","2100 SOUTH FREEWAY","2100 S FREEWAY","UPDATED","PUEBLO","CO","PUEBLO","81004","GOOD","(800) 943-8206","38.2312708","-104.6122495","331222","STEEL WIRE DRAWING","3496","NA","8101","158","NA","NA","NA","NA","81004 _ (800) 943-8206","PUEBLO_2100 S FREEWAY","PinPt","Pin, Bus, FRS, NPDES","N","/CO/CFIandMolsonCoors_Copy.xlsx$CFI_MC_reformat, /CO/CO_Manufacture_Demands_Water.xlsx$Facility metadata, /CO/read_me.docx, Industrial_DataSummary_By_LEE.xlsx$WU_Industrial_table_SIC_NAICs, USEPA_HIFLD_EIA_PPP_facility_v6.csv"
"CO","WD","SW","IN","NA","EVRAZ ROCKY MOUNTAIN STEEL","EVRAZ PUEBLO","CFANDI","NA","NA",NA,"MINNEQUA CANAL AND ST CHARLES FLOOD DITCH",NA,"1200511 and 1500552",NA,"33122","3312 (SIC)","produces the finest steel products available, including rail, seamless pipe, rod and coiled reinforcing bar","NA","NA","NA",NA,NA,"NA",NA,"2100 S Freeway","Pueblo","NA","CO","81004","NA","Pueblo",NA,NA,NA,"NA","NA","NA",NA,2017,3995.6,3731.2,3824.9,3541.5,4552,4169.1,4410.5,4689.4,3958.5,3864.1,4067,4322.7,"acft","Estimated",NA,"NA","Estimated","TRUE",NA,"P_31251","CO0000621","DAVIS WIRE PUEBLO CORP.","2100 SOUTH FREEWAY","2100 S FREEWAY","UPDATED","PUEBLO","CO","PUEBLO","81004","GOOD","(800) 943-8206","38.2312708","-104.6122495","331222","STEEL WIRE DRAWING","3496","NA","8101","158","NA","NA","NA","NA","81004 _ (800) 943-8206","PUEBLO_2100 S FREEWAY","PinPt","Pin, Bus, FRS, NPDES","N","/CO/CFIandMolsonCoors_Copy.xlsx$CFI_MC_reformat, /CO/CO_Manufacture_Demands_Water.xlsx$Facility metadata, /CO/read_me.docx, Industrial_DataSummary_By_LEE.xlsx$WU_Industrial_table_SIC_NAICs, USEPA_HIFLD_EIA_PPP_facility_v6.csv"
"CO","WD","SW","IN","NA","EVRAZ ROCKY MOUNTAIN STEEL","EVRAZ PUEBLO","CFANDI","NA","NA",NA,"MINNEQUA CANAL AND ST CHARLES FLOOD DITCH",NA,"1200511 and 1500552",NA,"33122","3312 (SIC)","produces the finest steel products available, including rail, seamless pipe, rod and coiled reinforcing bar","NA","NA","NA",NA,NA,"NA",NA,"2100 S Freeway","Pueblo","NA","CO","81004","NA","Pueblo",NA,NA,NA,"NA","NA","NA",NA,2018,3979.8,3964.5,4145.3,4174.5,4652,4629.8,4721.9,5065.4,4551.7,5214.2,4233.06666666667,3913.33333333333,"acft","Estimated",NA,"NA","Estimated","TRUE",NA,"P_31251","CO0000621","DAVIS WIRE PUEBLO CORP.","2100 SOUTH FREEWAY","2100 S FREEWAY","UPDATED","PUEBLO","CO","PUEBLO","81004","GOOD","(800) 943-8206","38.2312708","-104.6122495","331222","STEEL WIRE DRAWING","3496","NA","8101","158","NA","NA","NA","NA","81004 _ (800) 943-8206","PUEBLO_2100 S FREEWAY","PinPt","Pin, Bus, FRS, NPDES","N","/CO/CFIandMolsonCoors_Copy.xlsx$CFI_MC_reformat, /CO/CO_Manufacture_Demands_Water.xlsx$Facility metadata, /CO/read_me.docx, Industrial_DataSummary_By_LEE.xlsx$WU_Industrial_table_SIC_NAICs, USEPA_HIFLD_EIA_PPP_facility_v6.csv"
"CO","WD","SW","IN","NA","EVRAZ ROCKY MOUNTAIN STEEL","EVRAZ PUEBLO","CFANDI","NA","NA",NA,"MINNEQUA CANAL AND ST CHARLES FLOOD DITCH",NA,"1200511 and 1500552",NA,"33122","3312 (SIC)","produces the finest steel products available, including rail, seamless pipe, rod and coiled reinforcing bar","NA","NA","NA",NA,NA,"NA",NA,"2100 S Freeway","Pueblo","NA","CO","81004","NA","Pueblo",NA,NA,NA,"NA","NA","NA",NA,2018,3979.8,3964.5,4145.3,4174.5,4652,4629.8,4721.9,5065.4,4551.7,5214.2,4233.06666666667,NA,"acft","Estimated",NA,"NA","Estimated","TRUE",NA,"P_31251","CO0000621","DAVIS WIRE PUEBLO CORP.","2100 SOUTH FREEWAY","2100 S FREEWAY","UPDATED","PUEBLO","CO","PUEBLO","81004","GOOD","(800) 943-8206","38.2312708","-104.6122495","331222","STEEL WIRE DRAWING","3496","NA","8101","158","NA","NA","NA","NA","81004 _ (800) 943-8206","PUEBLO_2100 S FREEWAY","PinPt","Pin, Bus, FRS, NPDES","N","/CO/CFIandMolsonCoors_Copy.xlsx$CFI_MC_reformat, /CO/CO_Manufacture_Demands_Water.xlsx$Facility metadata, /CO/read_me.docx, Industrial_DataSummary_By_LEE.xlsx$WU_Industrial_table_SIC_NAICs, USEPA_HIFLD_EIA_PPP_facility_v6.csv"
"CO","WD","SW","IN","NA","EVRAZ ROCKY MOUNTAIN STEEL","EVRAZ PUEBLO","CFANDI","NA","NA",NA,"MINNEQUA CANAL AND ST CHARLES FLOOD DITCH",NA,"1200511 and 1500553",NA,"33122","3312 (SIC)","produces the finest steel products available, including rail, seamless pipe, rod and coiled reinforcing bar","NA","NA","NA",NA,NA,"NA",NA,"2100 S Freeway","Pueblo","NA","CO","81004","NA","Pueblo",NA,NA,NA,"NA","NA","NA",NA,2018,3979.8,3964.5,4145.3,4174.5,4652,4629.8,4721.9,5065.4,4551.7,5214.2,4233.06666666667,3913.33333333333,"acft","Estimated",NA,"NA","Estimated","TRUE",NA,"P_31251","CO0000621","DAVIS WIRE PUEBLO CORP.","2100 SOUTH FREEWAY","2100 S FREEWAY","UPDATED","PUEBLO","CO","PUEBLO","81004","GOOD","(800) 943-8206","38.2312708","-104.6122495","331222","STEEL WIRE DRAWING","3496","NA","8101","158","NA","NA","NA","NA","81004 _ (800) 943-8206","PUEBLO_2100 S FREEWAY","PinPt","Pin, Bus, FRS, NPDES","N","/CO/CFIandMolsonCoors_Copy.xlsx$CFI_MC_reformat, /CO/CO_Manufacture_Demands_Water.xlsx$Facility metadata, /CO/read_me.docx, Industrial_DataSummary_By_LEE.xlsx$WU_Industrial_table_SIC_NAICs, USEPA_HIFLD_EIA_PPP_facility_v6.csv"
"CO","WD","SW","IN","NA","EVRAZ ROCKY MOUNTAIN STEEL","EVRAZ PUEBLO","CFANDI","NA","NA",NA,"MINNEQUA CANAL AND ST CHARLES FLOOD DITCH",NA,"1200511 and 1500553",NA,"33122","3312 (SIC)","produces the finest steel products available, including rail, seamless pipe, rod and coiled reinforcing bar","NA","NA","NA",NA,NA,"NA",NA,"2100 S Freeway","Pueblo","NA","CO","81004","NA","Pueblo",NA,NA,NA,"NA","NA","NA",NA,2018,NA,NA,NA,NA,NA,NA,NA,NA,NA,NA,NA,3913.33333333333,"acft","Estimated",NA,"NA","Estimated","TRUE",NA,"P_31251","CO0000621","DAVIS WIRE PUEBLO CORP.","2100 SOUTH FREEWAY","2100 S FREEWAY","UPDATED","PUEBLO","CO","PUEBLO","81004","GOOD","(800) 943-8206","38.2312708","-104.6122495","331222","STEEL WIRE DRAWING","3496","NA","8101","158","NA","NA","NA","NA","81004 _ (800) 943-8206","PUEBLO_2100 S FREEWAY","PinPt","Pin, Bus, FRS, NPDES","N","/CO/CFIandMolsonCoors_Copy.xlsx$CFI_MC_reformat, /CO/CO_Manufacture_Demands_Water.xlsx$Facility metadata, /CO/read_me.docx, Industrial_DataSummary_By_LEE.xlsx$WU_Industrial_table_SIC_NAICs, USEPA_HIFLD_EIA_PPP_facility_v6.csv"
"CO","WD","NA","IN","NA","LEPRINO FOODS","LEPRINO FOODS GREELEY","LEPRINO FOODS COMPANY GREELEY PLANT","NA","NA",NA,"NA",NA,"NA",NA,"31151","2022 1799 (WWTP)","NA","NA","NA","NA",NA,NA,"NA",NA,"1302 1st Avenue","Greeley","NA","CO","80631","NA","Greeley",NA,NA,NA,"NA","NA","NA",NA,NA,NA,NA,NA,NA,NA,NA,NA,NA,NA,NA,NA,NA,"NA","Estimated",NA,"NA","Estimated","TRUE",NA,"E_110000467557","COG073813","LEPRINO FOODS COMPANY - GREELEY PLANT","1302 1ST AVENUE","1302 1ST AVENUE","OK","GREELEY","CO","WELD","80631-4276","DIFF","(303) 480-2600","40.416952","-104.675853","311513","CHEESE MANUFACTURING.","NA","NA","NA","NA","NA","NA","NA","NA","80631 _ (303) 480-2600","GREELEY_1302 1ST AVENUE","FRS","FRS, NPDES","N","/CO/CO_Manufacture_Demands_Water.xlsx$Facility metadata, /CO/read_me.docx, Industrial_DataSummary_By_LEE.xlsx$WU_Industrial_table_SIC_NAICs, USEPA_HIFLD_EIA_PPP_facility_v6.csv"
"CO","WD","SW","IN","NA","MOLSON COORS","MOLSON COORS GOLDEN","MOLSON COORS BREWING COMPANY","NA","NA",NA,"CLEAR CREEK",NA,"NA",NA,"312120","312120","industrial cooling purposes at the facility","NA","NA","NA",NA,NA,"NA",NA,"311 10th St","Golden","NA","CO","80401","NA","Golden",NA,NA,NA,"NA","NA","NA",NA,2012,NA,NA,NA,NA,NA,NA,NA,NA,NA,NA,NA,1062,"acft","Estimated",NA,"NA","Estimated","TRUE",NA,"P_31287 _OR_ B_229001","NA","MOLSON COORS BREWING CO. _OR_ Molson Coors Brewing Co","311 10TH STREET _OR_ 311 10TH ST","311 10TH ST","UPDATED _OR_ OK","GOLDEN","CO","JEFFERSON","80401","GOOD","(303) 279-6565","39.7597723 _OR_ 39.7574","-105.218605 _OR_ -105.218978","312120 _OR_ 3399","BREWERIES _OR_ Other Miscellaneous Manufacturing","2082 _OR_ NA","NA","8059","300 _OR_ NA","NA","NA","NA","NA","80401 _ (303) 279-6565","GOLDEN_311 10TH ST","PinPt _OR_ BusPt","Pin, Bus _OR_ Bus","N","/CO/CFIandMolsonCoors_Copy.xlsx$CFI_MC_reformat, /CO/CO_Manufacture_Demands_Water.xlsx$Facility metadata, /CO/read_me.docx, Industrial_DataSummary_By_LEE.xlsx$WU_Industrial_table_SIC_NAICs, USEPA_HIFLD_EIA_PPP_facility_v6.csv"
"CO","WD","GW","IN","NA","MOLSON COORS","MOLSON COORS GOLDEN","MOLSON COORS BREWING COMPANY","NA","NA",NA,"COORS A","LOCAL SPRINGS","NA",NA,"312120","312120","brewing washing demand","NA","NA","NA",NA,NA,"NA",NA,"311 10th St","Golden","NA","CO","80401","NA","Golden",NA,NA,NA,"NA","NA","NA",NA,2000,231,216,231,223,231,223,231,231,223,231,223,231,"acft","Estimated",NA,"NA","Estimated","TRUE",NA,"P_31287 _OR_ B_229001","NA","MOLSON COORS BREWING CO. _OR_ Molson Coors Brewing Co","311 10TH STREET _OR_ 311 10TH ST","311 10TH ST","UPDATED _OR_ OK","GOLDEN","CO","JEFFERSON","80401","GOOD","(303) 279-6565","39.7597723 _OR_ 39.7574","-105.218605 _OR_ -105.218978","312120 _OR_ 3399","BREWERIES _OR_ Other Miscellaneous Manufacturing","2082 _OR_ NA","NA","8059","300 _OR_ NA","NA","NA","NA","NA","80401 _ (303) 279-6565","GOLDEN_311 10TH ST","PinPt _OR_ BusPt","Pin, Bus _OR_ Bus","N","/CO/CFIandMolsonCoors_Copy.xlsx$CFI_MC_reformat, /CO/CO_Manufacture_Demands_Water.xlsx$Facility metadata, /CO/read_me.docx, Industrial_DataSummary_By_LEE.xlsx$WU_Industrial_table_SIC_NAICs, USEPA_HIFLD_EIA_PPP_facility_v6.csv"
"CO","WD","GW","IN","NA","MOLSON COORS","MOLSON COORS GOLDEN","MOLSON COORS BREWING COMPANY","NA","NA",NA,"COORS A","LOCAL SPRINGS","NA",NA,"312120","312120","brewing washing demand","NA","NA","NA",NA,NA,"NA",NA,"311 10th St","Golden","NA","CO","80401","NA","Golden",NA,NA,NA,"NA","NA","NA",NA,2001,231,208,231,223,231,223,231,231,223,231,223,231,"acft","Estimated",NA,"NA","Estimated","TRUE",NA,"P_31287 _OR_ B_229001","NA","MOLSON COORS BREWING CO. _OR_ Molson Coors Brewing Co","311 10TH STREET _OR_ 311 10TH ST","311 10TH ST","UPDATED _OR_ OK","GOLDEN","CO","JEFFERSON","80401","GOOD","(303) 279-6565","39.7597723 _OR_ 39.7574","-105.218605 _OR_ -105.218978","312120 _OR_ 3399","BREWERIES _OR_ Other Miscellaneous Manufacturing","2082 _OR_ NA","NA","8059","300 _OR_ NA","NA","NA","NA","NA","80401 _ (303) 279-6565","GOLDEN_311 10TH ST","PinPt _OR_ BusPt","Pin, Bus _OR_ Bus","N","/CO/CFIandMolsonCoors_Copy.xlsx$CFI_MC_reformat, /CO/CO_Manufacture_Demands_Water.xlsx$Facility metadata, /CO/read_me.docx, Industrial_DataSummary_By_LEE.xlsx$WU_Industrial_table_SIC_NAICs, USEPA_HIFLD_EIA_PPP_facility_v6.csv"
"CO","WD","GW","IN","NA","MOLSON COORS","MOLSON COORS GOLDEN","MOLSON COORS BREWING COMPANY","NA","NA",NA,"COORS A","LOCAL SPRINGS","NA",NA,"312120","312120","brewing washing demand","NA","NA","NA",NA,NA,"NA",NA,"311 10th St","Golden","NA","CO","80401","NA","Golden",NA,NA,NA,"NA","NA","NA",NA,2002,231,208,231,223,231,223,231,231,223,231,223,231,"acft","Estimated",NA,"NA","Estimated","TRUE",NA,"P_31287 _OR_ B_229001","NA","MOLSON COORS BREWING CO. _OR_ Molson Coors Brewing Co","311 10TH STREET _OR_ 311 10TH ST","311 10TH ST","UPDATED _OR_ OK","GOLDEN","CO","JEFFERSON","80401","GOOD","(303) 279-6565","39.7597723 _OR_ 39.7574","-105.218605 _OR_ -105.218978","312120 _OR_ 3399","BREWERIES _OR_ Other Miscellaneous Manufacturing","2082 _OR_ NA","NA","8059","300 _OR_ NA","NA","NA","NA","NA","80401 _ (303) 279-6565","GOLDEN_311 10TH ST","PinPt _OR_ BusPt","Pin, Bus _OR_ Bus","N","/CO/CFIandMolsonCoors_Copy.xlsx$CFI_MC_reformat, /CO/CO_Manufacture_Demands_Water.xlsx$Facility metadata, /CO/read_me.docx, Industrial_DataSummary_By_LEE.xlsx$WU_Industrial_table_SIC_NAICs, USEPA_HIFLD_EIA_PPP_facility_v6.csv"
"CO","WD","GW","IN","NA","MOLSON COORS","MOLSON COORS GOLDEN","MOLSON COORS BREWING COMPANY","NA","NA",NA,"COORS A","LOCAL SPRINGS","NA",NA,"312120","312120","brewing washing demand","NA","NA","NA",NA,NA,"NA",NA,"311 10th St","Golden","NA","CO","80401","NA","Golden",NA,NA,NA,"NA","NA","NA",NA,2003,231,208,231,223,231,223,231,231,223,231,223,231,"acft","Estimated",NA,"NA","Estimated","TRUE",NA,"P_31287 _OR_ B_229001","NA","MOLSON COORS BREWING CO. _OR_ Molson Coors Brewing Co","311 10TH STREET _OR_ 311 10TH ST","311 10TH ST","UPDATED _OR_ OK","GOLDEN","CO","JEFFERSON","80401","GOOD","(303) 279-6565","39.7597723 _OR_ 39.7574","-105.218605 _OR_ -105.218978","312120 _OR_ 3399","BREWERIES _OR_ Other Miscellaneous Manufacturing","2082 _OR_ NA","NA","8059","300 _OR_ NA","NA","NA","NA","NA","80401 _ (303) 279-6565","GOLDEN_311 10TH ST","PinPt _OR_ BusPt","Pin, Bus _OR_ Bus","N","/CO/CFIandMolsonCoors_Copy.xlsx$CFI_MC_reformat, /CO/CO_Manufacture_Demands_Water.xlsx$Facility metadata, /CO/read_me.docx, Industrial_DataSummary_By_LEE.xlsx$WU_Industrial_table_SIC_NAICs, USEPA_HIFLD_EIA_PPP_facility_v6.csv"
"CO","WD","GW","IN","NA","MOLSON COORS","MOLSON COORS GOLDEN","MOLSON COORS BREWING COMPANY","NA","NA",NA,"COORS A","LOCAL SPRINGS","NA",NA,"312120","312120","brewing washing demand","NA","NA","NA",NA,NA,"NA",NA,"311 10th St","Golden","NA","CO","80401","NA","Golden",NA,NA,NA,"NA","NA","NA",NA,2004,231,216,231,223,231,223,231,231,223,231,223,231,"acft","Estimated",NA,"NA","Estimated","TRUE",NA,"P_31287 _OR_ B_229001","NA","MOLSON COORS BREWING CO. _OR_ Molson Coors Brewing Co","311 10TH STREET _OR_ 311 10TH ST","311 10TH ST","UPDATED _OR_ OK","GOLDEN","CO","JEFFERSON","80401","GOOD","(303) 279-6565","39.7597723 _OR_ 39.7574","-105.218605 _OR_ -105.218978","312120 _OR_ 3399","BREWERIES _OR_ Other Miscellaneous Manufacturing","2082 _OR_ NA","NA","8059","300 _OR_ NA","NA","NA","NA","NA","80401 _ (303) 279-6565","GOLDEN_311 10TH ST","PinPt _OR_ BusPt","Pin, Bus _OR_ Bus","N","/CO/CFIandMolsonCoors_Copy.xlsx$CFI_MC_reformat, /CO/CO_Manufacture_Demands_Water.xlsx$Facility metadata, /CO/read_me.docx, Industrial_DataSummary_By_LEE.xlsx$WU_Industrial_table_SIC_NAICs, USEPA_HIFLD_EIA_PPP_facility_v6.csv"
"CO","WD","GW","IN","NA","MOLSON COORS","MOLSON COORS GOLDEN","MOLSON COORS BREWING COMPANY","NA","NA",NA,"COORS A","LOCAL SPRINGS","NA",NA,"312120","312120","brewing washing demand","NA","NA","NA",NA,NA,"NA",NA,"311 10th St","Golden","NA","CO","80401","NA","Golden",NA,NA,NA,"NA","NA","NA",NA,2005,231,208,231,223,231,223,231,231,223,231,223,231,"acft","Estimated",NA,"NA","Estimated","TRUE",NA,"P_31287 _OR_ B_229001","NA","MOLSON COORS BREWING CO. _OR_ Molson Coors Brewing Co","311 10TH STREET _OR_ 311 10TH ST","311 10TH ST","UPDATED _OR_ OK","GOLDEN","CO","JEFFERSON","80401","GOOD","(303) 279-6565","39.7597723 _OR_ 39.7574","-105.218605 _OR_ -105.218978","312120 _OR_ 3399","BREWERIES _OR_ Other Miscellaneous Manufacturing","2082 _OR_ NA","NA","8059","300 _OR_ NA","NA","NA","NA","NA","80401 _ (303) 279-6565","GOLDEN_311 10TH ST","PinPt _OR_ BusPt","Pin, Bus _OR_ Bus","N","/CO/CFIandMolsonCoors_Copy.xlsx$CFI_MC_reformat, /CO/CO_Manufacture_Demands_Water.xlsx$Facility metadata, /CO/read_me.docx, Industrial_DataSummary_By_LEE.xlsx$WU_Industrial_table_SIC_NAICs, USEPA_HIFLD_EIA_PPP_facility_v6.csv"
"CO","WD","GW","IN","NA","MOLSON COORS","MOLSON COORS GOLDEN","MOLSON COORS BREWING COMPANY","NA","NA",NA,"COORS A","LOCAL SPRINGS","NA",NA,"312120","312120","brewing washing demand","NA","NA","NA",NA,NA,"NA",NA,"311 10th St","Golden","NA","CO","80401","NA","Golden",NA,NA,NA,"NA","NA","NA",NA,2006,231,208,231,223,231,223,231,231,223,231,223,231,"acft","Estimated",NA,"NA","Estimated","TRUE",NA,"P_31287 _OR_ B_229001","NA","MOLSON COORS BREWING CO. _OR_ Molson Coors Brewing Co","311 10TH STREET _OR_ 311 10TH ST","311 10TH ST","UPDATED _OR_ OK","GOLDEN","CO","JEFFERSON","80401","GOOD","(303) 279-6565","39.7597723 _OR_ 39.7574","-105.218605 _OR_ -105.218978","312120 _OR_ 3399","BREWERIES _OR_ Other Miscellaneous Manufacturing","2082 _OR_ NA","NA","8059","300 _OR_ NA","NA","NA","NA","NA","80401 _ (303) 279-6565","GOLDEN_311 10TH ST","PinPt _OR_ BusPt","Pin, Bus _OR_ Bus","N","/CO/CFIandMolsonCoors_Copy.xlsx$CFI_MC_reformat, /CO/CO_Manufacture_Demands_Water.xlsx$Facility metadata, /CO/read_me.docx, Industrial_DataSummary_By_LEE.xlsx$WU_Industrial_table_SIC_NAICs, USEPA_HIFLD_EIA_PPP_facility_v6.csv"
"CO","WD","GW","IN","NA","MOLSON COORS","MOLSON COORS GOLDEN","MOLSON COORS BREWING COMPANY","NA","NA",NA,"COORS A","LOCAL SPRINGS","NA",NA,"312120","312120","brewing washing demand","NA","NA","NA",NA,NA,"NA",NA,"311 10th St","Golden","NA","CO","80401","NA","Golden",NA,NA,NA,"NA","NA","NA",NA,2007,231,208,231,223,231,223,231,231,223,231,223,231,"acft","Estimated",NA,"NA","Estimated","TRUE",NA,"P_31287 _OR_ B_229001","NA","MOLSON COORS BREWING CO. _OR_ Molson Coors Brewing Co","311 10TH STREET _OR_ 311 10TH ST","311 10TH ST","UPDATED _OR_ OK","GOLDEN","CO","JEFFERSON","80401","GOOD","(303) 279-6565","39.7597723 _OR_ 39.7574","-105.218605 _OR_ -105.218978","312120 _OR_ 3399","BREWERIES _OR_ Other Miscellaneous Manufacturing","2082 _OR_ NA","NA","8059","300 _OR_ NA","NA","NA","NA","NA","80401 _ (303) 279-6565","GOLDEN_311 10TH ST","PinPt _OR_ BusPt","Pin, Bus _OR_ Bus","N","/CO/CFIandMolsonCoors_Copy.xlsx$CFI_MC_reformat, /CO/CO_Manufacture_Demands_Water.xlsx$Facility metadata, /CO/read_me.docx, Industrial_DataSummary_By_LEE.xlsx$WU_Industrial_table_SIC_NAICs, USEPA_HIFLD_EIA_PPP_facility_v6.csv"
"CO","WD","GW","IN","NA","MOLSON COORS","MOLSON COORS GOLDEN","MOLSON COORS BREWING COMPANY","NA","NA",NA,"COORS A","LOCAL SPRINGS","NA",NA,"312120","312120","brewing washing demand","NA","NA","NA",NA,NA,"NA",NA,"311 10th St","Golden","NA","CO","80401","NA","Golden",NA,NA,NA,"NA","NA","NA",NA,2008,231,216,231,223,231,223,231,231,223,231,223,231,"acft","Estimated",NA,"NA","Estimated","TRUE",NA,"P_31287 _OR_ B_229001","NA","MOLSON COORS BREWING CO. _OR_ Molson Coors Brewing Co","311 10TH STREET _OR_ 311 10TH ST","311 10TH ST","UPDATED _OR_ OK","GOLDEN","CO","JEFFERSON","80401","GOOD","(303) 279-6565","39.7597723 _OR_ 39.7574","-105.218605 _OR_ -105.218978","312120 _OR_ 3399","BREWERIES _OR_ Other Miscellaneous Manufacturing","2082 _OR_ NA","NA","8059","300 _OR_ NA","NA","NA","NA","NA","80401 _ (303) 279-6565","GOLDEN_311 10TH ST","PinPt _OR_ BusPt","Pin, Bus _OR_ Bus","N","/CO/CFIandMolsonCoors_Copy.xlsx$CFI_MC_reformat, /CO/CO_Manufacture_Demands_Water.xlsx$Facility metadata, /CO/read_me.docx, Industrial_DataSummary_By_LEE.xlsx$WU_Industrial_table_SIC_NAICs, USEPA_HIFLD_EIA_PPP_facility_v6.csv"
"CO","WD","GW","IN","NA","MOLSON COORS","MOLSON COORS GOLDEN","MOLSON COORS BREWING COMPANY","NA","NA",NA,"COORS A","LOCAL SPRINGS","NA",NA,"312120","312120","brewing washing demand","NA","NA","NA",NA,NA,"NA",NA,"311 10th St","Golden","NA","CO","80401","NA","Golden",NA,NA,NA,"NA","NA","NA",NA,2009,231,208,231,223,231,223,231,231,223,231,223,231,"acft","Estimated",NA,"NA","Estimated","TRUE",NA,"P_31287 _OR_ B_229001","NA","MOLSON COORS BREWING CO. _OR_ Molson Coors Brewing Co","311 10TH STREET _OR_ 311 10TH ST","311 10TH ST","UPDATED _OR_ OK","GOLDEN","CO","JEFFERSON","80401","GOOD","(303) 279-6565","39.7597723 _OR_ 39.7574","-105.218605 _OR_ -105.218978","312120 _OR_ 3399","BREWERIES _OR_ Other Miscellaneous Manufacturing","2082 _OR_ NA","NA","8059","300 _OR_ NA","NA","NA","NA","NA","80401 _ (303) 279-6565","GOLDEN_311 10TH ST","PinPt _OR_ BusPt","Pin, Bus _OR_ Bus","N","/CO/CFIandMolsonCoors_Copy.xlsx$CFI_MC_reformat, /CO/CO_Manufacture_Demands_Water.xlsx$Facility metadata, /CO/read_me.docx, Industrial_DataSummary_By_LEE.xlsx$WU_Industrial_table_SIC_NAICs, USEPA_HIFLD_EIA_PPP_facility_v6.csv"
"CO","WD","GW","IN","NA","MOLSON COORS","MOLSON COORS GOLDEN","MOLSON COORS BREWING COMPANY","NA","NA",NA,"COORS A","LOCAL SPRINGS","NA",NA,"312120","312120","brewing washing demand","NA","NA","NA",NA,NA,"NA",NA,"311 10th St","Golden","NA","CO","80401","NA","Golden",NA,NA,NA,"NA","NA","NA",NA,2010,231,208,231,223,231,223,231,231,223,231,223,231,"acft","Estimated",NA,"NA","Estimated","TRUE",NA,"P_31287 _OR_ B_229001","NA","MOLSON COORS BREWING CO. _OR_ Molson Coors Brewing Co","311 10TH STREET _OR_ 311 10TH ST","311 10TH ST","UPDATED _OR_ OK","GOLDEN","CO","JEFFERSON","80401","GOOD","(303) 279-6565","39.7597723 _OR_ 39.7574","-105.218605 _OR_ -105.218978","312120 _OR_ 3399","BREWERIES _OR_ Other Miscellaneous Manufacturing","2082 _OR_ NA","NA","8059","300 _OR_ NA","NA","NA","NA","NA","80401 _ (303) 279-6565","GOLDEN_311 10TH ST","PinPt _OR_ BusPt","Pin, Bus _OR_ Bus","N","/CO/CFIandMolsonCoors_Copy.xlsx$CFI_MC_reformat, /CO/CO_Manufacture_Demands_Water.xlsx$Facility metadata, /CO/read_me.docx, Industrial_DataSummary_By_LEE.xlsx$WU_Industrial_table_SIC_NAICs, USEPA_HIFLD_EIA_PPP_facility_v6.csv"
"CO","WD","GW","IN","NA","MOLSON COORS","MOLSON COORS GOLDEN","MOLSON COORS BREWING COMPANY","NA","NA",NA,"COORS A","LOCAL SPRINGS","NA",NA,"312120","312120","brewing washing demand","NA","NA","NA",NA,NA,"NA",NA,"311 10th St","Golden","NA","CO","80401","NA","Golden",NA,NA,NA,"NA","NA","NA",NA,2011,231,208,231,223,231,223,231,231,223,231,223,231,"acft","Estimated",NA,"NA","Estimated","TRUE",NA,"P_31287 _OR_ B_229001","NA","MOLSON COORS BREWING CO. _OR_ Molson Coors Brewing Co","311 10TH STREET _OR_ 311 10TH ST","311 10TH ST","UPDATED _OR_ OK","GOLDEN","CO","JEFFERSON","80401","GOOD","(303) 279-6565","39.7597723 _OR_ 39.7574","-105.218605 _OR_ -105.218978","312120 _OR_ 3399","BREWERIES _OR_ Other Miscellaneous Manufacturing","2082 _OR_ NA","NA","8059","300 _OR_ NA","NA","NA","NA","NA","80401 _ (303) 279-6565","GOLDEN_311 10TH ST","PinPt _OR_ BusPt","Pin, Bus _OR_ Bus","N","/CO/CFIandMolsonCoors_Copy.xlsx$CFI_MC_reformat, /CO/CO_Manufacture_Demands_Water.xlsx$Facility metadata, /CO/read_me.docx, Industrial_DataSummary_By_LEE.xlsx$WU_Industrial_table_SIC_NAICs, USEPA_HIFLD_EIA_PPP_facility_v6.csv"
"CO","WD","GW","IN","NA","MOLSON COORS","MOLSON COORS GOLDEN","MOLSON COORS BREWING COMPANY","NA","NA",NA,"COORS A","LOCAL SPRINGS","NA",NA,"312120","312120","brewing washing demand","NA","NA","NA",NA,NA,"NA",NA,"311 10th St","Golden","NA","CO","80401","NA","Golden",NA,NA,NA,"NA","NA","NA",NA,2012,231,216,231,223,231,223,231,231,223,231,223,231,"acft","Estimated",NA,"NA","Estimated","TRUE",NA,"P_31287 _OR_ B_229001","NA","MOLSON COORS BREWING CO. _OR_ Molson Coors Brewing Co","311 10TH STREET _OR_ 311 10TH ST","311 10TH ST","UPDATED _OR_ OK","GOLDEN","CO","JEFFERSON","80401","GOOD","(303) 279-6565","39.7597723 _OR_ 39.7574","-105.218605 _OR_ -105.218978","312120 _OR_ 3399","BREWERIES _OR_ Other Miscellaneous Manufacturing","2082 _OR_ NA","NA","8059","300 _OR_ NA","NA","NA","NA","NA","80401 _ (303) 279-6565","GOLDEN_311 10TH ST","PinPt _OR_ BusPt","Pin, Bus _OR_ Bus","N","/CO/CFIandMolsonCoors_Copy.xlsx$CFI_MC_reformat, /CO/CO_Manufacture_Demands_Water.xlsx$Facility metadata, /CO/read_me.docx, Industrial_DataSummary_By_LEE.xlsx$WU_Industrial_table_SIC_NAICs, USEPA_HIFLD_EIA_PPP_facility_v6.csv"
"CO","WD","SW","IN","NA","MOLSON COORS","MOLSON COORS GOLDEN","MOLSON COORS BREWING COMPANY","NA","NA",NA,"COORS B","COORS LAKES","NA",NA,"312120","312120","commercial/municipal use within the Coors Industrial Complex","NA","NA","NA",NA,NA,"NA",NA,"311 10th St","Golden","NA","CO","80401","NA","Golden",NA,NA,NA,"NA","NA","NA",NA,2000,507,475,507,491,507,491,507,507,491,507,491,507,"acft","Estimated",NA,"NA","Estimated","TRUE",NA,"P_31287 _OR_ B_229001","NA","MOLSON COORS BREWING CO. _OR_ Molson Coors Brewing Co","311 10TH STREET _OR_ 311 10TH ST","311 10TH ST","UPDATED _OR_ OK","GOLDEN","CO","JEFFERSON","80401","GOOD","(303) 279-6565","39.7597723 _OR_ 39.7574","-105.218605 _OR_ -105.218978","312120 _OR_ 3399","BREWERIES _OR_ Other Miscellaneous Manufacturing","2082 _OR_ NA","NA","8059","300 _OR_ NA","NA","NA","NA","NA","80401 _ (303) 279-6565","GOLDEN_311 10TH ST","PinPt _OR_ BusPt","Pin, Bus _OR_ Bus","N","/CO/CFIandMolsonCoors_Copy.xlsx$CFI_MC_reformat, /CO/CO_Manufacture_Demands_Water.xlsx$Facility metadata, /CO/read_me.docx, Industrial_DataSummary_By_LEE.xlsx$WU_Industrial_table_SIC_NAICs, USEPA_HIFLD_EIA_PPP_facility_v6.csv"
"CO","WD","SW","IN","NA","MOLSON COORS","MOLSON COORS GOLDEN","MOLSON COORS BREWING COMPANY","NA","NA",NA,"COORS B","COORS LAKES","NA",NA,"312120","312120","commercial/municipal use within the Coors Industrial Complex","NA","NA","NA",NA,NA,"NA",NA,"311 10th St","Golden","NA","CO","80401","NA","Golden",NA,NA,NA,"NA","NA","NA",NA,2001,507,458,507,491,507,491,507,507,491,507,491,507,"acft","Estimated",NA,"NA","Estimated","TRUE",NA,"P_31287 _OR_ B_229001","NA","MOLSON COORS BREWING CO. _OR_ Molson Coors Brewing Co","311 10TH STREET _OR_ 311 10TH ST","311 10TH ST","UPDATED _OR_ OK","GOLDEN","CO","JEFFERSON","80401","GOOD","(303) 279-6565","39.7597723 _OR_ 39.7574","-105.218605 _OR_ -105.218978","312120 _OR_ 3399","BREWERIES _OR_ Other Miscellaneous Manufacturing","2082 _OR_ NA","NA","8059","300 _OR_ NA","NA","NA","NA","NA","80401 _ (303) 279-6565","GOLDEN_311 10TH ST","PinPt _OR_ BusPt","Pin, Bus _OR_ Bus","N","/CO/CFIandMolsonCoors_Copy.xlsx$CFI_MC_reformat, /CO/CO_Manufacture_Demands_Water.xlsx$Facility metadata, /CO/read_me.docx, Industrial_DataSummary_By_LEE.xlsx$WU_Industrial_table_SIC_NAICs, USEPA_HIFLD_EIA_PPP_facility_v6.csv"
"CO","WD","SW","IN","NA","MOLSON COORS","MOLSON COORS GOLDEN","MOLSON COORS BREWING COMPANY","NA","NA",NA,"COORS B","COORS LAKES","NA",NA,"312120","312120","commercial/municipal use within the Coors Industrial Complex","NA","NA","NA",NA,NA,"NA",NA,"311 10th St","Golden","NA","CO","80401","NA","Golden",NA,NA,NA,"NA","NA","NA",NA,2002,507,458,507,491,507,491,507,507,491,507,491,507,"acft","Estimated",NA,"NA","Estimated","TRUE",NA,"P_31287 _OR_ B_229001","NA","MOLSON COORS BREWING CO. _OR_ Molson Coors Brewing Co","311 10TH STREET _OR_ 311 10TH ST","311 10TH ST","UPDATED _OR_ OK","GOLDEN","CO","JEFFERSON","80401","GOOD","(303) 279-6565","39.7597723 _OR_ 39.7574","-105.218605 _OR_ -105.218978","312120 _OR_ 3399","BREWERIES _OR_ Other Miscellaneous Manufacturing","2082 _OR_ NA","NA","8059","300 _OR_ NA","NA","NA","NA","NA","80401 _ (303) 279-6565","GOLDEN_311 10TH ST","PinPt _OR_ BusPt","Pin, Bus _OR_ Bus","N","/CO/CFIandMolsonCoors_Copy.xlsx$CFI_MC_reformat, /CO/CO_Manufacture_Demands_Water.xlsx$Facility metadata, /CO/read_me.docx, Industrial_DataSummary_By_LEE.xlsx$WU_Industrial_table_SIC_NAICs, USEPA_HIFLD_EIA_PPP_facility_v6.csv"
"CO","WD","SW","IN","NA","MOLSON COORS","MOLSON COORS GOLDEN","MOLSON COORS BREWING COMPANY","NA","NA",NA,"COORS B","COORS LAKES","NA",NA,"312120","312120","commercial/municipal use within the Coors Industrial Complex","NA","NA","NA",NA,NA,"NA",NA,"311 10th St","Golden","NA","CO","80401","NA","Golden",NA,NA,NA,"NA","NA","NA",NA,2003,507,458,507,491,507,491,507,507,491,507,491,507,"acft","Estimated",NA,"NA","Estimated","TRUE",NA,"P_31287 _OR_ B_229001","NA","MOLSON COORS BREWING CO. _OR_ Molson Coors Brewing Co","311 10TH STREET _OR_ 311 10TH ST","311 10TH ST","UPDATED _OR_ OK","GOLDEN","CO","JEFFERSON","80401","GOOD","(303) 279-6565","39.7597723 _OR_ 39.7574","-105.218605 _OR_ -105.218978","312120 _OR_ 3399","BREWERIES _OR_ Other Miscellaneous Manufacturing","2082 _OR_ NA","NA","8059","300 _OR_ NA","NA","NA","NA","NA","80401 _ (303) 279-6565","GOLDEN_311 10TH ST","PinPt _OR_ BusPt","Pin, Bus _OR_ Bus","N","/CO/CFIandMolsonCoors_Copy.xlsx$CFI_MC_reformat, /CO/CO_Manufacture_Demands_Water.xlsx$Facility metadata, /CO/read_me.docx, Industrial_DataSummary_By_LEE.xlsx$WU_Industrial_table_SIC_NAICs, USEPA_HIFLD_EIA_PPP_facility_v6.csv"
"CO","WD","SW","IN","NA","MOLSON COORS","MOLSON COORS GOLDEN","MOLSON COORS BREWING COMPANY","NA","NA",NA,"COORS B","COORS LAKES","NA",NA,"312120","312120","commercial/municipal use within the Coors Industrial Complex","NA","NA","NA",NA,NA,"NA",NA,"311 10th St","Golden","NA","CO","80401","NA","Golden",NA,NA,NA,"NA","NA","NA",NA,2004,507,475,507,491,507,491,507,507,491,507,491,507,"acft","Estimated",NA,"NA","Estimated","TRUE",NA,"P_31287 _OR_ B_229001","NA","MOLSON COORS BREWING CO. _OR_ Molson Coors Brewing Co","311 10TH STREET _OR_ 311 10TH ST","311 10TH ST","UPDATED _OR_ OK","GOLDEN","CO","JEFFERSON","80401","GOOD","(303) 279-6565","39.7597723 _OR_ 39.7574","-105.218605 _OR_ -105.218978","312120 _OR_ 3399","BREWERIES _OR_ Other Miscellaneous Manufacturing","2082 _OR_ NA","NA","8059","300 _OR_ NA","NA","NA","NA","NA","80401 _ (303) 279-6565","GOLDEN_311 10TH ST","PinPt _OR_ BusPt","Pin, Bus _OR_ Bus","N","/CO/CFIandMolsonCoors_Copy.xlsx$CFI_MC_reformat, /CO/CO_Manufacture_Demands_Water.xlsx$Facility metadata, /CO/read_me.docx, Industrial_DataSummary_By_LEE.xlsx$WU_Industrial_table_SIC_NAICs, USEPA_HIFLD_EIA_PPP_facility_v6.csv"
"CO","WD","SW","IN","NA","MOLSON COORS","MOLSON COORS GOLDEN","MOLSON COORS BREWING COMPANY","NA","NA",NA,"COORS B","COORS LAKES","NA",NA,"312120","312120","commercial/municipal use within the Coors Industrial Complex","NA","NA","NA",NA,NA,"NA",NA,"311 10th St","Golden","NA","CO","80401","NA","Golden",NA,NA,NA,"NA","NA","NA",NA,2005,507,458,507,491,507,491,507,507,491,507,491,507,"acft","Estimated",NA,"NA","Estimated","TRUE",NA,"P_31287 _OR_ B_229001","NA","MOLSON COORS BREWING CO. _OR_ Molson Coors Brewing Co","311 10TH STREET _OR_ 311 10TH ST","311 10TH ST","UPDATED _OR_ OK","GOLDEN","CO","JEFFERSON","80401","GOOD","(303) 279-6565","39.7597723 _OR_ 39.7574","-105.218605 _OR_ -105.218978","312120 _OR_ 3399","BREWERIES _OR_ Other Miscellaneous Manufacturing","2082 _OR_ NA","NA","8059","300 _OR_ NA","NA","NA","NA","NA","80401 _ (303) 279-6565","GOLDEN_311 10TH ST","PinPt _OR_ BusPt","Pin, Bus _OR_ Bus","N","/CO/CFIandMolsonCoors_Copy.xlsx$CFI_MC_reformat, /CO/CO_Manufacture_Demands_Water.xlsx$Facility metadata, /CO/read_me.docx, Industrial_DataSummary_By_LEE.xlsx$WU_Industrial_table_SIC_NAICs, USEPA_HIFLD_EIA_PPP_facility_v6.csv"
"CO","WD","SW","IN","NA","MOLSON COORS","MOLSON COORS GOLDEN","MOLSON COORS BREWING COMPANY","NA","NA",NA,"COORS B","COORS LAKES","NA",NA,"312120","312120","commercial/municipal use within the Coors Industrial Complex","NA","NA","NA",NA,NA,"NA",NA,"311 10th St","Golden","NA","CO","80401","NA","Golden",NA,NA,NA,"NA","NA","NA",NA,2006,507,458,507,491,507,491,507,507,491,507,491,507,"acft","Estimated",NA,"NA","Estimated","TRUE",NA,"P_31287 _OR_ B_229001","NA","MOLSON COORS BREWING CO. _OR_ Molson Coors Brewing Co","311 10TH STREET _OR_ 311 10TH ST","311 10TH ST","UPDATED _OR_ OK","GOLDEN","CO","JEFFERSON","80401","GOOD","(303) 279-6565","39.7597723 _OR_ 39.7574","-105.218605 _OR_ -105.218978","312120 _OR_ 3399","BREWERIES _OR_ Other Miscellaneous Manufacturing","2082 _OR_ NA","NA","8059","300 _OR_ NA","NA","NA","NA","NA","80401 _ (303) 279-6565","GOLDEN_311 10TH ST","PinPt _OR_ BusPt","Pin, Bus _OR_ Bus","N","/CO/CFIandMolsonCoors_Copy.xlsx$CFI_MC_reformat, /CO/CO_Manufacture_Demands_Water.xlsx$Facility metadata, /CO/read_me.docx, Industrial_DataSummary_By_LEE.xlsx$WU_Industrial_table_SIC_NAICs, USEPA_HIFLD_EIA_PPP_facility_v6.csv"
"CO","WD","SW","IN","NA","MOLSON COORS","MOLSON COORS GOLDEN","MOLSON COORS BREWING COMPANY","NA","NA",NA,"COORS B","COORS LAKES","NA",NA,"312120","312120","commercial/municipal use within the Coors Industrial Complex","NA","NA","NA",NA,NA,"NA",NA,"311 10th St","Golden","NA","CO","80401","NA","Golden",NA,NA,NA,"NA","NA","NA",NA,2007,507,458,507,491,507,491,507,507,491,507,491,507,"acft","Estimated",NA,"NA","Estimated","TRUE",NA,"P_31287 _OR_ B_229001","NA","MOLSON COORS BREWING CO. _OR_ Molson Coors Brewing Co","311 10TH STREET _OR_ 311 10TH ST","311 10TH ST","UPDATED _OR_ OK","GOLDEN","CO","JEFFERSON","80401","GOOD","(303) 279-6565","39.7597723 _OR_ 39.7574","-105.218605 _OR_ -105.218978","312120 _OR_ 3399","BREWERIES _OR_ Other Miscellaneous Manufacturing","2082 _OR_ NA","NA","8059","300 _OR_ NA","NA","NA","NA","NA","80401 _ (303) 279-6565","GOLDEN_311 10TH ST","PinPt _OR_ BusPt","Pin, Bus _OR_ Bus","N","/CO/CFIandMolsonCoors_Copy.xlsx$CFI_MC_reformat, /CO/CO_Manufacture_Demands_Water.xlsx$Facility metadata, /CO/read_me.docx, Industrial_DataSummary_By_LEE.xlsx$WU_Industrial_table_SIC_NAICs, USEPA_HIFLD_EIA_PPP_facility_v6.csv"
"CO","WD","SW","IN","NA","MOLSON COORS","MOLSON COORS GOLDEN","MOLSON COORS BREWING COMPANY","NA","NA",NA,"COORS B","COORS LAKES","NA",NA,"312120","312120","commercial/municipal use within the Coors Industrial Complex","NA","NA","NA",NA,NA,"NA",NA,"311 10th St","Golden","NA","CO","80401","NA","Golden",NA,NA,NA,"NA","NA","NA",NA,2008,507,475,507,491,507,491,507,507,491,507,491,507,"acft","Estimated",NA,"NA","Estimated","TRUE",NA,"P_31287 _OR_ B_229001","NA","MOLSON COORS BREWING CO. _OR_ Molson Coors Brewing Co","311 10TH STREET _OR_ 311 10TH ST","311 10TH ST","UPDATED _OR_ OK","GOLDEN","CO","JEFFERSON","80401","GOOD","(303) 279-6565","39.7597723 _OR_ 39.7574","-105.218605 _OR_ -105.218978","312120 _OR_ 3399","BREWERIES _OR_ Other Miscellaneous Manufacturing","2082 _OR_ NA","NA","8059","300 _OR_ NA","NA","NA","NA","NA","80401 _ (303) 279-6565","GOLDEN_311 10TH ST","PinPt _OR_ BusPt","Pin, Bus _OR_ Bus","N","/CO/CFIandMolsonCoors_Copy.xlsx$CFI_MC_reformat, /CO/CO_Manufacture_Demands_Water.xlsx$Facility metadata, /CO/read_me.docx, Industrial_DataSummary_By_LEE.xlsx$WU_Industrial_table_SIC_NAICs, USEPA_HIFLD_EIA_PPP_facility_v6.csv"
"CO","WD","SW","IN","NA","MOLSON COORS","MOLSON COORS GOLDEN","MOLSON COORS BREWING COMPANY","NA","NA",NA,"COORS B","COORS LAKES","NA",NA,"312120","312120","commercial/municipal use within the Coors Industrial Complex","NA","NA","NA",NA,NA,"NA",NA,"311 10th St","Golden","NA","CO","80401","NA","Golden",NA,NA,NA,"NA","NA","NA",NA,2009,507,458,507,491,507,491,507,507,491,507,491,507,"acft","Estimated",NA,"NA","Estimated","TRUE",NA,"P_31287 _OR_ B_229001","NA","MOLSON COORS BREWING CO. _OR_ Molson Coors Brewing Co","311 10TH STREET _OR_ 311 10TH ST","311 10TH ST","UPDATED _OR_ OK","GOLDEN","CO","JEFFERSON","80401","GOOD","(303) 279-6565","39.7597723 _OR_ 39.7574","-105.218605 _OR_ -105.218978","312120 _OR_ 3399","BREWERIES _OR_ Other Miscellaneous Manufacturing","2082 _OR_ NA","NA","8059","300 _OR_ NA","NA","NA","NA","NA","80401 _ (303) 279-6565","GOLDEN_311 10TH ST","PinPt _OR_ BusPt","Pin, Bus _OR_ Bus","N","/CO/CFIandMolsonCoors_Copy.xlsx$CFI_MC_reformat, /CO/CO_Manufacture_Demands_Water.xlsx$Facility metadata, /CO/read_me.docx, Industrial_DataSummary_By_LEE.xlsx$WU_Industrial_table_SIC_NAICs, USEPA_HIFLD_EIA_PPP_facility_v6.csv"
"CO","WD","SW","IN","NA","MOLSON COORS","MOLSON COORS GOLDEN","MOLSON COORS BREWING COMPANY","NA","NA",NA,"COORS B","COORS LAKES","NA",NA,"312120","312120","commercial/municipal use within the Coors Industrial Complex","NA","NA","NA",NA,NA,"NA",NA,"311 10th St","Golden","NA","CO","80401","NA","Golden",NA,NA,NA,"NA","NA","NA",NA,2010,507,458,507,491,507,491,507,507,491,507,491,507,"acft","Estimated",NA,"NA","Estimated","TRUE",NA,"P_31287 _OR_ B_229001","NA","MOLSON COORS BREWING CO. _OR_ Molson Coors Brewing Co","311 10TH STREET _OR_ 311 10TH ST","311 10TH ST","UPDATED _OR_ OK","GOLDEN","CO","JEFFERSON","80401","GOOD","(303) 279-6565","39.7597723 _OR_ 39.7574","-105.218605 _OR_ -105.218978","312120 _OR_ 3399","BREWERIES _OR_ Other Miscellaneous Manufacturing","2082 _OR_ NA","NA","8059","300 _OR_ NA","NA","NA","NA","NA","80401 _ (303) 279-6565","GOLDEN_311 10TH ST","PinPt _OR_ BusPt","Pin, Bus _OR_ Bus","N","/CO/CFIandMolsonCoors_Copy.xlsx$CFI_MC_reformat, /CO/CO_Manufacture_Demands_Water.xlsx$Facility metadata, /CO/read_me.docx, Industrial_DataSummary_By_LEE.xlsx$WU_Industrial_table_SIC_NAICs, USEPA_HIFLD_EIA_PPP_facility_v6.csv"
"CO","WD","SW","IN","NA","MOLSON COORS","MOLSON COORS GOLDEN","MOLSON COORS BREWING COMPANY","NA","NA",NA,"COORS B","COORS LAKES","NA",NA,"312120","312120","commercial/municipal use within the Coors Industrial Complex","NA","NA","NA",NA,NA,"NA",NA,"311 10th St","Golden","NA","CO","80401","NA","Golden",NA,NA,NA,"NA","NA","NA",NA,2011,507,458,507,491,507,491,507,507,491,507,491,507,"acft","Estimated",NA,"NA","Estimated","TRUE",NA,"P_31287 _OR_ B_229001","NA","MOLSON COORS BREWING CO. _OR_ Molson Coors Brewing Co","311 10TH STREET _OR_ 311 10TH ST","311 10TH ST","UPDATED _OR_ OK","GOLDEN","CO","JEFFERSON","80401","GOOD","(303) 279-6565","39.7597723 _OR_ 39.7574","-105.218605 _OR_ -105.218978","312120 _OR_ 3399","BREWERIES _OR_ Other Miscellaneous Manufacturing","2082 _OR_ NA","NA","8059","300 _OR_ NA","NA","NA","NA","NA","80401 _ (303) 279-6565","GOLDEN_311 10TH ST","PinPt _OR_ BusPt","Pin, Bus _OR_ Bus","N","/CO/CFIandMolsonCoors_Copy.xlsx$CFI_MC_reformat, /CO/CO_Manufacture_Demands_Water.xlsx$Facility metadata, /CO/read_me.docx, Industrial_DataSummary_By_LEE.xlsx$WU_Industrial_table_SIC_NAICs, USEPA_HIFLD_EIA_PPP_facility_v6.csv"
"CO","WD","SW","IN","NA","MOLSON COORS","MOLSON COORS GOLDEN","MOLSON COORS BREWING COMPANY","NA","NA",NA,"COORS B","COORS LAKES","NA",NA,"312120","312120","commercial/municipal use within the Coors Industrial Complex","NA","NA","NA",NA,NA,"NA",NA,"311 10th St","Golden","NA","CO","80401","NA","Golden",NA,NA,NA,"NA","NA","NA",NA,2012,507,475,507,491,507,491,507,507,491,507,491,507,"acft","Estimated",NA,"NA","Estimated","TRUE",NA,"P_31287 _OR_ B_229001","NA","MOLSON COORS BREWING CO. _OR_ Molson Coors Brewing Co","311 10TH STREET _OR_ 311 10TH ST","311 10TH ST","UPDATED _OR_ OK","GOLDEN","CO","JEFFERSON","80401","GOOD","(303) 279-6565","39.7597723 _OR_ 39.7574","-105.218605 _OR_ -105.218978","312120 _OR_ 3399","BREWERIES _OR_ Other Miscellaneous Manufacturing","2082 _OR_ NA","NA","8059","300 _OR_ NA","NA","NA","NA","NA","80401 _ (303) 279-6565","GOLDEN_311 10TH ST","PinPt _OR_ BusPt","Pin, Bus _OR_ Bus","N","/CO/CFIandMolsonCoors_Copy.xlsx$CFI_MC_reformat, /CO/CO_Manufacture_Demands_Water.xlsx$Facility metadata, /CO/read_me.docx, Industrial_DataSummary_By_LEE.xlsx$WU_Industrial_table_SIC_NAICs, USEPA_HIFLD_EIA_PPP_facility_v6.csv"
"CO","WD","SW","IN","NA","MOLSON COORS","MOLSON COORS GOLDEN","MOLSON COORS BREWING COMPANY","NA","NA",NA,"COORS C","CLEAR CREEK","NA",NA,"312120","312120","industrial cooling purposes at the facility","NA","NA","NA",NA,NA,"NA",NA,"311 10th St","Golden","NA","CO","80401","NA","Golden",NA,NA,NA,"NA","NA","NA",NA,2000,3005,3002,3083,3611,4005,4120,4720,4624,3760,2666,3148,2438,"acft","Estimated",NA,"NA","Estimated","TRUE",NA,"P_31287 _OR_ B_229001","NA","MOLSON COORS BREWING CO. _OR_ Molson Coors Brewing Co","311 10TH STREET _OR_ 311 10TH ST","311 10TH ST","UPDATED _OR_ OK","GOLDEN","CO","JEFFERSON","80401","GOOD","(303) 279-6565","39.7597723 _OR_ 39.7574","-105.218605 _OR_ -105.218978","312120 _OR_ 3399","BREWERIES _OR_ Other Miscellaneous Manufacturing","2082 _OR_ NA","NA","8059","300 _OR_ NA","NA","NA","NA","NA","80401 _ (303) 279-6565","GOLDEN_311 10TH ST","PinPt _OR_ BusPt","Pin, Bus _OR_ Bus","N","/CO/CFIandMolsonCoors_Copy.xlsx$CFI_MC_reformat, /CO/CO_Manufacture_Demands_Water.xlsx$Facility metadata, /CO/read_me.docx, Industrial_DataSummary_By_LEE.xlsx$WU_Industrial_table_SIC_NAICs, USEPA_HIFLD_EIA_PPP_facility_v6.csv"
"CO","WD","SW","IN","NA","MOLSON COORS","MOLSON COORS GOLDEN","MOLSON COORS BREWING COMPANY","NA","NA",NA,"COORS C","CLEAR CREEK","NA",NA,"312120","312120","industrial cooling purposes at the facility","NA","NA","NA",NA,NA,"NA",NA,"311 10th St","Golden","NA","CO","80401","NA","Golden",NA,NA,NA,"NA","NA","NA",NA,2001,2414,2540,2704,2985,3294,3937,4362,4233,3807,3008,2580,2367,"acft","Estimated",NA,"NA","Estimated","TRUE",NA,"P_31287 _OR_ B_229001","NA","MOLSON COORS BREWING CO. _OR_ Molson Coors Brewing Co","311 10TH STREET _OR_ 311 10TH ST","311 10TH ST","UPDATED _OR_ OK","GOLDEN","CO","JEFFERSON","80401","GOOD","(303) 279-6565","39.7597723 _OR_ 39.7574","-105.218605 _OR_ -105.218978","312120 _OR_ 3399","BREWERIES _OR_ Other Miscellaneous Manufacturing","2082 _OR_ NA","NA","8059","300 _OR_ NA","NA","NA","NA","NA","80401 _ (303) 279-6565","GOLDEN_311 10TH ST","PinPt _OR_ BusPt","Pin, Bus _OR_ Bus","N","/CO/CFIandMolsonCoors_Copy.xlsx$CFI_MC_reformat, /CO/CO_Manufacture_Demands_Water.xlsx$Facility metadata, /CO/read_me.docx, Industrial_DataSummary_By_LEE.xlsx$WU_Industrial_table_SIC_NAICs, USEPA_HIFLD_EIA_PPP_facility_v6.csv"
"CO","WD","SW","IN","NA","MOLSON COORS","MOLSON COORS GOLDEN","MOLSON COORS BREWING COMPANY","NA","NA",NA,"COORS C","CLEAR CREEK","NA",NA,"312120","312120","industrial cooling purposes at the facility","NA","NA","NA",NA,NA,"NA",NA,"311 10th St","Golden","NA","CO","80401","NA","Golden",NA,NA,NA,"NA","NA","NA",NA,2002,1987,1543,1508,2141,2437,3678,3523,2660,2357,2543,2159,1590,"acft","Estimated",NA,"NA","Estimated","TRUE",NA,"P_31287 _OR_ B_229001","NA","MOLSON COORS BREWING CO. _OR_ Molson Coors Brewing Co","311 10TH STREET _OR_ 311 10TH ST","311 10TH ST","UPDATED _OR_ OK","GOLDEN","CO","JEFFERSON","80401","GOOD","(303) 279-6565","39.7597723 _OR_ 39.7574","-105.218605 _OR_ -105.218978","312120 _OR_ 3399","BREWERIES _OR_ Other Miscellaneous Manufacturing","2082 _OR_ NA","NA","8059","300 _OR_ NA","NA","NA","NA","NA","80401 _ (303) 279-6565","GOLDEN_311 10TH ST","PinPt _OR_ BusPt","Pin, Bus _OR_ Bus","N","/CO/CFIandMolsonCoors_Copy.xlsx$CFI_MC_reformat, /CO/CO_Manufacture_Demands_Water.xlsx$Facility metadata, /CO/read_me.docx, Industrial_DataSummary_By_LEE.xlsx$WU_Industrial_table_SIC_NAICs, USEPA_HIFLD_EIA_PPP_facility_v6.csv"
"CO","WD","SW","IN","NA","MOLSON COORS","MOLSON COORS GOLDEN","MOLSON COORS BREWING COMPANY","NA","NA",NA,"COORS C","CLEAR CREEK","NA",NA,"312120","312120","industrial cooling purposes at the facility","NA","NA","NA",NA,NA,"NA",NA,"311 10th St","Golden","NA","CO","80401","NA","Golden",NA,NA,NA,"NA","NA","NA",NA,2003,1720,1363,2118,3053,3876,3307,4625,4742,4137,3750,2896,2599,"acft","Estimated",NA,"NA","Estimated","TRUE",NA,"P_31287 _OR_ B_229001","NA","MOLSON COORS BREWING CO. _OR_ Molson Coors Brewing Co","311 10TH STREET _OR_ 311 10TH ST","311 10TH ST","UPDATED _OR_ OK","GOLDEN","CO","JEFFERSON","80401","GOOD","(303) 279-6565","39.7597723 _OR_ 39.7574","-105.218605 _OR_ -105.218978","312120 _OR_ 3399","BREWERIES _OR_ Other Miscellaneous Manufacturing","2082 _OR_ NA","NA","8059","300 _OR_ NA","NA","NA","NA","NA","80401 _ (303) 279-6565","GOLDEN_311 10TH ST","PinPt _OR_ BusPt","Pin, Bus _OR_ Bus","N","/CO/CFIandMolsonCoors_Copy.xlsx$CFI_MC_reformat, /CO/CO_Manufacture_Demands_Water.xlsx$Facility metadata, /CO/read_me.docx, Industrial_DataSummary_By_LEE.xlsx$WU_Industrial_table_SIC_NAICs, USEPA_HIFLD_EIA_PPP_facility_v6.csv"
"CO","WD","SW","IN","NA","MOLSON COORS","MOLSON COORS GOLDEN","MOLSON COORS BREWING COMPANY","NA","NA",NA,"COORS C","CLEAR CREEK","NA",NA,"312120","312120","industrial cooling purposes at the facility","NA","NA","NA",NA,NA,"NA",NA,"311 10th St","Golden","NA","CO","80401","NA","Golden",NA,NA,NA,"NA","NA","NA",NA,2004,1965,1830,2491,1902,3943,4248,4405,4066,2983,2748,3032,2723,"acft","Estimated",NA,"NA","Estimated","TRUE",NA,"P_31287 _OR_ B_229001","NA","MOLSON COORS BREWING CO. _OR_ Molson Coors Brewing Co","311 10TH STREET _OR_ 311 10TH ST","311 10TH ST","UPDATED _OR_ OK","GOLDEN","CO","JEFFERSON","80401","GOOD","(303) 279-6565","39.7597723 _OR_ 39.7574","-105.218605 _OR_ -105.218978","312120 _OR_ 3399","BREWERIES _OR_ Other Miscellaneous Manufacturing","2082 _OR_ NA","NA","8059","300 _OR_ NA","NA","NA","NA","NA","80401 _ (303) 279-6565","GOLDEN_311 10TH ST","PinPt _OR_ BusPt","Pin, Bus _OR_ Bus","N","/CO/CFIandMolsonCoors_Copy.xlsx$CFI_MC_reformat, /CO/CO_Manufacture_Demands_Water.xlsx$Facility metadata, /CO/read_me.docx, Industrial_DataSummary_By_LEE.xlsx$WU_Industrial_table_SIC_NAICs, USEPA_HIFLD_EIA_PPP_facility_v6.csv"
"CO","WD","SW","IN","NA","MOLSON COORS","MOLSON COORS GOLDEN","MOLSON COORS BREWING COMPANY","NA","NA",NA,"COORS C","CLEAR CREEK","NA",NA,"312120","312120","industrial cooling purposes at the facility","NA","NA","NA",NA,NA,"NA",NA,"311 10th St","Golden","NA","CO","80401","NA","Golden",NA,NA,NA,"NA","NA","NA",NA,2005,2632,2192,2160,2899,4449,4408,4805,4358,3091,3308,2388,2200,"acft","Estimated",NA,"NA","Estimated","TRUE",NA,"P_31287 _OR_ B_229001","NA","MOLSON COORS BREWING CO. _OR_ Molson Coors Brewing Co","311 10TH STREET _OR_ 311 10TH ST","311 10TH ST","UPDATED _OR_ OK","GOLDEN","CO","JEFFERSON","80401","GOOD","(303) 279-6565","39.7597723 _OR_ 39.7574","-105.218605 _OR_ -105.218978","312120 _OR_ 3399","BREWERIES _OR_ Other Miscellaneous Manufacturing","2082 _OR_ NA","NA","8059","300 _OR_ NA","NA","NA","NA","NA","80401 _ (303) 279-6565","GOLDEN_311 10TH ST","PinPt _OR_ BusPt","Pin, Bus _OR_ Bus","N","/CO/CFIandMolsonCoors_Copy.xlsx$CFI_MC_reformat, /CO/CO_Manufacture_Demands_Water.xlsx$Facility metadata, /CO/read_me.docx, Industrial_DataSummary_By_LEE.xlsx$WU_Industrial_table_SIC_NAICs, USEPA_HIFLD_EIA_PPP_facility_v6.csv"
"CO","WD","SW","IN","NA","MOLSON COORS","MOLSON COORS GOLDEN","MOLSON COORS BREWING COMPANY","NA","NA",NA,"COORS C","CLEAR CREEK","NA",NA,"312120","312120","industrial cooling purposes at the facility","NA","NA","NA",NA,NA,"NA",NA,"311 10th St","Golden","NA","CO","80401","NA","Golden",NA,NA,NA,"NA","NA","NA",NA,2006,2250,2083,3063,3348,3999,4538,4848,4408,2526,3003,2740,2719,"acft","Estimated",NA,"NA","Estimated","TRUE",NA,"P_31287 _OR_ B_229001","NA","MOLSON COORS BREWING CO. _OR_ Molson Coors Brewing Co","311 10TH STREET _OR_ 311 10TH ST","311 10TH ST","UPDATED _OR_ OK","GOLDEN","CO","JEFFERSON","80401","GOOD","(303) 279-6565","39.7597723 _OR_ 39.7574","-105.218605 _OR_ -105.218978","312120 _OR_ 3399","BREWERIES _OR_ Other Miscellaneous Manufacturing","2082 _OR_ NA","NA","8059","300 _OR_ NA","NA","NA","NA","NA","80401 _ (303) 279-6565","GOLDEN_311 10TH ST","PinPt _OR_ BusPt","Pin, Bus _OR_ Bus","N","/CO/CFIandMolsonCoors_Copy.xlsx$CFI_MC_reformat, /CO/CO_Manufacture_Demands_Water.xlsx$Facility metadata, /CO/read_me.docx, Industrial_DataSummary_By_LEE.xlsx$WU_Industrial_table_SIC_NAICs, USEPA_HIFLD_EIA_PPP_facility_v6.csv"
"CO","WD","SW","IN","NA","MOLSON COORS","MOLSON COORS GOLDEN","MOLSON COORS BREWING COMPANY","NA","NA",NA,"COORS C","CLEAR CREEK","NA",NA,"312120","312120","industrial cooling purposes at the facility","NA","NA","NA",NA,NA,"NA",NA,"311 10th St","Golden","NA","CO","80401","NA","Golden",NA,NA,NA,"NA","NA","NA",NA,2007,2420,2619,3647,3871,3891,4385,4977,4916,4058,3307,2834,2592,"acft","Estimated",NA,"NA","Estimated","TRUE",NA,"P_31287 _OR_ B_229001","NA","MOLSON COORS BREWING CO. _OR_ Molson Coors Brewing Co","311 10TH STREET _OR_ 311 10TH ST","311 10TH ST","UPDATED _OR_ OK","GOLDEN","CO","JEFFERSON","80401","GOOD","(303) 279-6565","39.7597723 _OR_ 39.7574","-105.218605 _OR_ -105.218978","312120 _OR_ 3399","BREWERIES _OR_ Other Miscellaneous Manufacturing","2082 _OR_ NA","NA","8059","300 _OR_ NA","NA","NA","NA","NA","80401 _ (303) 279-6565","GOLDEN_311 10TH ST","PinPt _OR_ BusPt","Pin, Bus _OR_ Bus","N","/CO/CFIandMolsonCoors_Copy.xlsx$CFI_MC_reformat, /CO/CO_Manufacture_Demands_Water.xlsx$Facility metadata, /CO/read_me.docx, Industrial_DataSummary_By_LEE.xlsx$WU_Industrial_table_SIC_NAICs, USEPA_HIFLD_EIA_PPP_facility_v6.csv"
"CO","WD","SW","IN","NA","MOLSON COORS","MOLSON COORS GOLDEN","MOLSON COORS BREWING COMPANY","NA","NA",NA,"COORS C","CLEAR CREEK","NA",NA,"312120","312120","industrial cooling purposes at the facility","NA","NA","NA",NA,NA,"NA",NA,"311 10th St","Golden","NA","CO","80401","NA","Golden",NA,NA,NA,"NA","NA","NA",NA,2008,3043,2733,3010,3647,3922,4149,4952,4871,4094,3156,3109,2714,"acft","Estimated",NA,"NA","Estimated","TRUE",NA,"P_31287 _OR_ B_229001","NA","MOLSON COORS BREWING CO. _OR_ Molson Coors Brewing Co","311 10TH STREET _OR_ 311 10TH ST","311 10TH ST","UPDATED _OR_ OK","GOLDEN","CO","JEFFERSON","80401","GOOD","(303) 279-6565","39.7597723 _OR_ 39.7574","-105.218605 _OR_ -105.218978","312120 _OR_ 3399","BREWERIES _OR_ Other Miscellaneous Manufacturing","2082 _OR_ NA","NA","8059","300 _OR_ NA","NA","NA","NA","NA","80401 _ (303) 279-6565","GOLDEN_311 10TH ST","PinPt _OR_ BusPt","Pin, Bus _OR_ Bus","N","/CO/CFIandMolsonCoors_Copy.xlsx$CFI_MC_reformat, /CO/CO_Manufacture_Demands_Water.xlsx$Facility metadata, /CO/read_me.docx, Industrial_DataSummary_By_LEE.xlsx$WU_Industrial_table_SIC_NAICs, USEPA_HIFLD_EIA_PPP_facility_v6.csv"
"CO","WD","SW","IN","NA","MOLSON COORS","MOLSON COORS GOLDEN","MOLSON COORS BREWING COMPANY","NA","NA",NA,"COORS C","CLEAR CREEK","NA",NA,"312120","312120","industrial cooling purposes at the facility","NA","NA","NA",NA,NA,"NA",NA,"311 10th St","Golden","NA","CO","80401","NA","Golden",NA,NA,NA,"NA","NA","NA",NA,2009,2590,2241,2777,3191,3960,3725,4600,4314,3724,3701,3310,2715,"acft","Estimated",NA,"NA","Estimated","TRUE",NA,"P_31287 _OR_ B_229001","NA","MOLSON COORS BREWING CO. _OR_ Molson Coors Brewing Co","311 10TH STREET _OR_ 311 10TH ST","311 10TH ST","UPDATED _OR_ OK","GOLDEN","CO","JEFFERSON","80401","GOOD","(303) 279-6565","39.7597723 _OR_ 39.7574","-105.218605 _OR_ -105.218978","312120 _OR_ 3399","BREWERIES _OR_ Other Miscellaneous Manufacturing","2082 _OR_ NA","NA","8059","300 _OR_ NA","NA","NA","NA","NA","80401 _ (303) 279-6565","GOLDEN_311 10TH ST","PinPt _OR_ BusPt","Pin, Bus _OR_ Bus","N","/CO/CFIandMolsonCoors_Copy.xlsx$CFI_MC_reformat, /CO/CO_Manufacture_Demands_Water.xlsx$Facility metadata, /CO/read_me.docx, Industrial_DataSummary_By_LEE.xlsx$WU_Industrial_table_SIC_NAICs, USEPA_HIFLD_EIA_PPP_facility_v6.csv"
"CO","WD","SW","IN","NA","MOLSON COORS","MOLSON COORS GOLDEN","MOLSON COORS BREWING COMPANY","NA","NA",NA,"COORS C","CLEAR CREEK","NA",NA,"312120","312120","industrial cooling purposes at the facility","NA","NA","NA",NA,NA,"NA",NA,"311 10th St","Golden","NA","CO","80401","NA","Golden",NA,NA,NA,"NA","NA","NA",NA,2010,2227,1813,2334,3422,3814,3979,4657,4638,3583,3160,1323,979,"acft","Estimated",NA,"NA","Estimated","TRUE",NA,"P_31287 _OR_ B_229001","NA","MOLSON COORS BREWING CO. _OR_ Molson Coors Brewing Co","311 10TH STREET _OR_ 311 10TH ST","311 10TH ST","UPDATED _OR_ OK","GOLDEN","CO","JEFFERSON","80401","GOOD","(303) 279-6565","39.7597723 _OR_ 39.7574","-105.218605 _OR_ -105.218978","312120 _OR_ 3399","BREWERIES _OR_ Other Miscellaneous Manufacturing","2082 _OR_ NA","NA","8059","300 _OR_ NA","NA","NA","NA","NA","80401 _ (303) 279-6565","GOLDEN_311 10TH ST","PinPt _OR_ BusPt","Pin, Bus _OR_ Bus","N","/CO/CFIandMolsonCoors_Copy.xlsx$CFI_MC_reformat, /CO/CO_Manufacture_Demands_Water.xlsx$Facility metadata, /CO/read_me.docx, Industrial_DataSummary_By_LEE.xlsx$WU_Industrial_table_SIC_NAICs, USEPA_HIFLD_EIA_PPP_facility_v6.csv"
"CO","WD","SW","IN","NA","MOLSON COORS","MOLSON COORS GOLDEN","MOLSON COORS BREWING COMPANY","NA","NA",NA,"COORS C","CLEAR CREEK","NA",NA,"312120","312120","industrial cooling purposes at the facility","NA","NA","NA",NA,NA,"NA",NA,"311 10th St","Golden","NA","CO","80401","NA","Golden",NA,NA,NA,"NA","NA","NA",NA,2011,1350,1221,1705,3320,1918,1858,1966,2293,2373,3602,1567,1432,"acft","Estimated",NA,"NA","Estimated","TRUE",NA,"P_31287 _OR_ B_229001","NA","MOLSON COORS BREWING CO. _OR_ Molson Coors Brewing Co","311 10TH STREET _OR_ 311 10TH ST","311 10TH ST","UPDATED _OR_ OK","GOLDEN","CO","JEFFERSON","80401","GOOD","(303) 279-6565","39.7597723 _OR_ 39.7574","-105.218605 _OR_ -105.218978","312120 _OR_ 3399","BREWERIES _OR_ Other Miscellaneous Manufacturing","2082 _OR_ NA","NA","8059","300 _OR_ NA","NA","NA","NA","NA","80401 _ (303) 279-6565","GOLDEN_311 10TH ST","PinPt _OR_ BusPt","Pin, Bus _OR_ Bus","N","/CO/CFIandMolsonCoors_Copy.xlsx$CFI_MC_reformat, /CO/CO_Manufacture_Demands_Water.xlsx$Facility metadata, /CO/read_me.docx, Industrial_DataSummary_By_LEE.xlsx$WU_Industrial_table_SIC_NAICs, USEPA_HIFLD_EIA_PPP_facility_v6.csv"
"CO","WD","SW","IN","NA","MOLSON COORS","MOLSON COORS GOLDEN","MOLSON COORS BREWING COMPANY","NA","NA",NA,"COORS C","CLEAR CREEK","NA",NA,"312120","312120","industrial cooling purposes at the facility","NA","NA","NA",NA,NA,"NA",NA,"311 10th St","Golden","NA","CO","80401","NA","Golden",NA,NA,NA,"NA","NA","NA",NA,2012,2004,1720,2244,2048,2198,2867,3959,4213,3457,3330,1514,NA,"acft","Estimated",NA,"NA","Estimated","TRUE",NA,"P_31287 _OR_ B_229001","NA","MOLSON COORS BREWING CO. _OR_ Molson Coors Brewing Co","311 10TH STREET _OR_ 311 10TH ST","311 10TH ST","UPDATED _OR_ OK","GOLDEN","CO","JEFFERSON","80401","GOOD","(303) 279-6565","39.7597723 _OR_ 39.7574","-105.218605 _OR_ -105.218978","312120 _OR_ 3399","BREWERIES _OR_ Other Miscellaneous Manufacturing","2082 _OR_ NA","NA","8059","300 _OR_ NA","NA","NA","NA","NA","80401 _ (303) 279-6565","GOLDEN_311 10TH ST","PinPt _OR_ BusPt","Pin, Bus _OR_ Bus","N","/CO/CFIandMolsonCoors_Copy.xlsx$CFI_MC_reformat, /CO/CO_Manufacture_Demands_Water.xlsx$Facility metadata, /CO/read_me.docx, Industrial_DataSummary_By_LEE.xlsx$WU_Industrial_table_SIC_NAICs, USEPA_HIFLD_EIA_PPP_facility_v6.csv"
"CO","WD","GW","IN","NA","WESTERN SUGAR COOPERATIVE","WESTERN SUGAR FORT MORGAN","WESTERN SUGAR COOPERATIVE","NA","NA",NA,"NA",NA,"NA",NA,"311313","2063","NA","NA","NA","NA",NA,NA,"NA",NA,"18317 Co-144","Fort Morgan","NA","CO","80701","NA","Sterling",NA,NA,NA,"NA","NA","NA",NA,NA,NA,NA,NA,NA,NA,NA,NA,NA,NA,NA,NA,NA,"NA","Estimated",NA,"NA","Estimated","TRUE",NA,"D_4948801","NA","Western Sugar Cooperative","1973 FACTORY ST","1973 FACTORY ST","OK","STERLING","CO","LOGAN","80751","GOOD","(970) 521-9887","40.617574","-103.209893","311314","Cane Sugar Manufacturing","NA","NA","NA","NA","1","0","0","NA","80751 _ (970) 521-9887","STERLING_1973 FACTORY ST","DBpt","DB","N","/CO/CO_Manufacture_Demands_Water.xlsx$Facility metadata, /CO/read_me.docx, Industrial_DataSummary_By_LEE.xlsx$WU_Industrial_table_SIC_NAICs, USEPA_HIFLD_EIA_PPP_facility_v6.csv"
"CO","WD",NA,"IN",NA,"western sugar cooperative",NA,NA,NA,NA,NA,NA,NA,"0110067",NA,NA,NA,NA,NA,NA,NA,NA,NA,NA,NA,NA,NA,NA,NA,NA,NA,NA,NA,NA,NA,NA,NA,NA,NA,2007,NA,NA,NA,NA,NA,NA,NA,NA,NA,NA,120.4,123.1,"acft","Estimated",NA,NA,"Estimated","TRUE",NA,NA,NA,NA,NA,NA,NA,NA,NA,NA,NA,NA,NA,NA,NA,NA,NA,NA,NA,NA,NA,NA,NA,NA,NA,NA,NA,NA,NA,NA,"/CO/CO_Manufacture_Demands_Water.xlsx$Western Sugar (Fort Morgan), /CO/read_me.docx"
"CO","WD",NA,"IN",NA,"western sugar cooperative",NA,NA,NA,NA,NA,NA,NA,"0109875",NA,NA,NA,NA,NA,NA,NA,NA,NA,NA,NA,NA,NA,NA,NA,NA,NA,NA,NA,NA,NA,NA,NA,NA,NA,2007,NA,NA,NA,NA,NA,NA,NA,NA,NA,NA,186.8,11.2,"acft","Estimated",NA,NA,"Estimated","TRUE",NA,NA,NA,NA,NA,NA,NA,NA,NA,NA,NA,NA,NA,NA,NA,NA,NA,NA,NA,NA,NA,NA,NA,NA,NA,NA,NA,NA,NA,NA,"/CO/CO_Manufacture_Demands_Water.xlsx$Western Sugar (Fort Morgan), /CO/read_me.docx"
"CO","WD",NA,"IN",NA,"western sugar cooperative",NA,NA,NA,NA,NA,NA,NA,"0105140",NA,NA,NA,NA,NA,NA,NA,NA,NA,NA,NA,NA,NA,NA,NA,NA,NA,NA,NA,NA,NA,NA,NA,NA,NA,2007,NA,NA,NA,NA,NA,NA,NA,NA,NA,NA,120.4,124.6,"acft","Estimated",NA,NA,"Estimated","TRUE",NA,NA,NA,NA,NA,NA,NA,NA,NA,NA,NA,NA,NA,NA,NA,NA,NA,NA,NA,NA,NA,NA,NA,NA,NA,NA,NA,NA,NA,NA,"/CO/CO_Manufacture_Demands_Water.xlsx$Western Sugar (Fort Morgan), /CO/read_me.docx"
"CO","WD",NA,"IN",NA,"western sugar cooperative",NA,NA,NA,NA,NA,NA,NA,"0110067",NA,NA,NA,NA,NA,NA,NA,NA,NA,NA,NA,NA,NA,NA,NA,NA,NA,NA,NA,NA,NA,NA,NA,NA,NA,2008,123.3,115.7,29.9,0,0,0,0,0,25,121.5,108.6,119.3,"acft","Estimated",NA,NA,"Estimated","TRUE",NA,NA,NA,NA,NA,NA,NA,NA,NA,NA,NA,NA,NA,NA,NA,NA,NA,NA,NA,NA,NA,NA,NA,NA,NA,NA,NA,NA,NA,NA,"/CO/CO_Manufacture_Demands_Water.xlsx$Western Sugar (Fort Morgan), /CO/read_me.docx"
"CO","WD",NA,"IN",NA,"western sugar cooperative",NA,NA,NA,NA,NA,NA,NA,"0109875",NA,NA,NA,NA,NA,NA,NA,NA,NA,NA,NA,NA,NA,NA,NA,NA,NA,NA,NA,NA,NA,NA,NA,NA,NA,2008,0,0,0,0,0,0,0,0,0,0,0,0,"acft","Estimated",NA,NA,"Estimated","TRUE",NA,NA,NA,NA,NA,NA,NA,NA,NA,NA,NA,NA,NA,NA,NA,NA,NA,NA,NA,NA,NA,NA,NA,NA,NA,NA,NA,NA,NA,NA,"/CO/CO_Manufacture_Demands_Water.xlsx$Western Sugar (Fort Morgan), /CO/read_me.docx"
"CO","WD",NA,"IN",NA,"western sugar cooperative",NA,NA,NA,NA,NA,NA,NA,"0105140",NA,NA,NA,NA,NA,NA,NA,NA,NA,NA,NA,NA,NA,NA,NA,NA,NA,NA,NA,NA,NA,NA,NA,NA,NA,2008,124.9,120.9,26.3,0,0,0,0,0,6.8,120.4,120.2,124.2,"acft","Estimated",NA,NA,"Estimated","TRUE",NA,NA,NA,NA,NA,NA,NA,NA,NA,NA,NA,NA,NA,NA,NA,NA,NA,NA,NA,NA,NA,NA,NA,NA,NA,NA,NA,NA,NA,NA,"/CO/CO_Manufacture_Demands_Water.xlsx$Western Sugar (Fort Morgan), /CO/read_me.docx"
"CO","WD",NA,"IN",NA,"western sugar cooperative",NA,NA,NA,NA,NA,NA,NA,"0110067",NA,NA,NA,NA,NA,NA,NA,NA,NA,NA,NA,NA,NA,NA,NA,NA,NA,NA,NA,NA,NA,NA,NA,NA,NA,2009,105.3,65.8,45.2,0,0,0,0,0,97.4,79.2,0,0,"acft","Estimated",NA,NA,"Estimated","TRUE",NA,NA,NA,NA,NA,NA,NA,NA,NA,NA,NA,NA,NA,NA,NA,NA,NA,NA,NA,NA,NA,NA,NA,NA,NA,NA,NA,NA,NA,NA,"/CO/CO_Manufacture_Demands_Water.xlsx$Western Sugar (Fort Morgan), /CO/read_me.docx"
"CO","WD",NA,"IN",NA,"western sugar cooperative",NA,NA,NA,NA,NA,NA,NA,"0109875",NA,NA,NA,NA,NA,NA,NA,NA,NA,NA,NA,NA,NA,NA,NA,NA,NA,NA,NA,NA,NA,NA,NA,NA,NA,2009,0,0,0,0,0,0,0,0,0,6.5,0,45.1,"acft","Estimated",NA,NA,"Estimated","TRUE",NA,NA,NA,NA,NA,NA,NA,NA,NA,NA,NA,NA,NA,NA,NA,NA,NA,NA,NA,NA,NA,NA,NA,NA,NA,NA,NA,NA,NA,NA,"/CO/CO_Manufacture_Demands_Water.xlsx$Western Sugar (Fort Morgan), /CO/read_me.docx"
"CO","WD",NA,"IN",NA,"western sugar cooperative",NA,NA,NA,NA,NA,NA,NA,"0105140",NA,NA,NA,NA,NA,NA,NA,NA,NA,NA,NA,NA,NA,NA,NA,NA,NA,NA,NA,NA,NA,NA,NA,NA,NA,2009,125.7,112.1,66.4,0,0,0,0,0,79.5,88.7,52.6,59.9,"acft","Estimated",NA,NA,"Estimated","TRUE",NA,NA,NA,NA,NA,NA,NA,NA,NA,NA,NA,NA,NA,NA,NA,NA,NA,NA,NA,NA,NA,NA,NA,NA,NA,NA,NA,NA,NA,NA,"/CO/CO_Manufacture_Demands_Water.xlsx$Western Sugar (Fort Morgan), /CO/read_me.docx"
"CO","WD",NA,"IN",NA,"western sugar cooperative",NA,NA,NA,NA,NA,NA,NA,"0110067",NA,NA,NA,NA,NA,NA,NA,NA,NA,NA,NA,NA,NA,NA,NA,NA,NA,NA,NA,NA,NA,NA,NA,NA,NA,2010,0,0,0,0,0,0,0,0,46.3,149.8,117.4,109,"acft","Estimated",NA,NA,"Estimated","TRUE",NA,NA,NA,NA,NA,NA,NA,NA,NA,NA,NA,NA,NA,NA,NA,NA,NA,NA,NA,NA,NA,NA,NA,NA,NA,NA,NA,NA,NA,NA,"/CO/CO_Manufacture_Demands_Water.xlsx$Western Sugar (Fort Morgan), /CO/read_me.docx"
"CO","WD",NA,"IN",NA,"western sugar cooperative",NA,NA,NA,NA,NA,NA,NA,"0109875",NA,NA,NA,NA,NA,NA,NA,NA,NA,NA,NA,NA,NA,NA,NA,NA,NA,NA,NA,NA,NA,NA,NA,NA,NA,2010,0,0,12.3,0,0,0,0,0,0,191,128.9,11.6,"acft","Estimated",NA,NA,"Estimated","TRUE",NA,NA,NA,NA,NA,NA,NA,NA,NA,NA,NA,NA,NA,NA,NA,NA,NA,NA,NA,NA,NA,NA,NA,NA,NA,NA,NA,NA,NA,NA,"/CO/CO_Manufacture_Demands_Water.xlsx$Western Sugar (Fort Morgan), /CO/read_me.docx"
"CO","WD",NA,"IN",NA,"western sugar cooperative",NA,NA,NA,NA,NA,NA,NA,"0105140",NA,NA,NA,NA,NA,NA,NA,NA,NA,NA,NA,NA,NA,NA,NA,NA,NA,NA,NA,NA,NA,NA,NA,NA,NA,2010,16.2,0,1.6,0,0,0,0,0,27.7,123.9,370.2,249,"acft","Estimated",NA,NA,"Estimated","TRUE",NA,NA,NA,NA,NA,NA,NA,NA,NA,NA,NA,NA,NA,NA,NA,NA,NA,NA,NA,NA,NA,NA,NA,NA,NA,NA,NA,NA,NA,NA,"/CO/CO_Manufacture_Demands_Water.xlsx$Western Sugar (Fort Morgan), /CO/read_me.docx"
"CO","WD",NA,"IN",NA,"western sugar cooperative",NA,NA,NA,NA,NA,NA,NA,"0110067",NA,NA,NA,NA,NA,NA,NA,NA,NA,NA,NA,NA,NA,NA,NA,NA,NA,NA,NA,NA,NA,NA,NA,NA,NA,2011,117.8,100.5,42.2,0,0,0,0,0,0,0,0,0,"acft","Estimated",NA,NA,"Estimated","TRUE",NA,NA,NA,NA,NA,NA,NA,NA,NA,NA,NA,NA,NA,NA,NA,NA,NA,NA,NA,NA,NA,NA,NA,NA,NA,NA,NA,NA,NA,NA,"/CO/CO_Manufacture_Demands_Water.xlsx$Western Sugar (Fort Morgan), /CO/read_me.docx"
"CO","WD",NA,"IN",NA,"western sugar cooperative",NA,NA,NA,NA,NA,NA,NA,"0109875",NA,NA,NA,NA,NA,NA,NA,NA,NA,NA,NA,NA,NA,NA,NA,NA,NA,NA,NA,NA,NA,NA,NA,NA,NA,2011,0,0,0,0,0,0,0,0,0,0,0,52.4,"acft","Estimated",NA,NA,"Estimated","TRUE",NA,NA,NA,NA,NA,NA,NA,NA,NA,NA,NA,NA,NA,NA,NA,NA,NA,NA,NA,NA,NA,NA,NA,NA,NA,NA,NA,NA,NA,NA,"/CO/CO_Manufacture_Demands_Water.xlsx$Western Sugar (Fort Morgan), /CO/read_me.docx"
"CO","WD",NA,"IN",NA,"western sugar cooperative",NA,NA,NA,NA,NA,NA,NA,"0105140",NA,NA,NA,NA,NA,NA,NA,NA,NA,NA,NA,NA,NA,NA,NA,NA,NA,NA,NA,NA,NA,NA,NA,NA,NA,2011,245.6,214.9,116.1,0,0,0,0,0,0,0,0.1,0.5,"acft","Estimated",NA,NA,"Estimated","TRUE",NA,NA,NA,NA,NA,NA,NA,NA,NA,NA,NA,NA,NA,NA,NA,NA,NA,NA,NA,NA,NA,NA,NA,NA,NA,NA,NA,NA,NA,NA,"/CO/CO_Manufacture_Demands_Water.xlsx$Western Sugar (Fort Morgan), /CO/read_me.docx"
"CO","WD",NA,"IN",NA,"western sugar cooperative",NA,NA,NA,NA,NA,NA,NA,"0110067",NA,NA,NA,NA,NA,NA,NA,NA,NA,NA,NA,NA,NA,NA,NA,NA,NA,NA,NA,NA,NA,NA,NA,NA,NA,2012,0,0,0,0,0,0,0,0,189.6,258.4,122.4,134.3,"acft","Estimated",NA,NA,"Estimated","TRUE",NA,NA,NA,NA,NA,NA,NA,NA,NA,NA,NA,NA,NA,NA,NA,NA,NA,NA,NA,NA,NA,NA,NA,NA,NA,NA,NA,NA,NA,NA,"/CO/CO_Manufacture_Demands_Water.xlsx$Western Sugar (Fort Morgan), /CO/read_me.docx"
"CO","WD",NA,"IN",NA,"western sugar cooperative",NA,NA,NA,NA,NA,NA,NA,"0109875",NA,NA,NA,NA,NA,NA,NA,NA,NA,NA,NA,NA,NA,NA,NA,NA,NA,NA,NA,NA,NA,NA,NA,NA,NA,2012,25.5,0,505.5,0,0,0,0,0,0,0,-999,-999,"acft","Estimated",NA,NA,"Estimated","TRUE",NA,NA,NA,NA,NA,NA,NA,NA,NA,NA,NA,NA,NA,NA,NA,NA,NA,NA,NA,NA,NA,NA,NA,NA,NA,NA,NA,NA,NA,NA,"/CO/CO_Manufacture_Demands_Water.xlsx$Western Sugar (Fort Morgan), /CO/read_me.docx"
"CO","WD",NA,"IN",NA,"western sugar cooperative",NA,NA,NA,NA,NA,NA,NA,"0105140",NA,NA,NA,NA,NA,NA,NA,NA,NA,NA,NA,NA,NA,NA,NA,NA,NA,NA,NA,NA,NA,NA,NA,NA,NA,2012,0.8,1.4,99.6,0,0,0,0,0,35,82.2,62.3,58.8,"acft","Estimated",NA,NA,"Estimated","TRUE",NA,NA,NA,NA,NA,NA,NA,NA,NA,NA,NA,NA,NA,NA,NA,NA,NA,NA,NA,NA,NA,NA,NA,NA,NA,NA,NA,NA,NA,NA,"/CO/CO_Manufacture_Demands_Water.xlsx$Western Sugar (Fort Morgan), /CO/read_me.docx"
"CO","WD",NA,"IN",NA,"western sugar cooperative",NA,NA,NA,NA,NA,NA,NA,"0110067",NA,NA,NA,NA,NA,NA,NA,NA,NA,NA,NA,NA,NA,NA,NA,NA,NA,NA,NA,NA,NA,NA,NA,NA,NA,2013,127.7,107.8,39.2,0,0,0,0,0,14,82.8,86.4,94.7,"acft","Estimated",NA,NA,"Estimated","TRUE",NA,NA,NA,NA,NA,NA,NA,NA,NA,NA,NA,NA,NA,NA,NA,NA,NA,NA,NA,NA,NA,NA,NA,NA,NA,NA,NA,NA,NA,NA,"/CO/CO_Manufacture_Demands_Water.xlsx$Western Sugar (Fort Morgan), /CO/read_me.docx"
"CO","WD",NA,"IN",NA,"western sugar cooperative",NA,NA,NA,NA,NA,NA,NA,"0109875",NA,NA,NA,NA,NA,NA,NA,NA,NA,NA,NA,NA,NA,NA,NA,NA,NA,NA,NA,NA,NA,NA,NA,NA,NA,2013,-999,-999,-999,-999,-999,-999,-999,-999,-999,-999,-999,-999,"acft","Estimated",NA,NA,"Estimated","TRUE",NA,NA,NA,NA,NA,NA,NA,NA,NA,NA,NA,NA,NA,NA,NA,NA,NA,NA,NA,NA,NA,NA,NA,NA,NA,NA,NA,NA,NA,NA,"/CO/CO_Manufacture_Demands_Water.xlsx$Western Sugar (Fort Morgan), /CO/read_me.docx"
"CO","WD",NA,"IN",NA,"western sugar cooperative",NA,NA,NA,NA,NA,NA,NA,"0105140",NA,NA,NA,NA,NA,NA,NA,NA,NA,NA,NA,NA,NA,NA,NA,NA,NA,NA,NA,NA,NA,NA,NA,NA,NA,2013,55.2,49.8,67.5,0,0,0,0,0,35.6,103.8,102.4,109.1,"acft","Estimated",NA,NA,"Estimated","TRUE",NA,NA,NA,NA,NA,NA,NA,NA,NA,NA,NA,NA,NA,NA,NA,NA,NA,NA,NA,NA,NA,NA,NA,NA,NA,NA,NA,NA,NA,NA,"/CO/CO_Manufacture_Demands_Water.xlsx$Western Sugar (Fort Morgan), /CO/read_me.docx"
"CO","WD",NA,"IN",NA,"western sugar cooperative",NA,NA,NA,NA,NA,NA,NA,"0110067",NA,NA,NA,NA,NA,NA,NA,NA,NA,NA,NA,NA,NA,NA,NA,NA,NA,NA,NA,NA,NA,NA,NA,NA,NA,2014,79,59.8,58.6,0,0,0,0,0,38.8,13.7,0,0,"acft","Estimated",NA,NA,"Estimated","TRUE",NA,NA,NA,NA,NA,NA,NA,NA,NA,NA,NA,NA,NA,NA,NA,NA,NA,NA,NA,NA,NA,NA,NA,NA,NA,NA,NA,NA,NA,NA,"/CO/CO_Manufacture_Demands_Water.xlsx$Western Sugar (Fort Morgan), /CO/read_me.docx"
"CO","WD",NA,"IN",NA,"western sugar cooperative",NA,NA,NA,NA,NA,NA,NA,"0109875",NA,NA,NA,NA,NA,NA,NA,NA,NA,NA,NA,NA,NA,NA,NA,NA,NA,NA,NA,NA,NA,NA,NA,NA,NA,2014,-999,-999,-999,-999,-999,-999,-999,-999,-999,-999,0,0,"acft","Estimated",NA,NA,"Estimated","TRUE",NA,NA,NA,NA,NA,NA,NA,NA,NA,NA,NA,NA,NA,NA,NA,NA,NA,NA,NA,NA,NA,NA,NA,NA,NA,NA,NA,NA,NA,NA,"/CO/CO_Manufacture_Demands_Water.xlsx$Western Sugar (Fort Morgan), /CO/read_me.docx"
"CO","WD",NA,"IN",NA,"western sugar cooperative",NA,NA,NA,NA,NA,NA,NA,"0105140",NA,NA,NA,NA,NA,NA,NA,NA,NA,NA,NA,NA,NA,NA,NA,NA,NA,NA,NA,NA,NA,NA,NA,NA,NA,2014,107.9,101.1,109.2,0,0,0,0,0,59,71.3,0,0,"acft","Estimated",NA,NA,"Estimated","TRUE",NA,NA,NA,NA,NA,NA,NA,NA,NA,NA,NA,NA,NA,NA,NA,NA,NA,NA,NA,NA,NA,NA,NA,NA,NA,NA,NA,NA,NA,NA,"/CO/CO_Manufacture_Demands_Water.xlsx$Western Sugar (Fort Morgan), /CO/read_me.docx"
"CO","WD",NA,"IN",NA,"western sugar cooperative",NA,NA,NA,NA,NA,NA,NA,"0110067",NA,NA,NA,NA,NA,NA,NA,NA,NA,NA,NA,NA,NA,NA,NA,NA,NA,NA,NA,NA,NA,NA,NA,NA,NA,2015,0,7.4,45.2,0,0,0,0,0,0,0,0,0,"acft","Estimated",NA,NA,"Estimated","TRUE",NA,NA,NA,NA,NA,NA,NA,NA,NA,NA,NA,NA,NA,NA,NA,NA,NA,NA,NA,NA,NA,NA,NA,NA,NA,NA,NA,NA,NA,NA,"/CO/CO_Manufacture_Demands_Water.xlsx$Western Sugar (Fort Morgan), /CO/read_me.docx"
"CO","WD",NA,"IN",NA,"western sugar cooperative",NA,NA,NA,NA,NA,NA,NA,"0109875",NA,NA,NA,NA,NA,NA,NA,NA,NA,NA,NA,NA,NA,NA,NA,NA,NA,NA,NA,NA,NA,NA,NA,NA,NA,2015,0,216.4,427.8,0,0,0,0,0,110.3,0,0,0,"acft","Estimated",NA,NA,"Estimated","TRUE",NA,NA,NA,NA,NA,NA,NA,NA,NA,NA,NA,NA,NA,NA,NA,NA,NA,NA,NA,NA,NA,NA,NA,NA,NA,NA,NA,NA,NA,NA,"/CO/CO_Manufacture_Demands_Water.xlsx$Western Sugar (Fort Morgan), /CO/read_me.docx"
"CO","WD",NA,"IN",NA,"western sugar cooperative",NA,NA,NA,NA,NA,NA,NA,"0105140",NA,NA,NA,NA,NA,NA,NA,NA,NA,NA,NA,NA,NA,NA,NA,NA,NA,NA,NA,NA,NA,NA,NA,NA,NA,2015,0,58,123.6,0,0,0,0,0,50.8,80.5,70.4,66.1,"acft","Estimated",NA,NA,"Estimated","TRUE",NA,NA,NA,NA,NA,NA,NA,NA,NA,NA,NA,NA,NA,NA,NA,NA,NA,NA,NA,NA,NA,NA,NA,NA,NA,NA,NA,NA,NA,NA,"/CO/CO_Manufacture_Demands_Water.xlsx$Western Sugar (Fort Morgan), /CO/read_me.docx"
"CO","WD",NA,"IN",NA,"western sugar cooperative",NA,NA,NA,NA,NA,NA,NA,"0110067",NA,NA,NA,NA,NA,NA,NA,NA,NA,NA,NA,NA,NA,NA,NA,NA,NA,NA,NA,NA,NA,NA,NA,NA,NA,2016,0,0,10.2,0,0,0,0,0,27.8,133.9,129.1,139.6,"acft","Estimated",NA,NA,"Estimated","TRUE",NA,NA,NA,NA,NA,NA,NA,NA,NA,NA,NA,NA,NA,NA,NA,NA,NA,NA,NA,NA,NA,NA,NA,NA,NA,NA,NA,NA,NA,NA,"/CO/CO_Manufacture_Demands_Water.xlsx$Western Sugar (Fort Morgan), /CO/read_me.docx"
"CO","WD",NA,"IN",NA,"western sugar cooperative",NA,NA,NA,NA,NA,NA,NA,"0109875",NA,NA,NA,NA,NA,NA,NA,NA,NA,NA,NA,NA,NA,NA,NA,NA,NA,NA,NA,NA,NA,NA,NA,NA,NA,2016,0,139.1,37.6,0,0,0,0,0,0,0,0,0,"acft","Estimated",NA,NA,"Estimated","TRUE",NA,NA,NA,NA,NA,NA,NA,NA,NA,NA,NA,NA,NA,NA,NA,NA,NA,NA,NA,NA,NA,NA,NA,NA,NA,NA,NA,NA,NA,NA,"/CO/CO_Manufacture_Demands_Water.xlsx$Western Sugar (Fort Morgan), /CO/read_me.docx"
"CO","WD",NA,"IN",NA,"western sugar cooperative",NA,NA,NA,NA,NA,NA,NA,"0105140",NA,NA,NA,NA,NA,NA,NA,NA,NA,NA,NA,NA,NA,NA,NA,NA,NA,NA,NA,NA,NA,NA,NA,NA,NA,2016,73.2,73.7,52.9,0,0,0,0,0,20.8,82.3,79.7,92.2,"acft","Estimated",NA,NA,"Estimated","TRUE",NA,NA,NA,NA,NA,NA,NA,NA,NA,NA,NA,NA,NA,NA,NA,NA,NA,NA,NA,NA,NA,NA,NA,NA,NA,NA,NA,NA,NA,NA,"/CO/CO_Manufacture_Demands_Water.xlsx$Western Sugar (Fort Morgan), /CO/read_me.docx"
"CO","WD",NA,"IN",NA,"western sugar cooperative",NA,NA,NA,NA,NA,NA,NA,"0110067",NA,NA,NA,NA,NA,NA,NA,NA,NA,NA,NA,NA,NA,NA,NA,NA,NA,NA,NA,NA,NA,NA,NA,NA,NA,2017,45.3,58.5,38.2,37.2,50.1,11.4,0,0,0.1,0,0,0,"acft","Estimated",NA,NA,"Estimated","TRUE",NA,NA,NA,NA,NA,NA,NA,NA,NA,NA,NA,NA,NA,NA,NA,NA,NA,NA,NA,NA,NA,NA,NA,NA,NA,NA,NA,NA,NA,NA,"/CO/CO_Manufacture_Demands_Water.xlsx$Western Sugar (Fort Morgan), /CO/read_me.docx"
"CO","WD",NA,"IN",NA,"western sugar cooperative",NA,NA,NA,NA,NA,NA,NA,"0109875",NA,NA,NA,NA,NA,NA,NA,NA,NA,NA,NA,NA,NA,NA,NA,NA,NA,NA,NA,NA,NA,NA,NA,NA,NA,2017,0,0,1.3,0,0,0,0,0,1,10.3,55.7,29.4,"acft","Estimated",NA,NA,"Estimated","TRUE",NA,NA,NA,NA,NA,NA,NA,NA,NA,NA,NA,NA,NA,NA,NA,NA,NA,NA,NA,NA,NA,NA,NA,NA,NA,NA,NA,NA,NA,NA,"/CO/CO_Manufacture_Demands_Water.xlsx$Western Sugar (Fort Morgan), /CO/read_me.docx"
"CO","WD",NA,"IN",NA,"western sugar cooperative",NA,NA,NA,NA,NA,NA,NA,"0105140",NA,NA,NA,NA,NA,NA,NA,NA,NA,NA,NA,NA,NA,NA,NA,NA,NA,NA,NA,NA,NA,NA,NA,NA,NA,2017,89.8,81.7,75.9,34.1,34.2,27.6,23.5,15,9.9,58.8,30.6,23.2,"acft","Estimated",NA,NA,"Estimated","TRUE",NA,NA,NA,NA,NA,NA,NA,NA,NA,NA,NA,NA,NA,NA,NA,NA,NA,NA,NA,NA,NA,NA,NA,NA,NA,NA,NA,NA,NA,NA,"/CO/CO_Manufacture_Demands_Water.xlsx$Western Sugar (Fort Morgan), /CO/read_me.docx"
"CO","WD",NA,"IN",NA,"western sugar cooperative",NA,NA,NA,NA,NA,NA,NA,"0110067",NA,NA,NA,NA,NA,NA,NA,NA,NA,NA,NA,NA,NA,NA,NA,NA,NA,NA,NA,NA,NA,NA,NA,NA,NA,2018,0,0,0,0,0,0,0,0,4.3,3.6,2.8,11.4,"acft","Estimated",NA,NA,"Estimated","TRUE",NA,NA,NA,NA,NA,NA,NA,NA,NA,NA,NA,NA,NA,NA,NA,NA,NA,NA,NA,NA,NA,NA,NA,NA,NA,NA,NA,NA,NA,NA,"/CO/CO_Manufacture_Demands_Water.xlsx$Western Sugar (Fort Morgan), /CO/read_me.docx"
"CO","WD",NA,"IN",NA,"western sugar cooperative",NA,NA,NA,NA,NA,NA,NA,"0109875",NA,NA,NA,NA,NA,NA,NA,NA,NA,NA,NA,NA,NA,NA,NA,NA,NA,NA,NA,NA,NA,NA,NA,NA,NA,2018,38.4,21.9,22,23.5,4.1,22.3,2.7,0,0,0,-999,-999,"acft","Estimated",NA,NA,"Estimated","TRUE",NA,NA,NA,NA,NA,NA,NA,NA,NA,NA,NA,NA,NA,NA,NA,NA,NA,NA,NA,NA,NA,NA,NA,NA,NA,NA,NA,NA,NA,NA,"/CO/CO_Manufacture_Demands_Water.xlsx$Western Sugar (Fort Morgan), /CO/read_me.docx"
"CO","WD",NA,"IN",NA,"western sugar cooperative",NA,NA,NA,NA,NA,NA,NA,"0105140",NA,NA,NA,NA,NA,NA,NA,NA,NA,NA,NA,NA,NA,NA,NA,NA,NA,NA,NA,NA,NA,NA,NA,NA,NA,2018,21.1,16.5,18.8,20.5,19.1,14.5,4.3,0.9,28.7,36.7,34.9,33.6,"acft","Estimated",NA,NA,"Estimated","TRUE",NA,NA,NA,NA,NA,NA,NA,NA,NA,NA,NA,NA,NA,NA,NA,NA,NA,NA,NA,NA,NA,NA,NA,NA,NA,NA,NA,NA,NA,NA,"/CO/CO_Manufacture_Demands_Water.xlsx$Western Sugar (Fort Morgan), /CO/read_me.docx"
"CO","WD",NA,"IN",NA,"western sugar cooperative",NA,NA,NA,NA,NA,NA,NA,"0110067",NA,NA,NA,NA,NA,NA,NA,NA,NA,NA,NA,NA,NA,NA,NA,NA,NA,NA,NA,NA,NA,NA,NA,NA,NA,2019,11.1,12.2,22.2,7.8,4.8,0,0,0,1,3.9,NA,NA,"acft","Estimated",NA,NA,"Estimated","TRUE",NA,NA,NA,NA,NA,NA,NA,NA,NA,NA,NA,NA,NA,NA,NA,NA,NA,NA,NA,NA,NA,NA,NA,NA,NA,NA,NA,NA,NA,NA,"/CO/CO_Manufacture_Demands_Water.xlsx$Western Sugar (Fort Morgan), /CO/read_me.docx"
"CO","WD",NA,"IN",NA,"western sugar cooperative",NA,NA,NA,NA,NA,NA,NA,"0109875",NA,NA,NA,NA,NA,NA,NA,NA,NA,NA,NA,NA,NA,NA,NA,NA,NA,NA,NA,NA,NA,NA,NA,NA,NA,2019,-999,-999,-999,-999,-999,-999,-999,-999,-999,-999,NA,NA,"acft","Estimated",NA,NA,"Estimated","TRUE",NA,NA,NA,NA,NA,NA,NA,NA,NA,NA,NA,NA,NA,NA,NA,NA,NA,NA,NA,NA,NA,NA,NA,NA,NA,NA,NA,NA,NA,NA,"/CO/CO_Manufacture_Demands_Water.xlsx$Western Sugar (Fort Morgan), /CO/read_me.docx"
"CO","WD",NA,"IN",NA,"western sugar cooperative",NA,NA,NA,NA,NA,NA,NA,"0105140",NA,NA,NA,NA,NA,NA,NA,NA,NA,NA,NA,NA,NA,NA,NA,NA,NA,NA,NA,NA,NA,NA,NA,NA,NA,2019,36.8,34.9,36.2,24.6,0.7,0.4,0.8,0.6,21.9,26.8,NA,NA,"acft","Estimated",NA,NA,"Estimated","TRUE",NA,NA,NA,NA,NA,NA,NA,NA,NA,NA,NA,NA,NA,NA,NA,NA,NA,NA,NA,NA,NA,NA,NA,NA,NA,NA,NA,NA,NA,NA,"/CO/CO_Manufacture_Demands_Water.xlsx$Western Sugar (Fort Morgan), /CO/read_me.docx"
