"State","ValueType","SourceType","Category","Saline","FacilityName","FacilityName1","FacilityName2","FacilityNumber","FacilityNumber1","FacilityNumber2","SourceName","SourceName1","SourceNumber","SourceNumber1","NAICS","SIC","Description","HUC8","HUC10","HUC12","AquiferName1","AquiferName2","BasinName1","BasinName2","Address1","City1","County1","State1","Zip1","Address2","City2","Zip2","Lat","Lon","Datum","Year","Jan","Feb","Mar","Apr","May","Jun","Jul","Aug","Sep","Oct","Nov","Dec","Units_monthly","Method_monthly","Annual_reported","Units_annual_reported","Method_annual_reported","DataProtected","FIPS5code","DataSource"
"CT",NA,"GW","IN","FALSE","ferris mulch products limited liability corporation",NA,NA,"6604007INDGR",NA,NA,"viking wire company deep water well 1",NA,"12758",NA,NA,NA,NA,NA,NA,NA,NA,NA,NA,NA,NA,"Danbury","FAIRFIELD",NA,NA,NA,NA,NA,"41.396","-73.411",NA,2021,0,0,0,0,0,0,0,0,0,0,0,0,"mgd","Estimated",NA,NA,NA,NA,"09001","/CT/ConnecticutIndustrial_WU_info.xlsx$Sheet1, CountyFIPS.csv"
"CT",NA,"SW","IN","TRUE","pseg power connecticut limited liability corporation",NA,NA,"7000013PWRSU",NA,NA,"bridgeport harbor station unit 3 intake",NA,"12860",NA,NA,NA,NA,NA,NA,NA,NA,NA,NA,NA,NA,"Bridgeport","FAIRFIELD",NA,NA,NA,NA,NA,"41.171","-73.1827",NA,2020,144,134.7097,144,139.3548,91.9355,139.3548,156.1935,81.0968,0,6.7742,0,85.9355,"mgd","Metered",NA,NA,NA,NA,"09001","/CT/ConnecticutIndustrial_WU_info.xlsx$Sheet1, CountyFIPS.csv"
"CT",NA,"GW","IN","FALSE","abbott ball company",NA,NA,"4402001INDGR",NA,NA,"abbott ball s well",NA,"12502",NA,NA,NA,NA,NA,NA,NA,NA,NA,NA,NA,NA,"West Hartford","HARTFORD",NA,NA,NA,NA,NA,"41.72999864","-72.72633663",NA,2020,0.14,0.14,0.14,0.14,0.14,0.14,0.14,0.14,0.14,0.14,0.14,0.14,"mgd","Estimated",NA,NA,NA,NA,"09003","/CT/ConnecticutIndustrial_WU_info.xlsx$Sheet1, CountyFIPS.csv"
"CT",NA,"SW","IN","FALSE","ahlstrom dexter limited liability corporation",NA,NA,"4000085INDRI",NA,NA,"dexter windsor locks canal",NA,"12214",NA,NA,NA,NA,NA,NA,NA,NA,NA,NA,NA,NA,"Windsor Locks","HARTFORD",NA,NA,NA,NA,NA,"41.92445","-72.628778",NA,2020,10.1064,10.572,11.9736,10.9745,12.3677,8.4827,6.2071,6.1219,5.2746,13.3627,12.4281,11.4735,"mgd","Metered",NA,NA,NA,NA,"09003","/CT/ConnecticutIndustrial_WU_info.xlsx$Sheet1, CountyFIPS.csv"
"CT",NA,"SW","IN","FALSE","algonquin power windsor locks limited liability corporation",NA,NA,"200201790",NA,NA,"windsor locks canal diversion and discharge",NA,"12034",NA,NA,NA,NA,NA,NA,NA,NA,NA,NA,NA,NA,"Windsor Locks","HARTFORD",NA,NA,NA,NA,NA,"41.92684","-72.62639",NA,2020,1.548,1.6436,1.9805,1.5092,2.1799,1.584,0,0,0,0,0,0,"mgd","Metered",NA,NA,NA,NA,"09003","/CT/ConnecticutIndustrial_WU_info.xlsx$Sheet1, CountyFIPS.csv"
"CT",NA,"SW","IN","FALSE","andrew ansaldi company",NA,NA,"4504018INDIM",NA,NA,"ansaldi folly pond",NA,"12577",NA,NA,NA,NA,NA,NA,NA,NA,NA,NA,NA,NA,"Manchester","HARTFORD",NA,NA,NA,NA,NA,"41.76128184","-72.55288938",NA,2020,7e-04,0.0039,0.0248,0.044,0.0446,0.044,0.0341,0.0297,0.0212,0.0255,0.0248,0.0118,"mgd","Metered",NA,NA,NA,NA,"09003","/CT/ConnecticutIndustrial_WU_info.xlsx$Sheet1, CountyFIPS.csv"
"CT",NA,"SW","IN","FALSE","dunn paper east hartford limited liability corporation",NA,NA,"201105690",NA,NA,"hockanum river withdrawal",NA,"12090",NA,NA,NA,NA,NA,NA,NA,NA,NA,NA,NA,NA,"East Hartford","HARTFORD",NA,NA,NA,NA,NA,"41.77572","-72.60804",NA,2020,0.85,0.85,0.85,0.85,0.85,0.85,0.85,0.85,0.85,0.85,0.85,0.85,"mgd","Estimated",NA,NA,NA,NA,"09003","/CT/ConnecticutIndustrial_WU_info.xlsx$Sheet1, CountyFIPS.csv"
"CT",NA,"GW","IN","FALSE","j m ney company",NA,NA,"4404001INDGR",NA,NA,"ney artesian well",NA,"12518",NA,NA,NA,NA,NA,NA,NA,NA,NA,NA,NA,NA,"Bloomfield","HARTFORD",NA,NA,NA,NA,NA,"41.81467736","-72.69862907",NA,1997,0,0,0,0,0,0,0,0,0,0,0,0,"mgd","Metered",NA,NA,NA,NA,"09003","/CT/ConnecticutIndustrial_WU_info.xlsx$Sheet1, CountyFIPS.csv"
"CT",NA,"GW","IN","FALSE","j m ney company",NA,NA,"4404001INDGR",NA,NA,"ney artesian well",NA,"12518",NA,NA,NA,NA,NA,NA,NA,NA,NA,NA,NA,NA,"Bloomfield","HARTFORD",NA,NA,NA,NA,NA,"41.81467736","-72.69862907",NA,1998,0,0,0,0,0,0,0,0,0,0,0,0,"mgd","Metered",NA,NA,NA,NA,"09003","/CT/ConnecticutIndustrial_WU_info.xlsx$Sheet1, CountyFIPS.csv"
"CT",NA,"GW","IN","FALSE","j m ney company",NA,NA,"4404001INDGR",NA,NA,"ney artesian well",NA,"12518",NA,NA,NA,NA,NA,NA,NA,NA,NA,NA,NA,NA,"Bloomfield","HARTFORD",NA,NA,NA,NA,NA,"41.81467736","-72.69862907",NA,1999,0,0,0,0,0,0,0,0,0,0,0,0,"mgd","Metered",NA,NA,NA,NA,"09003","/CT/ConnecticutIndustrial_WU_info.xlsx$Sheet1, CountyFIPS.csv"
"CT",NA,"GW","IN","FALSE","j m ney company",NA,NA,"4404001INDGR",NA,NA,"ney artesian well",NA,"12518",NA,NA,NA,NA,NA,NA,NA,NA,NA,NA,NA,NA,"Bloomfield","HARTFORD",NA,NA,NA,NA,NA,"41.81467736","-72.69862907",NA,2000,0,0,0,0,0,0,0,0,0,0,0,0,"mgd","Metered",NA,NA,NA,NA,"09003","/CT/ConnecticutIndustrial_WU_info.xlsx$Sheet1, CountyFIPS.csv"
"CT",NA,"GW","IN","FALSE","j m ney company",NA,NA,"4404001INDGR",NA,NA,"ney artesian well",NA,"12518",NA,NA,NA,NA,NA,NA,NA,NA,NA,NA,NA,NA,"Bloomfield","HARTFORD",NA,NA,NA,NA,NA,"41.81467736","-72.69862907",NA,2001,0,0,0,0,0,0,0,0,0,0,0,0,"mgd","Metered",NA,NA,NA,NA,"09003","/CT/ConnecticutIndustrial_WU_info.xlsx$Sheet1, CountyFIPS.csv"
"CT",NA,"SW","IN","FALSE","manchester sand and gravel company",NA,NA,"4500019INDRI",NA,NA,"manchester sandg manchester hockanum river pump",NA,"12548",NA,NA,NA,NA,NA,NA,NA,NA,NA,NA,NA,NA,"Manchester","HARTFORD",NA,NA,NA,NA,NA,"41.78668215","-72.55677219",NA,2020,0.864,0.864,0.864,0.864,0.864,0.864,0.864,0.864,0.864,0.864,0.864,0.864,"mgd","Estimated",NA,NA,NA,NA,"09003","/CT/ConnecticutIndustrial_WU_info.xlsx$Sheet1, CountyFIPS.csv"
"CT",NA,"SW","IN","FALSE","manchester sand and gravel company",NA,NA,"4500022INDIM",NA,NA,"manchester sandg manchester settling lagoons 6",NA,"12551",NA,NA,NA,NA,NA,NA,NA,NA,NA,NA,NA,NA,"Manchester","HARTFORD",NA,NA,NA,NA,NA,"41.7943681","-72.55797166",NA,2020,2.016,2.016,2.016,2.016,2.016,2.016,2.016,2.016,2.016,2.016,2.016,2.016,"mgd","Estimated",NA,NA,NA,NA,"09003","/CT/ConnecticutIndustrial_WU_info.xlsx$Sheet1, CountyFIPS.csv"
"CT",NA,"SW","IN","FALSE","materials innovation and recycling authority",NA,NA,"4000091PWRRI",NA,NA,"ct river intake canal 4 unit",NA,"12216",NA,NA,NA,NA,NA,NA,NA,NA,NA,NA,NA,NA,"Hartford","HARTFORD",NA,NA,NA,NA,NA,"41.7501831","-72.6510887",NA,2020,2.0003,1.7824,1.7743,1.6259,2.4393,2.0453,1.7378,1.8426,1.7035,2.2454,1.8176,1.6176,"mgd","Metered",NA,NA,NA,NA,"09003","/CT/ConnecticutIndustrial_WU_info.xlsx$Sheet1, CountyFIPS.csv"
"CT",NA,"SW","IN","FALSE","materials innovation and recycling authority",NA,NA,"4000092PWRRI",NA,NA,"ct river intake canal 5 unit",NA,"12217",NA,NA,NA,NA,NA,NA,NA,NA,NA,NA,NA,NA,"Hartford","HARTFORD",NA,NA,NA,NA,NA,"41.75035514","-72.65169922",NA,2020,26.8313,26.3331,34.56,21.4243,31.4981,32.4975,33.2981,34.56,30.3786,34.56,32.8583,31.5933,"mgd","Metered",NA,NA,NA,NA,"09003","/CT/ConnecticutIndustrial_WU_info.xlsx$Sheet1, CountyFIPS.csv"
"CT",NA,"SW","IN","FALSE","materials innovation and recycling authority",NA,NA,"4000093PWRRI",NA,NA,"ct river intake canal 6 unit",NA,"12218",NA,NA,NA,NA,NA,NA,NA,NA,NA,NA,NA,NA,"Hartford","HARTFORD",NA,NA,NA,NA,NA,"41.75064145","-72.65223323",NA,2020,34.561,23.2799,14.7614,20.9608,34.5975,32.5948,35.2435,29.48,17.8576,34.5934,28.8935,20.7051,"mgd","Metered",NA,NA,NA,NA,"09003","/CT/ConnecticutIndustrial_WU_info.xlsx$Sheet1, CountyFIPS.csv"
"CT",NA,"SW","IN","FALSE","stanley black and decker incorporated",NA,NA,"202010771",NA,NA,"building 431 sump pumps 2 sump pits discharge to piper brook",NA,"12008",NA,NA,NA,NA,NA,NA,NA,NA,NA,NA,NA,NA,"New Britain","HARTFORD",NA,NA,NA,NA,NA,"41.66955","-72.79725",NA,2021,0.031,0.028,0.031,0.03,0.031,0.03,0.031,0.031,0.03,0.031,0.03,0.0332,"mgd","Estimated",NA,NA,NA,NA,"09003","/CT/ConnecticutIndustrial_WU_info.xlsx$Sheet1, CountyFIPS.csv"
"CT",NA,"GW","IN","FALSE","sumitomo bakelite north america incorporated",NA,NA,"4500036INDGR",NA,NA,"manchester plant manchester well 1",NA,"12558",NA,NA,NA,NA,NA,NA,NA,NA,NA,NA,NA,NA,"Manchester","HARTFORD",NA,NA,NA,NA,NA,"41.79594269","-72.51870255",NA,1997,0.0077,0.0085,0.0077,0.008,0.0077,0.008,0.0077,0.0067,0.008,0.0077,0.008,0.0077,"mgd","Metered",NA,NA,NA,NA,"09003","/CT/ConnecticutIndustrial_WU_info.xlsx$Sheet1, CountyFIPS.csv"
"CT",NA,"GW","IN","FALSE","sumitomo bakelite north america incorporated",NA,NA,"4500036INDGR",NA,NA,"manchester plant manchester well 1",NA,"12558",NA,NA,NA,NA,NA,NA,NA,NA,NA,NA,NA,NA,"Manchester","HARTFORD",NA,NA,NA,NA,NA,"41.79594269","-72.51870255",NA,1998,0.0077,0.0085,0.0077,0.008,0.0077,0.008,0.0077,0.0067,0.008,0.0077,0.008,0.0077,"mgd","Metered",NA,NA,NA,NA,"09003","/CT/ConnecticutIndustrial_WU_info.xlsx$Sheet1, CountyFIPS.csv"
"CT",NA,"GW","IN","FALSE","sumitomo bakelite north america incorporated",NA,NA,"4500036INDGR",NA,NA,"manchester plant manchester well 1",NA,"12558",NA,NA,NA,NA,NA,NA,NA,NA,NA,NA,NA,NA,"Manchester","HARTFORD",NA,NA,NA,NA,NA,"41.79594269","-72.51870255",NA,1999,0.0077,0.0085,0.0077,0.008,0.0077,0.008,0.0077,0.0067,0.008,0.0077,0.008,0.0077,"mgd","Metered",NA,NA,NA,NA,"09003","/CT/ConnecticutIndustrial_WU_info.xlsx$Sheet1, CountyFIPS.csv"
"CT",NA,"GW","IN","FALSE","sumitomo bakelite north america incorporated",NA,NA,"4500036INDGR",NA,NA,"manchester plant manchester well 1",NA,"12558",NA,NA,NA,NA,NA,NA,NA,NA,NA,NA,NA,NA,"Manchester","HARTFORD",NA,NA,NA,NA,NA,"41.79594269","-72.51870255",NA,2000,0.0077,0.008,0.0077,0.008,0.0077,0.008,0.0077,0.0067,0.008,0.0077,0.008,0.0077,"mgd","Metered",NA,NA,NA,NA,"09003","/CT/ConnecticutIndustrial_WU_info.xlsx$Sheet1, CountyFIPS.csv"
"CT",NA,"GW","IN","FALSE","sumitomo bakelite north america incorporated",NA,NA,"4500036INDGR",NA,NA,"manchester plant manchester well 1",NA,"12558",NA,NA,NA,NA,NA,NA,NA,NA,NA,NA,NA,NA,"Manchester","HARTFORD",NA,NA,NA,NA,NA,"41.79594269","-72.51870255",NA,2001,0,0,0,0,0,0,0.0077,0.0067,0.008,0.0077,0.008,0.0077,"mgd","Metered",NA,NA,NA,NA,"09003","/CT/ConnecticutIndustrial_WU_info.xlsx$Sheet1, CountyFIPS.csv"
"CT",NA,"SW","IN","FALSE","the hartford steam company limited liability corporation",NA,NA,"201501534",NA,NA,"withdrawal from connecticut river",NA,"12111",NA,NA,NA,NA,NA,NA,NA,NA,NA,NA,NA,NA,"Hartford","HARTFORD",NA,NA,NA,NA,NA,"41.76192","-72.67144",NA,2020,62,62,62,62,62,62,62,62,62,62,62,62,"mgd","Estimated",NA,NA,NA,NA,"09003","/CT/ConnecticutIndustrial_WU_info.xlsx$Sheet1, CountyFIPS.csv"
"CT",NA,"SW","IN","FALSE","tilcon connecticut incorporated",NA,NA,"201106485",NA,NA,"newington plant quarry sump",NA,"12091",NA,NA,NA,NA,NA,NA,NA,NA,NA,NA,NA,NA,"Newington","HARTFORD",NA,NA,NA,NA,NA,"41.71823","-72.71206",NA,2020,0.0972,0.0245,0.0956,0.1028,0.1061,0.0626,0.0608,0.0354,0.0164,0.022,0.0416,0.1322,"mgd","Metered",NA,NA,NA,NA,"09003","/CT/ConnecticutIndustrial_WU_info.xlsx$Sheet1, CountyFIPS.csv"
"CT",NA,"GW","IN","FALSE","united technologies corporation",NA,NA,"4000019INDGR",NA,NA,"east hartford well no 02",NA,"12184",NA,NA,NA,NA,NA,NA,NA,NA,NA,NA,NA,NA,"East Hartford","HARTFORD",NA,NA,NA,NA,NA,"41.75227796","-72.63109947",NA,2020,0.072,0.072,0.072,0.072,0.072,0.072,0.072,0.072,0.072,0.072,0.072,0.072,"mgd","Estimated",NA,NA,NA,NA,"09003","/CT/ConnecticutIndustrial_WU_info.xlsx$Sheet1, CountyFIPS.csv"
"CT",NA,"GW","IN","FALSE","united technologies corporation",NA,NA,"4000020INDGR",NA,NA,"east hartford well no 03",NA,"12185",NA,NA,NA,NA,NA,NA,NA,NA,NA,NA,NA,NA,"East Hartford","HARTFORD",NA,NA,NA,NA,NA,"41.75041099","-72.63027223",NA,2020,0.31,0.31,0.31,0.31,0.31,0.31,0.31,0.31,0.31,0.31,0.31,0.31,"mgd","Estimated",NA,NA,NA,NA,"09003","/CT/ConnecticutIndustrial_WU_info.xlsx$Sheet1, CountyFIPS.csv"
"CT",NA,"GW","IN","FALSE","united technologies corporation",NA,NA,"4000022INDGR",NA,NA,"east hartford well no 06",NA,"12186",NA,NA,NA,NA,NA,NA,NA,NA,NA,NA,NA,NA,"East Hartford","HARTFORD",NA,NA,NA,NA,NA,"41.74621179","-72.62656657",NA,2020,0.086,0.086,0.086,0.086,0.086,0.086,0.086,0.086,0.086,0.086,0.086,0.086,"mgd","Estimated",NA,NA,NA,NA,"09003","/CT/ConnecticutIndustrial_WU_info.xlsx$Sheet1, CountyFIPS.csv"
"CT",NA,"GW","IN","FALSE","united technologies corporation",NA,NA,"4000023INDGR",NA,NA,"east hartford well no 07",NA,"12187",NA,NA,NA,NA,NA,NA,NA,NA,NA,NA,NA,NA,"East Hartford","HARTFORD",NA,NA,NA,NA,NA,"41.74739539","-72.62616404",NA,2020,0.086,0.086,0.086,0.086,0.086,0.086,0.086,0.086,0.086,0.086,0.086,0.086,"mgd","Estimated",NA,NA,NA,NA,"09003","/CT/ConnecticutIndustrial_WU_info.xlsx$Sheet1, CountyFIPS.csv"
"CT",NA,"GW","IN","FALSE","united technologies corporation",NA,NA,"4006005INDGR",NA,NA,"east hartford well no 02 dw",NA,"12242",NA,NA,NA,NA,NA,NA,NA,NA,NA,NA,NA,NA,"East Hartford","HARTFORD",NA,NA,NA,NA,NA,"41.74793847","-72.62948523",NA,2020,0.432,0.432,0.432,0.432,0.432,0.432,0.432,0.432,0.432,0.432,0.432,0.432,"mgd","Estimated",NA,NA,NA,NA,"09003","/CT/ConnecticutIndustrial_WU_info.xlsx$Sheet1, CountyFIPS.csv"
"CT",NA,"GW","IN","FALSE","united technologies corporation",NA,NA,"4006006INDGR",NA,NA,"east hartford well no 08",NA,"12243",NA,NA,NA,NA,NA,NA,NA,NA,NA,NA,NA,NA,"East Hartford","HARTFORD",NA,NA,NA,NA,NA,"41.74661641","-72.62652577",NA,2020,0.144,0.144,0.144,0.144,0.144,0.144,0.144,0.144,0.144,0.144,0.144,0.144,"mgd","Estimated",NA,NA,NA,NA,"09003","/CT/ConnecticutIndustrial_WU_info.xlsx$Sheet1, CountyFIPS.csv"
"CT",NA,"GW","IN","FALSE","united technologies corporation",NA,NA,"4006007INDGR",NA,NA,"east hartford well no 09",NA,"12244",NA,NA,NA,NA,NA,NA,NA,NA,NA,NA,NA,NA,"East Hartford","HARTFORD",NA,NA,NA,NA,NA,"41.74730378","-72.62460319",NA,2020,0.072,0.072,0.072,0.072,0.072,0.072,0.072,0.072,0.072,0.072,0.072,0.072,"mgd","Estimated",NA,NA,NA,NA,"09003","/CT/ConnecticutIndustrial_WU_info.xlsx$Sheet1, CountyFIPS.csv"
"CT",NA,"GW","IN","FALSE","united technologies corporation",NA,NA,"4006008INDGR",NA,NA,"east hartford well no 10",NA,"12245",NA,NA,NA,NA,NA,NA,NA,NA,NA,NA,NA,NA,"East Hartford","HARTFORD",NA,NA,NA,NA,NA,"41.74701907","-72.62466378",NA,2020,0.094,0.094,0.094,0.094,0.094,0.094,0.094,0.094,0.094,0.094,0.094,0.094,"mgd","Estimated",NA,NA,NA,NA,"09003","/CT/ConnecticutIndustrial_WU_info.xlsx$Sheet1, CountyFIPS.csv"
"CT",NA,"GW","IN","FALSE","united technologies corporation",NA,NA,"4006009INDGR",NA,NA,"east hartford well no 11",NA,"12246",NA,NA,NA,NA,NA,NA,NA,NA,NA,NA,NA,NA,"East Hartford","HARTFORD",NA,NA,NA,NA,NA,"41.74729554","-72.62317948",NA,2020,0.086,0.086,0.086,0.086,0.086,0.086,0.086,0.086,0.086,0.086,0.086,0.086,"mgd","Estimated",NA,NA,NA,NA,"09003","/CT/ConnecticutIndustrial_WU_info.xlsx$Sheet1, CountyFIPS.csv"
"CT",NA,"GW","IN","FALSE","united technologies corporation",NA,NA,"4006010INDGR",NA,NA,"east hartford well no 12",NA,"12247",NA,NA,NA,NA,NA,NA,NA,NA,NA,NA,NA,NA,"East Hartford","HARTFORD",NA,NA,NA,NA,NA,"41.74651658","-72.62354124",NA,2020,0.036,0.036,0.036,0.036,0.036,0.036,0.036,0.036,0.036,0.036,0.036,0.036,"mgd","Estimated",NA,NA,NA,NA,"09003","/CT/ConnecticutIndustrial_WU_info.xlsx$Sheet1, CountyFIPS.csv"
"CT",NA,"GW","IN","FALSE","united technologies corporation",NA,NA,"4006011INDGR",NA,NA,"east hartford well no 13 a",NA,"12248",NA,NA,NA,NA,NA,NA,NA,NA,NA,NA,NA,NA,"East Hartford","HARTFORD",NA,NA,NA,NA,NA,"41.74570286","-72.62718793",NA,2020,0.144,0.144,0.144,0.144,0.144,0.144,0.144,0.144,0.144,0.144,0.144,0.144,"mgd","Estimated",NA,NA,NA,NA,"09003","/CT/ConnecticutIndustrial_WU_info.xlsx$Sheet1, CountyFIPS.csv"
"CT",NA,"GW","IN","FALSE","united technologies corporation",NA,NA,"4006012INDGR",NA,NA,"east hartford well no 14",NA,"12249",NA,NA,NA,NA,NA,NA,NA,NA,NA,NA,NA,NA,"East Hartford","HARTFORD",NA,NA,NA,NA,NA,"41.74480368","-72.62726969",NA,2020,0.144,0.144,0.144,0.144,0.144,0.144,0.144,0.144,0.144,0.144,0.144,0.144,"mgd","Estimated",NA,NA,NA,NA,"09003","/CT/ConnecticutIndustrial_WU_info.xlsx$Sheet1, CountyFIPS.csv"
"CT",NA,"GW","IN","FALSE","united technologies corporation",NA,NA,"4006013INDGR",NA,NA,"east hartford well no 16",NA,"12250",NA,NA,NA,NA,NA,NA,NA,NA,NA,NA,NA,NA,"East Hartford","HARTFORD",NA,NA,NA,NA,NA,"41.74571984","-72.6290691",NA,2020,0.072,0.072,0.072,0.072,0.072,0.072,0.072,0.072,0.072,0.072,0.072,0.072,"mgd","Estimated",NA,NA,NA,NA,"09003","/CT/ConnecticutIndustrial_WU_info.xlsx$Sheet1, CountyFIPS.csv"
"CT",NA,"GW","IN","FALSE","united technologies corporation",NA,NA,"4006014INDGR",NA,NA,"east hartford well no 18",NA,"12251",NA,NA,NA,NA,NA,NA,NA,NA,NA,NA,NA,NA,"East Hartford","HARTFORD",NA,NA,NA,NA,NA,"41.74626367","-72.63321075",NA,2020,0.245,0.245,0.245,0.245,0.245,0.245,0.245,0.245,0.245,0.245,0.245,0.245,"mgd","Estimated",NA,NA,NA,NA,"09003","/CT/ConnecticutIndustrial_WU_info.xlsx$Sheet1, CountyFIPS.csv"
"CT",NA,"GW","IN","FALSE","united technologies corporation",NA,NA,"4006018INDGR",NA,NA,"east hartford well no 04",NA,"12255",NA,NA,NA,NA,NA,NA,NA,NA,NA,NA,NA,NA,"East Hartford","HARTFORD",NA,NA,NA,NA,NA,"41.74922","-72.63008",NA,2020,0.138,0.138,0.138,0.138,0.138,0.138,0.138,0.138,0.138,0.138,0.138,0.138,"mgd","Estimated",NA,NA,NA,NA,"09003","/CT/ConnecticutIndustrial_WU_info.xlsx$Sheet1, CountyFIPS.csv"
"CT",NA,"SW","IN","FALSE","united technologies corporation",NA,NA,"4000016INDRI",NA,NA,"east hartford ct river willgoos pump",NA,"12182",NA,NA,NA,NA,NA,NA,NA,NA,NA,NA,NA,NA,"East Hartford","HARTFORD",NA,NA,NA,NA,NA,"41.73955","-72.6406",NA,1997,0.7,1.173,1.7545,1.7785,0.4164,1.2216,0,0.4395,0.7412,0.6405,0.3885,0.5377,"mgd","Metered",NA,NA,NA,NA,"09003","/CT/ConnecticutIndustrial_WU_info.xlsx$Sheet1, CountyFIPS.csv"
"CT",NA,"SW","IN","FALSE","united technologies corporation",NA,NA,"4000016INDRI",NA,NA,"east hartford ct river willgoos pump",NA,"12182",NA,NA,NA,NA,NA,NA,NA,NA,NA,NA,NA,NA,"East Hartford","HARTFORD",NA,NA,NA,NA,NA,"41.73955","-72.6406",NA,1998,0.7462,0.756,0,0.6814,1.0453,0.0315,0.4626,0.6208,0.9805,1.2278,0.5809,0.5458,"mgd","Metered",NA,NA,NA,NA,"09003","/CT/ConnecticutIndustrial_WU_info.xlsx$Sheet1, CountyFIPS.csv"
"CT",NA,"SW","IN","FALSE","united technologies corporation",NA,NA,"4000016INDRI",NA,NA,"east hartford ct river willgoos pump",NA,"12182",NA,NA,NA,NA,NA,NA,NA,NA,NA,NA,NA,NA,"East Hartford","HARTFORD",NA,NA,NA,NA,NA,"41.73955","-72.6406",NA,1999,0.9991,1.6048,1.445,0.8843,2.4377,1.3998,1.6771,1.0193,1.9727,1.9266,1.8506,0.8963,"mgd","Metered",NA,NA,NA,NA,"09003","/CT/ConnecticutIndustrial_WU_info.xlsx$Sheet1, CountyFIPS.csv"
"CT",NA,"SW","IN","FALSE","united technologies corporation",NA,NA,"4000016INDRI",NA,NA,"east hartford ct river willgoos pump",NA,"12182",NA,NA,NA,NA,NA,NA,NA,NA,NA,NA,NA,NA,"East Hartford","HARTFORD",NA,NA,NA,NA,NA,"41.73955","-72.6406",NA,2000,2.3476,1.7416,0,0.7573,1.1187,1.4276,1.2382,0.1478,1.5034,1.7007,0.8108,0.2316,"mgd","Metered",NA,NA,NA,NA,"09003","/CT/ConnecticutIndustrial_WU_info.xlsx$Sheet1, CountyFIPS.csv"
"CT",NA,"SW","IN","FALSE","united technologies corporation",NA,NA,"4000016INDRI",NA,NA,"east hartford ct river willgoos pump",NA,"12182",NA,NA,NA,NA,NA,NA,NA,NA,NA,NA,NA,NA,"East Hartford","HARTFORD",NA,NA,NA,NA,NA,"41.73955","-72.6406",NA,2001,1.229,1.2926,0.9021,2.212,1.4507,0.4282,0.5816,2.0905,1.0071,1.8856,2.4902,0.5958,"mgd","Metered",NA,NA,NA,NA,"09003","/CT/ConnecticutIndustrial_WU_info.xlsx$Sheet1, CountyFIPS.csv"
"CT",NA,"SW","IN","FALSE","united technologies corporation",NA,NA,"4000017INDIM",NA,NA,"east hartford willow brook pond",NA,"12183",NA,NA,NA,NA,NA,NA,NA,NA,NA,NA,NA,NA,"East Hartford","HARTFORD",NA,NA,NA,NA,NA,"41.75414745","-72.6344189",NA,2020,21,21,21,21,21,21,21,21,21,21,21,21,"mgd","Estimated",NA,NA,NA,NA,"09003","/CT/ConnecticutIndustrial_WU_info.xlsx$Sheet1, CountyFIPS.csv"
"CT",NA,"GW","IN","FALSE","yarde metals incorporated",NA,NA,"5200017INDGR",NA,NA,"southington well no 02",NA,"12604",NA,NA,NA,NA,NA,NA,NA,NA,NA,NA,NA,NA,"Southington","HARTFORD",NA,NA,NA,NA,NA,"41.64466326","-72.87937305",NA,1997,0,0,0,0,0,0,0,0,0,0,0,0,"mgd","Metered",NA,NA,NA,NA,"09003","/CT/ConnecticutIndustrial_WU_info.xlsx$Sheet1, CountyFIPS.csv"
"CT",NA,"GW","IN","FALSE","yarde metals incorporated",NA,NA,"5200017INDGR",NA,NA,"southington well no 02",NA,"12604",NA,NA,NA,NA,NA,NA,NA,NA,NA,NA,NA,NA,"Southington","HARTFORD",NA,NA,NA,NA,NA,"41.64466326","-72.87937305",NA,1998,0,0,0,0,0,0,0,0,0,0,0,0,"mgd","Metered",NA,NA,NA,NA,"09003","/CT/ConnecticutIndustrial_WU_info.xlsx$Sheet1, CountyFIPS.csv"
"CT",NA,"GW","IN","FALSE","yarde metals incorporated",NA,NA,"5200017INDGR",NA,NA,"southington well no 02",NA,"12604",NA,NA,NA,NA,NA,NA,NA,NA,NA,NA,NA,NA,"Southington","HARTFORD",NA,NA,NA,NA,NA,"41.64466326","-72.87937305",NA,1999,0,0,0,0,0,0,0,0,0,0,0,0,"mgd","Metered",NA,NA,NA,NA,"09003","/CT/ConnecticutIndustrial_WU_info.xlsx$Sheet1, CountyFIPS.csv"
"CT",NA,"GW","IN","FALSE","yarde metals incorporated",NA,NA,"5200017INDGR",NA,NA,"southington well no 02",NA,"12604",NA,NA,NA,NA,NA,NA,NA,NA,NA,NA,NA,NA,"Southington","HARTFORD",NA,NA,NA,NA,NA,"41.64466326","-72.87937305",NA,2000,0,0,0,0,0,0,0,0,0,0,0,0,"mgd","Metered",NA,NA,NA,NA,"09003","/CT/ConnecticutIndustrial_WU_info.xlsx$Sheet1, CountyFIPS.csv"
"CT",NA,"GW","IN","FALSE","yarde metals incorporated",NA,NA,"5200017INDGR",NA,NA,"southington well no 02",NA,"12604",NA,NA,NA,NA,NA,NA,NA,NA,NA,NA,NA,NA,"Southington","HARTFORD",NA,NA,NA,NA,NA,"41.64466326","-72.87937305",NA,2001,0,0,0,0,0,0,0,0,0,0,0,0,"mgd","Metered",NA,NA,NA,NA,"09003","/CT/ConnecticutIndustrial_WU_info.xlsx$Sheet1, CountyFIPS.csv"
"CT",NA,"GW","IN","FALSE","glc associates one limited liability corporation",NA,NA,"201708018",NA,NA,"process water supply well",NA,"12121",NA,NA,NA,NA,NA,NA,NA,NA,NA,NA,NA,NA,"Thomaston","LITCHFIELD",NA,NA,NA,NA,NA,"41.668626","-73.075197",NA,2021,0.041,0.041,0.041,0.0405,0.041,0.0463,0.0346,0.0449,0.0444,0.0434,0.041,0.0341,"mgd","Estimated",NA,NA,NA,NA,"09005","/CT/ConnecticutIndustrial_WU_info.xlsx$Sheet1, CountyFIPS.csv"
"CT",NA,"GW","IN","FALSE","summit corporation of america",NA,NA,"201704601",NA,NA,"wells 1 2 and 3",NA,"12173",NA,NA,NA,NA,NA,NA,NA,NA,NA,NA,NA,NA,"Thomaston","LITCHFIELD",NA,NA,NA,NA,NA,"41.62852","-73.07482",NA,2020,0.5,0.5,0.5,0.5,0.5,0.5,0.5,0.5,0.5,0.5,0.5,0.5,"mgd","Estimated",NA,NA,NA,NA,"09005","/CT/ConnecticutIndustrial_WU_info.xlsx$Sheet1, CountyFIPS.csv"
"CT",NA,"GW","IN","FALSE","whyco finishing technologies incorporated",NA,NA,"6910006INDGR",NA,NA,"whyco chromium well 1 north",NA,"12811",NA,NA,NA,NA,NA,NA,NA,NA,NA,NA,NA,NA,"Thomaston","LITCHFIELD",NA,NA,NA,NA,NA,"41.6436585","-73.08085554",NA,2020,0.45,0.45,0.45,0.45,0.45,0.45,0.45,0.45,0.45,0.45,0.45,0.45,"mgd","Estimated",NA,NA,NA,NA,"09005","/CT/ConnecticutIndustrial_WU_info.xlsx$Sheet1, CountyFIPS.csv"
"CT",NA,"GW","IN","FALSE","whyco finishing technologies incorporated",NA,NA,"6910007INDGR",NA,NA,"whyco chromium well 2 south",NA,"12812",NA,NA,NA,NA,NA,NA,NA,NA,NA,NA,NA,NA,"Thomaston","LITCHFIELD",NA,NA,NA,NA,NA,"41.64300459","-73.08059765",NA,2020,0.17,0.17,0.17,0.17,0.17,0.17,0.17,0.17,0.17,0.17,0.17,0.17,"mgd","Estimated",NA,NA,NA,NA,"09005","/CT/ConnecticutIndustrial_WU_info.xlsx$Sheet1, CountyFIPS.csv"
"CT",NA,"GW","IN","FALSE","whyco finishing technologies incorporated",NA,NA,"6910008INDGR",NA,NA,"whyco chromium well 3",NA,"12813",NA,NA,NA,NA,NA,NA,NA,NA,NA,NA,NA,NA,"Thomaston","LITCHFIELD",NA,NA,NA,NA,NA,"41.64357834","-73.0802733",NA,2020,0.11,0.11,0.11,0.11,0.11,0.11,0.11,0.11,0.11,0.11,0.11,0.11,"mgd","Estimated",NA,NA,NA,NA,"09005","/CT/ConnecticutIndustrial_WU_info.xlsx$Sheet1, CountyFIPS.csv"
"CT",NA,"GW","IN","FALSE","genconn middletown limited liability corporation",NA,NA,"4000009INDGR",NA,NA,"middletown station well 4",NA,"10389",NA,NA,NA,NA,NA,NA,NA,NA,NA,NA,NA,NA,"Middletown","MIDDLESEX",NA,NA,NA,NA,NA,"41.554261","-72.579045",NA,2020,0.2065,0.1907,0.2065,0.1942,0.2065,0.2658,0.3558,0.2291,0.1495,0.1719,0.1107,0.1702,"mgd","Metered",NA,NA,NA,NA,"09007","/CT/ConnecticutIndustrial_WU_info.xlsx$Sheet1, CountyFIPS.csv"
"CT",NA,"GW","IN","FALSE","leed himmel industries incorporated",NA,NA,"5302013INDGR",NA,NA,"leed himmel well 1",NA,"12678",NA,NA,NA,NA,NA,NA,NA,NA,NA,NA,NA,NA,"Hamden","MIDDLESEX",NA,NA,NA,NA,NA,"41.345","-72.925",NA,1997,0.0012,0.0013,0.0013,0.0015,0.0013,0.0015,0.0013,0.0013,0.0011,0.0013,0.0013,0.0011,"mgd","Metered",NA,NA,NA,NA,"09007","/CT/ConnecticutIndustrial_WU_info.xlsx$Sheet1, CountyFIPS.csv"
"CT",NA,"GW","IN","FALSE","leed himmel industries incorporated",NA,NA,"5302013INDGR",NA,NA,"leed himmel well 1",NA,"12678",NA,NA,NA,NA,NA,NA,NA,NA,NA,NA,NA,NA,"Hamden","MIDDLESEX",NA,NA,NA,NA,NA,"41.345","-72.925",NA,1998,0.001,0.0011,0.0012,0.0012,0.0013,0.0013,0.0011,0.0011,0.0013,0.0011,0.0013,0.001,"mgd","Metered",NA,NA,NA,NA,"09007","/CT/ConnecticutIndustrial_WU_info.xlsx$Sheet1, CountyFIPS.csv"
"CT",NA,"GW","IN","FALSE","leed himmel industries incorporated",NA,NA,"5302013INDGR",NA,NA,"leed himmel well 1",NA,"12678",NA,NA,NA,NA,NA,NA,NA,NA,NA,NA,NA,NA,"Hamden","MIDDLESEX",NA,NA,NA,NA,NA,"41.345","-72.925",NA,1999,0.001,0.0012,0.001,0.0011,0.001,0.0012,0.0012,0.0011,0.0013,0.001,0.0011,0.001,"mgd","Metered",NA,NA,NA,NA,"09007","/CT/ConnecticutIndustrial_WU_info.xlsx$Sheet1, CountyFIPS.csv"
"CT",NA,"GW","IN","FALSE","leed himmel industries incorporated",NA,NA,"5302013INDGR",NA,NA,"leed himmel well 1",NA,"12678",NA,NA,NA,NA,NA,NA,NA,NA,NA,NA,NA,NA,"Hamden","MIDDLESEX",NA,NA,NA,NA,NA,"41.345","-72.925",NA,2000,0.001,0.0011,0.0011,0.0011,0.001,0.0012,0.0012,0.0011,0.0013,0.001,0.0011,9e-04,"mgd","Metered",NA,NA,NA,NA,"09007","/CT/ConnecticutIndustrial_WU_info.xlsx$Sheet1, CountyFIPS.csv"
"CT",NA,"GW","IN","FALSE","leed himmel industries incorporated",NA,NA,"5302013INDGR",NA,NA,"leed himmel well 1",NA,"12678",NA,NA,NA,NA,NA,NA,NA,NA,NA,NA,NA,NA,"Hamden","MIDDLESEX",NA,NA,NA,NA,NA,"41.345","-72.925",NA,2001,8e-04,9e-04,9e-04,0.001,0.001,0.001,9e-04,0.0011,0.0011,0.001,0.0011,7e-04,"mgd","Metered",NA,NA,NA,NA,"09007","/CT/ConnecticutIndustrial_WU_info.xlsx$Sheet1, CountyFIPS.csv"
"CT",NA,"GW","IN","FALSE","leed himmel industries incorporated",NA,NA,"5302014INDGR",NA,NA,"leed himmel well 2",NA,"12680",NA,NA,NA,NA,NA,NA,NA,NA,NA,NA,NA,NA,"Hamden","MIDDLESEX",NA,NA,NA,NA,NA,"41.345672","-72.924664",NA,2020,0.32,0.32,0.32,0.32,0.32,0.32,0.32,0.32,0.32,0.32,0.32,0.32,"mgd","Estimated",NA,NA,NA,NA,"09007","/CT/ConnecticutIndustrial_WU_info.xlsx$Sheet1, CountyFIPS.csv"
"CT",NA,"GW","IN","FALSE","nrg",NA,NA,"4000008INDGR",NA,NA,"middletown station well 3",NA,"12961",NA,NA,NA,NA,NA,NA,NA,NA,NA,NA,NA,NA,"Middletown","MIDDLESEX",NA,NA,NA,NA,NA,"41.555495","-72.583433",NA,2020,0.0021,0.002,0.0021,0.002,0.0021,0.002,0.0025,0.0104,0.005,0.0041,0.0025,0.0023,"mgd","Metered",NA,NA,NA,NA,"09007","/CT/ConnecticutIndustrial_WU_info.xlsx$Sheet1, CountyFIPS.csv"
"CT",NA,"GW","IN","FALSE","united technologies corporation",NA,NA,"4000029INDGR",NA,NA,"middletown well no 13a",NA,"10403",NA,NA,NA,NA,NA,NA,NA,NA,NA,NA,NA,NA,"Middletown","MIDDLESEX",NA,NA,NA,NA,NA,"41.541904","-72.553209",NA,2020,0.4357,0.3916,0.4313,0.4385,0.4536,0.4192,0.4148,0.4087,0.3895,0.3979,0.3898,0.4158,"mgd","Metered",NA,NA,NA,NA,"09007","/CT/ConnecticutIndustrial_WU_info.xlsx$Sheet1, CountyFIPS.csv"
"CT",NA,"SW","IN","FALSE","united technologies corporation",NA,NA,"4000024INDRI",NA,NA,"middletown ct river bldg 380",NA,"10399",NA,NA,NA,NA,NA,NA,NA,NA,NA,NA,NA,NA,"Middletown","MIDDLESEX",NA,NA,NA,NA,NA,"41.54138","-72.5517",NA,2020,0.6524,0.7774,0.614,0.5996,4.6125,14.3057,18.961,19.5485,12.3827,5.6674,1.6327,1.2529,"mgd","Metered",NA,NA,NA,NA,"09007","/CT/ConnecticutIndustrial_WU_info.xlsx$Sheet1, CountyFIPS.csv"
"CT",NA,"GW",NA,"FALSE","united technologies corporation lm note pratt and whitney",NA,NA,"4000025POTGR",NA,NA,"middletown well a",NA,"10400",NA,NA,NA,NA,NA,NA,NA,NA,NA,NA,NA,NA,"Middletown","MIDDLESEX",NA,NA,NA,NA,NA,"41.550533","-72.559592",NA,2020,0.0205,0.019,0.0271,0.0181,0.0316,0.0141,0.0435,0.019,0.0302,0.0325,0.0211,0.0289,"mgd","Metered",NA,NA,NA,NA,"09007","/CT/ConnecticutIndustrial_WU_info.xlsx$Sheet1, CountyFIPS.csv"
"CT",NA,"GW",NA,"FALSE","united technologies corporation lm note pratt and whitney",NA,NA,"4000026POTGR",NA,NA,"middletown well b",NA,"10401",NA,NA,NA,NA,NA,NA,NA,NA,NA,NA,NA,NA,"Middletown","MIDDLESEX",NA,NA,NA,NA,NA,"41.54978","-72.5579",NA,2020,0.0155,0,0.0165,0.0337,0.0167,0.0338,0.0174,0.0225,0.0354,0.057,0.0338,0.0191,"mgd","Metered",NA,NA,NA,NA,"09007","/CT/ConnecticutIndustrial_WU_info.xlsx$Sheet1, CountyFIPS.csv"
"CT",NA,"GW",NA,"FALSE","united technologies corporation lm note pratt and whitney",NA,NA,"4000027POTGR",NA,NA,"middletown well no 07",NA,"10402",NA,NA,NA,NA,NA,NA,NA,NA,NA,NA,NA,NA,"Middletown","MIDDLESEX",NA,NA,NA,NA,NA,"41.547326","-72.557681",NA,2020,0.0317,0.0504,0.0506,0.0301,0.0216,0.0195,0.0337,0.0339,0.0365,0.0185,0.0169,0.0289,"mgd","Metered",NA,NA,NA,NA,"09007","/CT/ConnecticutIndustrial_WU_info.xlsx$Sheet1, CountyFIPS.csv"
"CT",NA,"GW","IN","FALSE","allnex usa incorporated",NA,NA,"5200033INDGR",NA,NA,"well 02 p4",NA,"12610",NA,NA,NA,NA,NA,NA,NA,NA,NA,NA,NA,NA,"Wallingford","NEW HAVEN",NA,NA,NA,NA,NA,"41.43752849","-72.84322335",NA,2020,0.2,0,0,0,0,0.2903,0.7355,0.629,0.3129,0.3194,0.2903,0.4445,"mgd","Metered",NA,NA,NA,NA,"09009","/CT/ConnecticutIndustrial_WU_info.xlsx$Sheet1, CountyFIPS.csv"
"CT",NA,"GW","IN","FALSE","allnex usa incorporated",NA,NA,"5200034INDGR",NA,NA,"well 03 p5",NA,"12611",NA,NA,NA,NA,NA,NA,NA,NA,NA,NA,NA,NA,"Wallingford","NEW HAVEN",NA,NA,NA,NA,NA,"41.43451891","-72.84304205",NA,2020,0.2,0.3742,0.6,0.4839,0.4,0.6774,0,0.65,0.2516,0,0.0496,0.0481,"mgd","Metered",NA,NA,NA,NA,"09009","/CT/ConnecticutIndustrial_WU_info.xlsx$Sheet1, CountyFIPS.csv"
"CT",NA,"GW","IN","FALSE","allnex usa incorporated",NA,NA,"5200035INDGR",NA,NA,"well 04 p6 replaces ranney cassion capacity",NA,"12612",NA,NA,NA,NA,NA,NA,NA,NA,NA,NA,NA,NA,"Wallingford","NEW HAVEN",NA,NA,NA,NA,NA,"41.43392736","-72.84965945",NA,2020,0,0,0,0,0,0.4839,0.5,0.5,0.1568,0.4981,0.5029,0.5196,"mgd","Metered",NA,NA,NA,NA,"09009","/CT/ConnecticutIndustrial_WU_info.xlsx$Sheet1, CountyFIPS.csv"
"CT",NA,"GW","IN","FALSE","bassett company",NA,NA,"6000030INDGR",NA,NA,"bassett company well 1",NA,"12697",NA,NA,NA,NA,NA,NA,NA,NA,NA,NA,NA,NA,"Derby","NEW HAVEN",NA,NA,NA,NA,NA,"41.32604044","-73.09959869",NA,1997,1e-04,1e-04,1e-04,1e-04,1e-04,1e-04,1e-04,1e-04,1e-04,1e-04,1e-04,1e-04,"mgd","Metered",NA,NA,NA,NA,"09009","/CT/ConnecticutIndustrial_WU_info.xlsx$Sheet1, CountyFIPS.csv"
"CT",NA,"GW","IN","FALSE","bassett company",NA,NA,"6000030INDGR",NA,NA,"bassett company well 1",NA,"12697",NA,NA,NA,NA,NA,NA,NA,NA,NA,NA,NA,NA,"Derby","NEW HAVEN",NA,NA,NA,NA,NA,"41.32604044","-73.09959869",NA,1998,1e-04,1e-04,1e-04,1e-04,1e-04,1e-04,1e-04,1e-04,1e-04,1e-04,1e-04,1e-04,"mgd","Metered",NA,NA,NA,NA,"09009","/CT/ConnecticutIndustrial_WU_info.xlsx$Sheet1, CountyFIPS.csv"
"CT",NA,"GW","IN","FALSE","bassett company",NA,NA,"6000030INDGR",NA,NA,"bassett company well 1",NA,"12697",NA,NA,NA,NA,NA,NA,NA,NA,NA,NA,NA,NA,"Derby","NEW HAVEN",NA,NA,NA,NA,NA,"41.32604044","-73.09959869",NA,1999,1e-04,1e-04,1e-04,1e-04,1e-04,1e-04,1e-04,1e-04,1e-04,1e-04,1e-04,1e-04,"mgd","Metered",NA,NA,NA,NA,"09009","/CT/ConnecticutIndustrial_WU_info.xlsx$Sheet1, CountyFIPS.csv"
"CT",NA,"GW","IN","FALSE","bassett company",NA,NA,"6000030INDGR",NA,NA,"bassett company well 1",NA,"12697",NA,NA,NA,NA,NA,NA,NA,NA,NA,NA,NA,NA,"Derby","NEW HAVEN",NA,NA,NA,NA,NA,"41.32604044","-73.09959869",NA,2000,1e-04,1e-04,0,0,0,0,0,0,0,0,0,0,"mgd","Metered",NA,NA,NA,NA,"09009","/CT/ConnecticutIndustrial_WU_info.xlsx$Sheet1, CountyFIPS.csv"
"CT",NA,"GW","IN","FALSE","bassett company",NA,NA,"6000030INDGR",NA,NA,"bassett company well 1",NA,"12697",NA,NA,NA,NA,NA,NA,NA,NA,NA,NA,NA,NA,"Derby","NEW HAVEN",NA,NA,NA,NA,NA,"41.32604044","-73.09959869",NA,2001,0,0,0,0,0,0,0,0,0,0,0,0,"mgd","Metered",NA,NA,NA,NA,"09009","/CT/ConnecticutIndustrial_WU_info.xlsx$Sheet1, CountyFIPS.csv"
"CT",NA,"GW","IN","FALSE","bassett company",NA,NA,"6000031INDGR",NA,NA,"bassett company well 2",NA,"12698",NA,NA,NA,NA,NA,NA,NA,NA,NA,NA,NA,NA,"Derby","NEW HAVEN",NA,NA,NA,NA,NA,"41.32602209","-73.09947431",NA,1997,0,0,0,0,0,0,0,0,0,0,0,0,"mgd","Metered",NA,NA,NA,NA,"09009","/CT/ConnecticutIndustrial_WU_info.xlsx$Sheet1, CountyFIPS.csv"
"CT",NA,"GW","IN","FALSE","bassett company",NA,NA,"6000031INDGR",NA,NA,"bassett company well 2",NA,"12698",NA,NA,NA,NA,NA,NA,NA,NA,NA,NA,NA,NA,"Derby","NEW HAVEN",NA,NA,NA,NA,NA,"41.32602209","-73.09947431",NA,1998,0,0,0,0,0,0,0,0,0,0,0,0,"mgd","Metered",NA,NA,NA,NA,"09009","/CT/ConnecticutIndustrial_WU_info.xlsx$Sheet1, CountyFIPS.csv"
"CT",NA,"GW","IN","FALSE","bassett company",NA,NA,"6000031INDGR",NA,NA,"bassett company well 2",NA,"12698",NA,NA,NA,NA,NA,NA,NA,NA,NA,NA,NA,NA,"Derby","NEW HAVEN",NA,NA,NA,NA,NA,"41.32602209","-73.09947431",NA,1999,0,0,0,0,0,0,0,0,0,0,0,0,"mgd","Metered",NA,NA,NA,NA,"09009","/CT/ConnecticutIndustrial_WU_info.xlsx$Sheet1, CountyFIPS.csv"
"CT",NA,"GW","IN","FALSE","bassett company",NA,NA,"6000031INDGR",NA,NA,"bassett company well 2",NA,"12698",NA,NA,NA,NA,NA,NA,NA,NA,NA,NA,NA,NA,"Derby","NEW HAVEN",NA,NA,NA,NA,NA,"41.32602209","-73.09947431",NA,2000,0,0,0,0,0,0,0,0,0,0,0,0,"mgd","Metered",NA,NA,NA,NA,"09009","/CT/ConnecticutIndustrial_WU_info.xlsx$Sheet1, CountyFIPS.csv"
"CT",NA,"GW","IN","FALSE","bassett company",NA,NA,"6000031INDGR",NA,NA,"bassett company well 2",NA,"12698",NA,NA,NA,NA,NA,NA,NA,NA,NA,NA,NA,NA,"Derby","NEW HAVEN",NA,NA,NA,NA,NA,"41.32602209","-73.09947431",NA,2001,0,0,0,0,0,0,0,0,0,0,0,0,"mgd","Metered",NA,NA,NA,NA,"09009","/CT/ConnecticutIndustrial_WU_info.xlsx$Sheet1, CountyFIPS.csv"
"CT",NA,"GW","IN","FALSE","bridgeport brass company",NA,NA,"6900002INDGR",NA,NA,"bridgeport brass well 1",NA,"12791",NA,NA,NA,NA,NA,NA,NA,NA,NA,NA,NA,NA,"Seymour","NEW HAVEN",NA,NA,NA,NA,NA,"41.39881057","-73.07225427",NA,2020,0.65,0.65,0.65,0.65,0.65,0.65,0.65,0.65,0.65,0.65,0.65,0.65,"mgd","Estimated",NA,NA,NA,NA,"09009","/CT/ConnecticutIndustrial_WU_info.xlsx$Sheet1, CountyFIPS.csv"
"CT",NA,"GW","IN","FALSE","bridgeport brass company",NA,NA,"6900003INDGR",NA,NA,"bridgeport brass well 2",NA,"12792",NA,NA,NA,NA,NA,NA,NA,NA,NA,NA,NA,NA,"Seymour","NEW HAVEN",NA,NA,NA,NA,NA,"41.39916549","-73.07214735",NA,2020,1.73,1.73,1.73,1.73,1.73,1.73,1.73,1.73,1.73,1.73,1.73,1.73,"mgd","Estimated",NA,NA,NA,NA,"09009","/CT/ConnecticutIndustrial_WU_info.xlsx$Sheet1, CountyFIPS.csv"
"CT",NA,"GW","IN","FALSE","lanxess solutions us incorporated",NA,NA,"6900036INDGR",NA,NA,"uniroyal 6 ranney well",NA,"12803",NA,NA,NA,NA,NA,NA,NA,NA,NA,NA,NA,NA,"Naugatuck","NEW HAVEN",NA,NA,NA,NA,NA,"41.47042","-73.05155",NA,1997,0,0,0,0,0,0,0,0,0,0,0,0,"mgd","Metered",NA,NA,NA,NA,"09009","/CT/ConnecticutIndustrial_WU_info.xlsx$Sheet1, CountyFIPS.csv"
"CT",NA,"GW","IN","FALSE","lanxess solutions us incorporated",NA,NA,"6900036INDGR",NA,NA,"uniroyal 6 ranney well",NA,"12803",NA,NA,NA,NA,NA,NA,NA,NA,NA,NA,NA,NA,"Naugatuck","NEW HAVEN",NA,NA,NA,NA,NA,"41.47042","-73.05155",NA,1998,0,0,0,0,0,0,0,0,0,0,0,0,"mgd","Metered",NA,NA,NA,NA,"09009","/CT/ConnecticutIndustrial_WU_info.xlsx$Sheet1, CountyFIPS.csv"
"CT",NA,"GW","IN","FALSE","lanxess solutions us incorporated",NA,NA,"6900036INDGR",NA,NA,"uniroyal 6 ranney well",NA,"12803",NA,NA,NA,NA,NA,NA,NA,NA,NA,NA,NA,NA,"Naugatuck","NEW HAVEN",NA,NA,NA,NA,NA,"41.47042","-73.05155",NA,1999,0,0,0,0,0,0,0,0,0,0,0,0,"mgd","Metered",NA,NA,NA,NA,"09009","/CT/ConnecticutIndustrial_WU_info.xlsx$Sheet1, CountyFIPS.csv"
"CT",NA,"GW","IN","FALSE","lanxess solutions us incorporated",NA,NA,"6900036INDGR",NA,NA,"uniroyal 6 ranney well",NA,"12803",NA,NA,NA,NA,NA,NA,NA,NA,NA,NA,NA,NA,"Naugatuck","NEW HAVEN",NA,NA,NA,NA,NA,"41.47042","-73.05155",NA,2000,0,0,0,0,0,0,0,0,0,0,0,0,"mgd","Metered",NA,NA,NA,NA,"09009","/CT/ConnecticutIndustrial_WU_info.xlsx$Sheet1, CountyFIPS.csv"
"CT",NA,"GW","IN","FALSE","lanxess solutions us incorporated",NA,NA,"6900036INDGR",NA,NA,"uniroyal 6 ranney well",NA,"12803",NA,NA,NA,NA,NA,NA,NA,NA,NA,NA,NA,NA,"Naugatuck","NEW HAVEN",NA,NA,NA,NA,NA,"41.47042","-73.05155",NA,2001,0,0,0,0,0,0,0,0,0,0,0,0,"mgd","Metered",NA,NA,NA,NA,"09009","/CT/ConnecticutIndustrial_WU_info.xlsx$Sheet1, CountyFIPS.csv"
"CT",NA,"GW","IN","FALSE","lanxess solutions us incorporated",NA,NA,"6918018INDGR",NA,NA,"uniroyal 7 beacon hill brook well",NA,"12848",NA,NA,NA,NA,NA,NA,NA,NA,NA,NA,NA,NA,"Naugatuck","NEW HAVEN",NA,NA,NA,NA,NA,"41.46877886","-73.04897042",NA,1997,0,0,0,0,0,0,0,0,0,0,0,0,"mgd","Metered",NA,NA,NA,NA,"09009","/CT/ConnecticutIndustrial_WU_info.xlsx$Sheet1, CountyFIPS.csv"
"CT",NA,"GW","IN","FALSE","lanxess solutions us incorporated",NA,NA,"6918018INDGR",NA,NA,"uniroyal 7 beacon hill brook well",NA,"12848",NA,NA,NA,NA,NA,NA,NA,NA,NA,NA,NA,NA,"Naugatuck","NEW HAVEN",NA,NA,NA,NA,NA,"41.46877886","-73.04897042",NA,1998,0,0,0,0,0,0,0,0,0,0,0,0,"mgd","Metered",NA,NA,NA,NA,"09009","/CT/ConnecticutIndustrial_WU_info.xlsx$Sheet1, CountyFIPS.csv"
"CT",NA,"GW","IN","FALSE","lanxess solutions us incorporated",NA,NA,"6918018INDGR",NA,NA,"uniroyal 7 beacon hill brook well",NA,"12848",NA,NA,NA,NA,NA,NA,NA,NA,NA,NA,NA,NA,"Naugatuck","NEW HAVEN",NA,NA,NA,NA,NA,"41.46877886","-73.04897042",NA,1999,0,0,0,0,0,0,0,0,0,0,0,0,"mgd","Metered",NA,NA,NA,NA,"09009","/CT/ConnecticutIndustrial_WU_info.xlsx$Sheet1, CountyFIPS.csv"
"CT",NA,"GW","IN","FALSE","lanxess solutions us incorporated",NA,NA,"6918018INDGR",NA,NA,"uniroyal 7 beacon hill brook well",NA,"12848",NA,NA,NA,NA,NA,NA,NA,NA,NA,NA,NA,NA,"Naugatuck","NEW HAVEN",NA,NA,NA,NA,NA,"41.46877886","-73.04897042",NA,2000,0,0,0,0,0,0,0,0,0,0,0,0,"mgd","Metered",NA,NA,NA,NA,"09009","/CT/ConnecticutIndustrial_WU_info.xlsx$Sheet1, CountyFIPS.csv"
"CT",NA,"GW","IN","FALSE","lanxess solutions us incorporated",NA,NA,"6918018INDGR",NA,NA,"uniroyal 7 beacon hill brook well",NA,"12848",NA,NA,NA,NA,NA,NA,NA,NA,NA,NA,NA,NA,"Naugatuck","NEW HAVEN",NA,NA,NA,NA,NA,"41.46877886","-73.04897042",NA,2001,0,0,0,0,0,0,0,0,0,0,0,0,"mgd","Metered",NA,NA,NA,NA,"09009","/CT/ConnecticutIndustrial_WU_info.xlsx$Sheet1, CountyFIPS.csv"
"CT",NA,"SW","IN","FALSE","lanxess solutions us incorporated",NA,NA,"6918017INDRI",NA,NA,"uniroyal 3 beacon hill brook diversion",NA,"12847",NA,NA,NA,NA,NA,NA,NA,NA,NA,NA,NA,NA,"Naugatuck","NEW HAVEN",NA,NA,NA,NA,NA,"41.46885951","-73.04863111",NA,1997,0,0,0,0,0,0,0,0,0,0,0,0,"mgd","Metered",NA,NA,NA,NA,"09009","/CT/ConnecticutIndustrial_WU_info.xlsx$Sheet1, CountyFIPS.csv"
"CT",NA,"SW","IN","FALSE","lanxess solutions us incorporated",NA,NA,"6918017INDRI",NA,NA,"uniroyal 3 beacon hill brook diversion",NA,"12847",NA,NA,NA,NA,NA,NA,NA,NA,NA,NA,NA,NA,"Naugatuck","NEW HAVEN",NA,NA,NA,NA,NA,"41.46885951","-73.04863111",NA,1998,0,0,0,0,0,0,0,0,0,0,0,0,"mgd","Metered",NA,NA,NA,NA,"09009","/CT/ConnecticutIndustrial_WU_info.xlsx$Sheet1, CountyFIPS.csv"
"CT",NA,"SW","IN","FALSE","lanxess solutions us incorporated",NA,NA,"6918017INDRI",NA,NA,"uniroyal 3 beacon hill brook diversion",NA,"12847",NA,NA,NA,NA,NA,NA,NA,NA,NA,NA,NA,NA,"Naugatuck","NEW HAVEN",NA,NA,NA,NA,NA,"41.46885951","-73.04863111",NA,1999,0,0,0,0,0,0,0,0,0,0,0,0,"mgd","Metered",NA,NA,NA,NA,"09009","/CT/ConnecticutIndustrial_WU_info.xlsx$Sheet1, CountyFIPS.csv"
"CT",NA,"SW","IN","FALSE","lanxess solutions us incorporated",NA,NA,"6918017INDRI",NA,NA,"uniroyal 3 beacon hill brook diversion",NA,"12847",NA,NA,NA,NA,NA,NA,NA,NA,NA,NA,NA,NA,"Naugatuck","NEW HAVEN",NA,NA,NA,NA,NA,"41.46885951","-73.04863111",NA,2000,0,0,0,0,0,0,0,0,0,0,0,0,"mgd","Metered",NA,NA,NA,NA,"09009","/CT/ConnecticutIndustrial_WU_info.xlsx$Sheet1, CountyFIPS.csv"
"CT",NA,"SW","IN","FALSE","lanxess solutions us incorporated",NA,NA,"6918017INDRI",NA,NA,"uniroyal 3 beacon hill brook diversion",NA,"12847",NA,NA,NA,NA,NA,NA,NA,NA,NA,NA,NA,NA,"Naugatuck","NEW HAVEN",NA,NA,NA,NA,NA,"41.46885951","-73.04863111",NA,2001,0,0,0,0,0,0,0,0,0,0,0,0,"mgd","Metered",NA,NA,NA,NA,"09009","/CT/ConnecticutIndustrial_WU_info.xlsx$Sheet1, CountyFIPS.csv"
"CT",NA,"SW","IN","FALSE","milford power company limited liability corporation",NA,NA,"199902354",NA,NA,"milford power company withdrawal from housatonic river at the beard sand and gravel facility",NA,"12012",NA,NA,NA,NA,NA,NA,NA,NA,NA,NA,NA,NA,"Milford","NEW HAVEN",NA,NA,NA,NA,NA,"41.22449","-73.09762",NA,2020,2.4852,2.2787,2.4742,2.5997,2.541,2.6439,2.6568,1.9594,1.8552,2.5723,2.2952,2.3958,"mgd","Metered",NA,NA,NA,NA,"09009","/CT/ConnecticutIndustrial_WU_info.xlsx$Sheet1, CountyFIPS.csv"
"CT",NA,"SW","IN","FALSE","nrg",NA,NA,"6000002INDRI",NA,NA,"company listedandp devon station housatonic intake canal",NA,"12696",NA,NA,NA,NA,NA,NA,NA,NA,NA,NA,NA,NA,"Milford","NEW HAVEN",NA,NA,NA,NA,NA,"41.20848511","-73.10916522",NA,2021,0,0,0,0,0,0,0,0,0,0,0,0,"mgd","Estimated",NA,NA,NA,NA,"09009","/CT/ConnecticutIndustrial_WU_info.xlsx$Sheet1, CountyFIPS.csv"
"CT",NA,"GW","IN","FALSE","timex corporation",NA,NA,"6916013INDGR",NA,NA,"timex well 1",NA,"12829",NA,NA,NA,NA,NA,NA,NA,NA,NA,NA,NA,NA,"Waterbury","NEW HAVEN",NA,NA,NA,NA,NA,"41.55448365","-73.10084538",NA,2020,0.0058,0.0053,0.0054,0.0054,0.005,0.0045,0.0044,0.0027,0.0054,0.005,0.0046,0.0044,"mgd","Metered",NA,NA,NA,NA,"09009","/CT/ConnecticutIndustrial_WU_info.xlsx$Sheet1, CountyFIPS.csv"
"CT",NA,"GW","IN","FALSE","timex corporation",NA,NA,"6916014INDGR",NA,NA,"timex well 2",NA,"12830",NA,NA,NA,NA,NA,NA,NA,NA,NA,NA,NA,NA,"Waterbury","NEW HAVEN",NA,NA,NA,NA,NA,"41.55603812","-73.10096274",NA,2020,0,0,0,0,0,0,0,0,0,0,0,0,"mgd","Metered",NA,NA,NA,NA,"09009","/CT/ConnecticutIndustrial_WU_info.xlsx$Sheet1, CountyFIPS.csv"
"CT",NA,"GW","IN","FALSE","timex corporation",NA,NA,"6916015INDGR",NA,NA,"timex well 3",NA,"12831",NA,NA,NA,NA,NA,NA,NA,NA,NA,NA,NA,NA,"Waterbury","NEW HAVEN",NA,NA,NA,NA,NA,"41.55183388","-73.09309642",NA,2020,0.0034,0.0031,0.0032,0.003,0.0031,0.0031,0.0033,0.0017,0.0035,0.0033,0.003,0.0029,"mgd","Metered",NA,NA,NA,NA,"09009","/CT/ConnecticutIndustrial_WU_info.xlsx$Sheet1, CountyFIPS.csv"
"CT",NA,"GW","IN","FALSE","timex corporation",NA,NA,"6916016INDGR",NA,NA,"timex well 4",NA,"12832",NA,NA,NA,NA,NA,NA,NA,NA,NA,NA,NA,NA,"Waterbury","NEW HAVEN",NA,NA,NA,NA,NA,"41.55251472","-73.09346316",NA,2020,7e-04,7e-04,7e-04,7e-04,6e-04,4e-04,4e-04,3e-04,5e-04,6e-04,8e-04,6e-04,"mgd","Metered",NA,NA,NA,NA,"09009","/CT/ConnecticutIndustrial_WU_info.xlsx$Sheet1, CountyFIPS.csv"
"CT",NA,"GW","IN","FALSE","timex corporation",NA,NA,"6916017INDGR",NA,NA,"timex well 5",NA,"12833",NA,NA,NA,NA,NA,NA,NA,NA,NA,NA,NA,NA,"Waterbury","NEW HAVEN",NA,NA,NA,NA,NA,"41.55264467","-73.09560633",NA,2020,0.0072,0.0072,0.0079,0.008,0.0082,0.0081,0.008,0.0039,0.0079,0.0075,0.0074,0.0066,"mgd","Metered",NA,NA,NA,NA,"09009","/CT/ConnecticutIndustrial_WU_info.xlsx$Sheet1, CountyFIPS.csv"
"CT",NA,"GW","IN","FALSE","timex corporation",NA,NA,"6916018INDGR",NA,NA,"timex well 6",NA,"12834",NA,NA,NA,NA,NA,NA,NA,NA,NA,NA,NA,NA,"Waterbury","NEW HAVEN",NA,NA,NA,NA,NA,"41.55298496","-73.10032889",NA,1997,0,0,0,0,0,0,0,0,0,0,0,0,"mgd","Metered",NA,NA,NA,NA,"09009","/CT/ConnecticutIndustrial_WU_info.xlsx$Sheet1, CountyFIPS.csv"
"CT",NA,"GW","IN","FALSE","timex corporation",NA,NA,"6916018INDGR",NA,NA,"timex well 6",NA,"12834",NA,NA,NA,NA,NA,NA,NA,NA,NA,NA,NA,NA,"Waterbury","NEW HAVEN",NA,NA,NA,NA,NA,"41.55298496","-73.10032889",NA,1998,0,0,0,0,0,0,0,0,0,0,0,0,"mgd","Metered",NA,NA,NA,NA,"09009","/CT/ConnecticutIndustrial_WU_info.xlsx$Sheet1, CountyFIPS.csv"
"CT",NA,"GW","IN","FALSE","timex corporation",NA,NA,"6916018INDGR",NA,NA,"timex well 6",NA,"12834",NA,NA,NA,NA,NA,NA,NA,NA,NA,NA,NA,NA,"Waterbury","NEW HAVEN",NA,NA,NA,NA,NA,"41.55298496","-73.10032889",NA,1999,0,0,0,0,0,0,0,0,0,0,0,0,"mgd","Metered",NA,NA,NA,NA,"09009","/CT/ConnecticutIndustrial_WU_info.xlsx$Sheet1, CountyFIPS.csv"
"CT",NA,"GW","IN","FALSE","timex corporation",NA,NA,"6916018INDGR",NA,NA,"timex well 6",NA,"12834",NA,NA,NA,NA,NA,NA,NA,NA,NA,NA,NA,NA,"Waterbury","NEW HAVEN",NA,NA,NA,NA,NA,"41.55298496","-73.10032889",NA,2000,0,0,0,0,0,0,0,0,0,0,0,0,"mgd","Metered",NA,NA,NA,NA,"09009","/CT/ConnecticutIndustrial_WU_info.xlsx$Sheet1, CountyFIPS.csv"
"CT",NA,"GW","IN","FALSE","timex corporation",NA,NA,"6916018INDGR",NA,NA,"timex well 6",NA,"12834",NA,NA,NA,NA,NA,NA,NA,NA,NA,NA,NA,NA,"Waterbury","NEW HAVEN",NA,NA,NA,NA,NA,"41.55298496","-73.10032889",NA,2001,0,0,0,0,0,0,0,0,0,0,0,0,"mgd","Metered",NA,NA,NA,NA,"09009","/CT/ConnecticutIndustrial_WU_info.xlsx$Sheet1, CountyFIPS.csv"
"CT",NA,"GW","IN","FALSE","unimetal surface finishing limited liability corporation",NA,NA,"201704661",NA,NA,"withdrawal from fulling mill brook and nearby detention pond",NA,"12174",NA,NA,NA,NA,NA,NA,NA,NA,NA,NA,NA,NA,"Naugatuck","NEW HAVEN",NA,NA,NA,NA,NA,"41.50521","-73.02405",NA,2020,0.0749,0.0854,0.0677,0.0537,0.0636,0.0547,0.062,0.0699,0.0847,0.0945,0.0795,0.0903,"mgd","Metered",NA,NA,NA,NA,"09009","/CT/ConnecticutIndustrial_WU_info.xlsx$Sheet1, CountyFIPS.csv"
"CT",NA,"GW","IN","FALSE","united aluminum corporation",NA,NA,"200003390",NA,NA,"well 4 primary and well 3 backup",NA,"12022",NA,NA,NA,NA,NA,NA,NA,NA,NA,NA,NA,NA,"North Haven","NEW HAVEN",NA,NA,NA,NA,NA,"41.3613","-72.86415",NA,2020,0.3084,0.3014,0.3132,0.2888,0.2715,0.2637,0.2611,0.2485,0.2222,0.2236,0.2156,0.2331,"mgd","Metered",NA,NA,NA,NA,"09009","/CT/ConnecticutIndustrial_WU_info.xlsx$Sheet1, CountyFIPS.csv"
"CT",NA,"GW","IN","FALSE","united illuminating company",NA,NA,"5000025PWRGR",NA,NA,"temple st building heat pump well 1",NA,"12586",NA,NA,NA,NA,NA,NA,NA,NA,NA,NA,NA,NA,"New Haven","NEW HAVEN",NA,NA,NA,NA,NA,"41.305","-72.928",NA,2020,0.04,0.04,0.04,0.04,0.04,0.04,0.04,0.04,0.04,0.04,0.04,0.04,"mgd","Estimated",NA,NA,NA,NA,"09009","/CT/ConnecticutIndustrial_WU_info.xlsx$Sheet1, CountyFIPS.csv"
"CT",NA,"GW","IN","FALSE","united illuminating company",NA,NA,"5000028PWRGR",NA,NA,"temple st building heat pump well 4",NA,"12587",NA,NA,NA,NA,NA,NA,NA,NA,NA,NA,NA,NA,"New Haven","NEW HAVEN",NA,NA,NA,NA,NA,"41.305","-72.928",NA,2020,0.07,0.07,0.07,0.07,0.07,0.07,0.07,0.07,0.07,0.07,0.07,0.07,"mgd","Estimated",NA,NA,NA,NA,"09009","/CT/ConnecticutIndustrial_WU_info.xlsx$Sheet1, CountyFIPS.csv"
"CT",NA,"GW","IN","FALSE","united illuminating company",NA,NA,"5000029PWRGR",NA,NA,"temple st building heat pump well 5",NA,"12588",NA,NA,NA,NA,NA,NA,NA,NA,NA,NA,NA,NA,"New Haven","NEW HAVEN",NA,NA,NA,NA,NA,"41.305","-72.928",NA,2020,0.13,0.13,0.13,0.13,0.13,0.13,0.13,0.13,0.13,0.13,0.13,0.13,"mgd","Estimated",NA,NA,NA,NA,"09009","/CT/ConnecticutIndustrial_WU_info.xlsx$Sheet1, CountyFIPS.csv"
"CT",NA,"GW","IN","FALSE","united illuminating company",NA,NA,"5000030PWRGR",NA,NA,"temple st building heat pump well 6",NA,"12589",NA,NA,NA,NA,NA,NA,NA,NA,NA,NA,NA,NA,"New Haven","NEW HAVEN",NA,NA,NA,NA,NA,"41.305","-72.928",NA,1997,0,0,0,0,0,0,0,0,0,0,0,0,"mgd","Metered",NA,NA,NA,NA,"09009","/CT/ConnecticutIndustrial_WU_info.xlsx$Sheet1, CountyFIPS.csv"
"CT",NA,"GW","IN","FALSE","united illuminating company",NA,NA,"5000030PWRGR",NA,NA,"temple st building heat pump well 6",NA,"12589",NA,NA,NA,NA,NA,NA,NA,NA,NA,NA,NA,NA,"New Haven","NEW HAVEN",NA,NA,NA,NA,NA,"41.305","-72.928",NA,1998,0,0,0,0,0,0,0,0,0,0,0,0,"mgd","Metered",NA,NA,NA,NA,"09009","/CT/ConnecticutIndustrial_WU_info.xlsx$Sheet1, CountyFIPS.csv"
"CT",NA,"GW","IN","FALSE","united illuminating company",NA,NA,"5000030PWRGR",NA,NA,"temple st building heat pump well 6",NA,"12589",NA,NA,NA,NA,NA,NA,NA,NA,NA,NA,NA,NA,"New Haven","NEW HAVEN",NA,NA,NA,NA,NA,"41.305","-72.928",NA,1999,0,0,0,0,0,0,0,0,0,0,0,0,"mgd","Metered",NA,NA,NA,NA,"09009","/CT/ConnecticutIndustrial_WU_info.xlsx$Sheet1, CountyFIPS.csv"
"CT",NA,"GW","IN","FALSE","united illuminating company",NA,NA,"5000030PWRGR",NA,NA,"temple st building heat pump well 6",NA,"12589",NA,NA,NA,NA,NA,NA,NA,NA,NA,NA,NA,NA,"New Haven","NEW HAVEN",NA,NA,NA,NA,NA,"41.305","-72.928",NA,2000,0,0,0,0,0,0,0,0,0,0,0,0,"mgd","Metered",NA,NA,NA,NA,"09009","/CT/ConnecticutIndustrial_WU_info.xlsx$Sheet1, CountyFIPS.csv"
"CT",NA,"GW","IN","FALSE","united illuminating company",NA,NA,"5000030PWRGR",NA,NA,"temple st building heat pump well 6",NA,"12589",NA,NA,NA,NA,NA,NA,NA,NA,NA,NA,NA,NA,"New Haven","NEW HAVEN",NA,NA,NA,NA,NA,"41.305","-72.928",NA,2001,0,0,0,0,0,0,0,0,0,0,0,0,"mgd","Metered",NA,NA,NA,NA,"09009","/CT/ConnecticutIndustrial_WU_info.xlsx$Sheet1, CountyFIPS.csv"
"CT",NA,"GW","IN","FALSE","veterans memorial medical center",NA,NA,"5206012INDGR",NA,NA,"vmmc well 1",NA,"12659",NA,NA,NA,NA,NA,NA,NA,NA,NA,NA,NA,NA,"Meriden","NEW HAVEN",NA,NA,NA,NA,NA,"41.53320122","-72.80854731",NA,2020,0.07,0.07,0.07,0.07,0.07,0.07,0.07,0.07,0.07,0.07,0.07,0.07,"mgd","Estimated",NA,NA,NA,NA,"09009","/CT/ConnecticutIndustrial_WU_info.xlsx$Sheet1, CountyFIPS.csv"
"CT",NA,"GW","IN","FALSE","waterbury plating limited liability corporation",NA,NA,"201702720",NA,NA,"group diversion of water for consumptive use",NA,"12135",NA,NA,NA,NA,NA,NA,NA,NA,NA,NA,NA,NA,"Waterbury","NEW HAVEN",NA,NA,NA,NA,NA,"41.54232","-73.04244",NA,2020,0.0277,0.0288,0.0297,0.024,0.0188,0.0245,0.0246,0.0281,0.0315,0.0282,0.022,0.0255,"mgd","Metered",NA,NA,NA,NA,"09009","/CT/ConnecticutIndustrial_WU_info.xlsx$Sheet1, CountyFIPS.csv"
"CT","WD","SW","IN","NA","norwich golf course","NA",NA,"90901100106","NA",NA,"intake on oxoboxo brook via gay cemetery pond",NA,"90901100106",NA,"3222","NA","NA","NA","NA","NA",NA,NA,"NA",NA,"NA","NA","NEW LONDON",NA,NA,"NA",NA,NA,"41.4380555555556","-72.1022222222222","NAD83",2020,0.82,0.82,0.82,0.82,0.82,0.82,0.82,0.82,0.82,0.82,0.82,0.82,"mgd","Metered",NA,"NA","Metered",NA,"09011","natprod_CN_QNTY_industrial_2024-07-12.xlsx$SWUDS_IND_20240712, CountyFIPS.csv"
"CT",NA,"SW","IN","FALSE","westrock cp limited liability corporation",NA,NA,"201604462",NA,NA,"withdrawal from oxoboxo brook via gay cemetery pond",NA,"12115",NA,NA,NA,NA,NA,NA,NA,NA,NA,NA,NA,NA,"Montville","NEW LONDON",NA,NA,NA,NA,NA,"41.43826","-72.10235",NA,2020,0.82,0.82,0.82,0.82,0.82,0.82,0.82,0.82,0.82,0.82,0.82,0.82,"mgd","Estimated",NA,NA,NA,NA,"09011","/CT/ConnecticutIndustrial_WU_info.xlsx$Sheet1, CountyFIPS.csv"
"CT","WD","SW","IN","NA","american woolen company","NA",NA,"90901300093","NA",NA,"intake on furnace brook mill pond america woolen company",NA,"90901300093",NA,"313","NA","NA","NA","NA","NA",NA,NA,"NA",NA,"NA","NA","TOLLAND",NA,NA,"NA",NA,NA,"41.9558333333333","-72.3019444444444","NAD83",2020,0.5,0.5,0.5,0.5,0.5,0.5,0.5,0.5,0.5,0.5,0.5,0.5,"mgd","Metered",NA,"NA","Metered",NA,"09013","natprod_CN_QNTY_industrial_2024-07-12.xlsx$SWUDS_IND_20240712, CountyFIPS.csv"
"CT",NA,"SW","IN","FALSE","american woolen company incorporated",NA,NA,"201703929",NA,NA,"withdraw from furnace brook mill pond",NA,"10186",NA,NA,NA,NA,NA,NA,NA,NA,NA,NA,NA,NA,"Stafford","TOLLAND",NA,NA,NA,NA,NA,"41.95595","-72.30195",NA,2020,0.5,0.5,0.5,0.5,0.5,0.5,0.5,0.5,0.5,0.5,0.5,0.5,"mgd","Estimated",NA,NA,NA,NA,"09013","/CT/ConnecticutIndustrial_WU_info.xlsx$Sheet1, CountyFIPS.csv"
"CT",NA,"GW","IN","FALSE","charles boggini company limited liability corporation",NA,NA,"3108002INDGR",NA,NA,"moser farms coventry well 1",NA,"10321",NA,NA,NA,NA,NA,NA,NA,NA,NA,NA,NA,NA,"Coventry","TOLLAND",NA,NA,NA,NA,NA,"41.810232","-72.395991",NA,2020,0.09,0.09,0.09,0.09,0.09,0.09,0.09,0.09,0.09,0.09,0.09,0.09,"mgd","Estimated",NA,NA,NA,NA,"09013","/CT/ConnecticutIndustrial_WU_info.xlsx$Sheet1, CountyFIPS.csv"
"CT",NA,"GW","IN","FALSE","charles boggini company limited liability corporation",NA,NA,"3108003INDGR",NA,NA,"moser farms coventry well 2",NA,"10322",NA,NA,NA,NA,NA,NA,NA,NA,NA,NA,NA,NA,"Coventry","TOLLAND",NA,NA,NA,NA,NA,"41.810049","-72.396041",NA,2020,0.05,0.05,0.05,0.05,0.05,0.05,0.05,0.05,0.05,0.05,0.05,0.05,"mgd","Estimated",NA,NA,NA,NA,"09013","/CT/ConnecticutIndustrial_WU_info.xlsx$Sheet1, CountyFIPS.csv"
"CT","WD","GW","IN","NA","charles boggini company moser farms","NA",NA,"90901300091","NA",NA,"ct cv 60 moser farms coventry well 2",NA,"90901300091",NA,"31193","NA","NA","NA","NA","NA",NA,NA,"NA",NA,"NA","NA","TOLLAND",NA,NA,"NA",NA,NA,"41.81","-72.3958333333333","NAD83",2020,0.05,0.05,0.05,0.05,0.05,0.05,0.05,0.05,0.05,0.05,0.05,0.05,"mgd","Metered",NA,"NA","Metered",NA,"09013","natprod_CN_QNTY_industrial_2024-07-12.xlsx$SWUDS_IND_20240712, CountyFIPS.csv"
"CT","WD","GW","IN","NA","charles boggini company moser farms","NA",NA,"90901300091","NA",NA,"ct cv 59 moser farms coventry well 1",NA,"90901300091",NA,"31193","NA","NA","NA","NA","NA",NA,NA,"NA",NA,"NA","NA","TOLLAND",NA,NA,"NA",NA,NA,"41.81","-72.3958333333333","NAD83",2020,0.09,0.09,0.09,0.09,0.09,0.09,0.09,0.09,0.09,0.09,0.09,0.09,"mgd","Metered",NA,"NA","Metered",NA,"09013","natprod_CN_QNTY_industrial_2024-07-12.xlsx$SWUDS_IND_20240712, CountyFIPS.csv"
"CT",NA,"GW","IN","FALSE","manchester sand and gravel company",NA,NA,"3106001INDGR",NA,NA,"manchester sandg tolland drilled well",NA,"10319",NA,NA,NA,NA,NA,NA,NA,NA,NA,NA,NA,NA,"Tolland","TOLLAND",NA,NA,NA,NA,NA,"41.863779","-72.366525",NA,2020,0.043,0.043,0.043,0.043,0.043,0.043,0.043,0.043,0.043,0.043,0.043,0.043,"mgd","Estimated",NA,NA,NA,NA,"09013","/CT/ConnecticutIndustrial_WU_info.xlsx$Sheet1, CountyFIPS.csv"
"CT",NA,"GW","IN","FALSE","manchester sand and gravel company",NA,NA,"3106002INDGR",NA,NA,"manchester sandg tolland dug well",NA,"10320",NA,NA,NA,NA,NA,NA,NA,NA,NA,NA,NA,NA,"Tolland","TOLLAND",NA,NA,NA,NA,NA,"41.863596","-72.366624",NA,2020,0.007,0.007,0.007,0.007,0.007,0.007,0.007,0.007,0.007,0.007,0.007,0.007,"mgd","Estimated",NA,NA,NA,NA,"09013","/CT/ConnecticutIndustrial_WU_info.xlsx$Sheet1, CountyFIPS.csv"
"CT",NA,"SW","IN","FALSE","manchester sand and gravel company",NA,NA,"3100004INDIM",NA,NA,"manchester sandg mansfield pond",NA,"10311",NA,NA,NA,NA,NA,NA,NA,NA,NA,NA,NA,NA,"Mansfield","TOLLAND",NA,NA,NA,NA,NA,"41.816821","-72.274553",NA,2020,0.014,0.014,0.014,0.014,0.014,0.014,0.014,0.014,0.014,0.014,0.014,0.014,"mgd","Estimated",NA,NA,NA,NA,"09013","/CT/ConnecticutIndustrial_WU_info.xlsx$Sheet1, CountyFIPS.csv"
"CT","WD","SW","IN","NA","manchester sand and gravel manchester","NA",NA,"90901300090","NA",NA,"intake on mansfield pond manchester s and g",NA,"90901300090",NA,"21232","NA","NA","NA","NA","NA",NA,NA,"NA",NA,"NA","NA","TOLLAND",NA,NA,"NA",NA,NA,"41.8166666666667","-72.2744444444444","NAD83",2020,0.014,0.014,0.014,0.014,0.014,0.014,0.014,0.014,0.014,0.014,0.014,0.014,"mgd","Metered",NA,"NA","Metered",NA,"09013","natprod_CN_QNTY_industrial_2024-07-12.xlsx$SWUDS_IND_20240712, CountyFIPS.csv"
"CT","WD","GW","IN","NA","manchester sand and gravel tolland","NA",NA,"90901300089","NA",NA,"ct to 12 manchester s and g dug well",NA,"90901300089",NA,"21232","NA","NA","NA","NA","NA",NA,NA,"NA",NA,"NA","NA","TOLLAND",NA,NA,"NA",NA,NA,"41.8633333333333","-72.3663888888889","NAD83",2020,0.007,0.007,0.007,0.007,0.007,0.007,0.007,0.007,0.007,0.007,0.007,0.007,"mgd","Metered",NA,"NA","Metered",NA,"09013","natprod_CN_QNTY_industrial_2024-07-12.xlsx$SWUDS_IND_20240712, CountyFIPS.csv"
"CT","WD","GW","IN","NA","manchester sand and gravel tolland","NA",NA,"90901300089","NA",NA,"ct to 11 manchester s and g drilled well",NA,"90901300089",NA,"21232","NA","NA","NA","NA","NA",NA,NA,"NA",NA,"NA","NA","TOLLAND",NA,NA,"NA",NA,NA,"41.8636111111111","-72.3663888888889","NAD83",2020,0.043,0.043,0.043,0.043,0.043,0.043,0.043,0.043,0.043,0.043,0.043,0.043,"mgd","Metered",NA,"NA","Metered",NA,"09013","natprod_CN_QNTY_industrial_2024-07-12.xlsx$SWUDS_IND_20240712, CountyFIPS.csv"
"CT",NA,"GW","IN","FALSE","natural country farms incorporated",NA,NA,"4502001INDGR",NA,NA,"moser farms ellington well 1",NA,"12561",NA,NA,NA,NA,NA,NA,NA,NA,NA,NA,NA,NA,"Ellington","TOLLAND",NA,NA,NA,NA,NA,"41.87705065","-72.46426465",NA,2020,0.0893,0.0869,0.0865,0.073,0.0881,0.0747,0.0792,0.1008,0.0972,0.1036,0.091,0.0983,"mgd","Metered",NA,NA,NA,NA,"09013","/CT/ConnecticutIndustrial_WU_info.xlsx$Sheet1, CountyFIPS.csv"
"CT",NA,"SW","CO","FALSE","ttm printed circuit group incorporated",NA,NA,"200301970",NA,NA,"riverside pond",NA,"10060",NA,NA,NA,NA,NA,NA,NA,NA,NA,NA,NA,NA,"Stafford","TOLLAND",NA,NA,NA,NA,NA,"41.98557","-72.29051",NA,2020,0.0591,0.0486,0.0537,0.0501,0.0458,0.0464,0.0479,0.0462,0.0451,0.0491,0.0386,0.0411,"mgd","Metered",NA,NA,NA,NA,"09013","/CT/ConnecticutIndustrial_WU_info.xlsx$Sheet1, CountyFIPS.csv"
"CT","WD","GW","IN","FALSE","frito lay incorporated killingly","NA",NA,"3400003INDGR","NA",NA,"frito lay well 1",NA,"10336",NA,"311","NA","NA","NA","NA","NA",NA,NA,"NA",NA,"NA","Killingly","WINDHAM",NA,NA,"NA",NA,NA,"41.863226","-71.888429","NAD83",2020,0.4265,0.3735,0.324,0.3703,0.4683,0.4211,0.4486,0.4395,0.3961,0.3971,0.4069,0.419,"mgd","Metered",NA,"NA","Metered",NA,"09015","/CT/ConnecticutIndustrial_WU_info.xlsx$Sheet1, natprod_CN_QNTY_industrial_2024-07-12.xlsx$SWUDS_IND_20240712, CountyFIPS.csv"
"CT",NA,"GW","IN","FALSE","rogers corporation",NA,NA,"3700018INDGR",NA,NA,"rogers plant well 2",NA,"10360",NA,NA,NA,NA,NA,NA,NA,NA,NA,NA,NA,NA,"Killingly","WINDHAM",NA,NA,NA,NA,NA,"41.841602","-71.913614",NA,2020,0.033,0.0286,0.0313,0.0284,0.0317,0.0307,0.032,0.0357,0.0395,0.0432,0.0377,0.0233,"mgd","Metered",NA,NA,NA,NA,"09015","/CT/ConnecticutIndustrial_WU_info.xlsx$Sheet1, CountyFIPS.csv"
"CT",NA,"SW","IN","FALSE","rogers corporation",NA,NA,"3700015INDIM",NA,NA,"rogers plant pond quinebaug river w 2 24 gates",NA,"10358",NA,NA,NA,NA,NA,NA,NA,NA,NA,NA,NA,NA,"Killingly","WINDHAM",NA,NA,NA,NA,NA,"41.841829","-71.908601",NA,2020,21.6,20.2065,21.6,20.9032,21.6,20.9032,21.6,21.6,20.9032,21.6,20.9032,21.6,"mgd","Metered",NA,NA,NA,NA,"09015","/CT/ConnecticutIndustrial_WU_info.xlsx$Sheet1, CountyFIPS.csv"
"CT",NA,"SW","IN","FALSE","rogers corporation",NA,NA,"3700016INDRI",NA,NA,"rogers plant quinebaug river canal",NA,"10359",NA,NA,NA,NA,NA,NA,NA,NA,NA,NA,NA,NA,"Killingly","WINDHAM",NA,NA,NA,NA,NA,"41.841286","-71.914401",NA,2020,0,0,0,0,0,0,0,0,0,0,0,0,"mgd","Metered",NA,NA,NA,NA,"09015","/CT/ConnecticutIndustrial_WU_info.xlsx$Sheet1, CountyFIPS.csv"
"CT",NA,"SW","IN","FALSE","rogers corporation",NA,NA,"3708003INDIM",NA,NA,"woodstock plant woodstock well 1",NA,"10363",NA,NA,NA,NA,NA,NA,NA,NA,NA,NA,NA,NA,"Woodstock","WINDHAM",NA,NA,NA,NA,NA,"41.982905","-71.976299",NA,2020,0.0011,0.0011,0.0011,0.0014,0.0018,9e-04,0.001,0.0011,9e-04,0.0011,0.0015,0.0013,"mgd","Metered",NA,NA,NA,NA,"09015","/CT/ConnecticutIndustrial_WU_info.xlsx$Sheet1, CountyFIPS.csv"
"CT","WD","SW","IN","NA","rogers corporation rogers plant","NA",NA,"90901500074","NA",NA,"intake on quinebaug river canal",NA,"90901500074",NA,"31","NA","NA","NA","NA","NA",NA,NA,"NA",NA,"NA","NA","WINDHAM",NA,NA,"NA",NA,NA,"41.8411111111111","-71.9141666666667","NAD83",2020,0,0,0,0,0,0,0,0,0,0,0,0,"mgd","Metered",NA,"NA","Metered",NA,"09015","natprod_CN_QNTY_industrial_2024-07-12.xlsx$SWUDS_IND_20240712, CountyFIPS.csv"
"CT","WD","GW","IN","NA","rogers corporation rogers plant","NA",NA,"90901500074","NA",NA,"ct ki 390 rogers plant well 2",NA,"90901500074",NA,"31","NA","NA","NA","NA","NA",NA,NA,"NA",NA,"NA","NA","WINDHAM",NA,NA,"NA",NA,NA,"41.8413888888889","-71.9136111111111","NAD83",2020,0.033,0.0286,0.0313,0.0284,0.0317,0.0307,0.032,0.0357,0.0395,0.0432,0.0377,0.0233,"mgd","Metered",NA,"NA","Metered",NA,"09015","natprod_CN_QNTY_industrial_2024-07-12.xlsx$SWUDS_IND_20240712, CountyFIPS.csv"
"CT","WD","SW","IN","NA","rogers corporation rogers plant","NA",NA,"90901500074","NA",NA,"intake on pond quinebaug river",NA,"90901500074",NA,"31","NA","NA","NA","NA","NA",NA,NA,"NA",NA,"NA","NA","WINDHAM",NA,NA,"NA",NA,NA,"41.8416666666667","-71.9083333333333","NAD83",2020,21.6,20.2065,21.6,20.9032,21.6,20.9032,21.6,21.6,20.9032,21.6,20.9032,21.6,"mgd","Metered",NA,"NA","Metered",NA,"09015","natprod_CN_QNTY_industrial_2024-07-12.xlsx$SWUDS_IND_20240712, CountyFIPS.csv"
"CT","WD","GW","IN","NA","rogers corporation woodstock plant","NA",NA,"90901500073","NA",NA,"ct wk 229 woodstock well 1",NA,"90901500073",NA,"31","NA","NA","NA","NA","NA",NA,NA,"NA",NA,"NA","NA","WINDHAM",NA,NA,"NA",NA,NA,"41.9827777777778","-71.9761111111111","NAD83",2020,0.035099998,0.034,0.034999999,0.04209677,0.056003226,0.027500002,0.031968288,0.032731699,0.029399999,0.032566668,0.045633334,0.040314288,"mgd","Metered",NA,"NA","Metered",NA,"09015","natprod_CN_QNTY_industrial_2024-07-12.xlsx$SWUDS_IND_20240712, CountyFIPS.csv"
"CT",NA,"SW","IN","FALSE","strategic commercial realty incorporated",NA,NA,"201101865",NA,NA,"make up water intake structure",NA,"10117",NA,NA,NA,NA,NA,NA,NA,NA,NA,NA,NA,NA,"Plainfield","WINDHAM",NA,NA,NA,NA,NA,"41.696676","-71.9171",NA,2020,0,0,0.0402,0.0338,0.0668,0.0679,0.0655,0.0628,0.0379,0,0,0.0098,"mgd","Metered",NA,NA,NA,NA,"09015","/CT/ConnecticutIndustrial_WU_info.xlsx$Sheet1, CountyFIPS.csv"
"CT",NA,"SW","IN","FALSE","strategic commercial realty incorporated",NA,NA,"201101865",NA,NA,"withdrawal from recycling basins",NA,"10058",NA,NA,NA,NA,NA,NA,NA,NA,NA,NA,NA,NA,"Plainfield","WINDHAM",NA,NA,NA,NA,NA,"41.699389","-71.914146",NA,2020,0,0,0.3061,1.0923,1.0927,1.4253,1.235,1.0739,0.8987,1.1821,0.6659,0.4513,"mgd","Metered",NA,NA,NA,NA,"09015","/CT/ConnecticutIndustrial_WU_info.xlsx$Sheet1, CountyFIPS.csv"
"CT","WD","SW","IN","NA","strategic commercial realty plainfield industry facil","NA",NA,"90901500086","NA",NA,"intake on recycling basins strategic com",NA,"90901500086",NA,"31","NA","NA","NA","NA","NA",NA,NA,"NA",NA,"NA","NA","WINDHAM",NA,NA,"NA",NA,NA,"41.6991666666667","-71.9138888888889","NAD83",2020,0,0,0.3061,1.0923,1.0927,1.4253,1.235,1.0739,0.8987,1.1821,0.6659,0.4513,"mgd","Metered",NA,"NA","Metered",NA,"09015","natprod_CN_QNTY_industrial_2024-07-12.xlsx$SWUDS_IND_20240712, CountyFIPS.csv"
"CT",NA,"SW","IN","FALSE","windham sand and stone incorporated",NA,NA,"3800008INDRI",NA,NA,"windham sand and stone shetucket river pump",NA,"10368",NA,NA,NA,NA,NA,NA,NA,NA,NA,NA,NA,NA,"Windham","WINDHAM",NA,NA,NA,NA,NA,"41.705025","-72.181447",NA,1997,4894.9011,13102.0408,17281.9979,29440,28170.6556,29440,28770.0312,28170.6556,29440,29968.7825,16533.3333,11488.0333,"mgd","Metered",NA,NA,NA,NA,"09015","/CT/ConnecticutIndustrial_WU_info.xlsx$Sheet1, CountyFIPS.csv"
"CT",NA,"SW","IN","FALSE","windham sand and stone incorporated",NA,NA,"3800008INDRI",NA,NA,"windham sand and stone shetucket river pump",NA,"10368",NA,NA,NA,NA,NA,NA,NA,NA,NA,NA,NA,NA,"Windham","WINDHAM",NA,NA,NA,NA,NA,"41.705025","-72.181447",NA,1998,2097.8148,21918.3673,17781.4776,29440,26971.9043,30720,29369.4069,28170.6556,29440,29369.4069,20906.6667,15583.7669,"mgd","Metered",NA,NA,NA,NA,"09015","/CT/ConnecticutIndustrial_WU_info.xlsx$Sheet1, CountyFIPS.csv"
"CT",NA,"SW","IN","FALSE","windham sand and stone incorporated",NA,NA,"3800008INDRI",NA,NA,"windham sand and stone shetucket river pump",NA,"10368",NA,NA,NA,NA,NA,NA,NA,NA,NA,NA,NA,NA,"Windham","WINDHAM",NA,NA,NA,NA,NA,"41.705025","-72.181447",NA,1999,5793.9646,15183.6735,17381.8939,29440,26971.9043,30720,29369.4069,28770.0312,29440,28170.6556,20906.6667,15583.7669,"mgd","Metered",NA,NA,NA,NA,"09015","/CT/ConnecticutIndustrial_WU_info.xlsx$Sheet1, CountyFIPS.csv"
"CT",NA,"SW","IN","FALSE","windham sand and stone incorporated",NA,NA,"3800008INDRI",NA,NA,"windham sand and stone shetucket river pump",NA,"10368",NA,NA,NA,NA,NA,NA,NA,NA,NA,NA,NA,NA,"Windham","WINDHAM",NA,NA,NA,NA,NA,"41.705025","-72.181447",NA,2000,1298.6472,10730.0832,21877.2112,27520,28770.0312,30720,26971.9043,29968.7825,28800,28770.0312,19520,3995.8377,"mgd","Metered",NA,NA,NA,NA,"09015","/CT/ConnecticutIndustrial_WU_info.xlsx$Sheet1, CountyFIPS.csv"
"CT",NA,"SW","IN","FALSE","windham sand and stone incorporated",NA,NA,"3800008INDRI",NA,NA,"windham sand and stone shetucket river pump",NA,"10368",NA,NA,NA,NA,NA,NA,NA,NA,NA,NA,NA,NA,"Windham","WINDHAM",NA,NA,NA,NA,NA,"41.705025","-72.181447",NA,2001,4495.3174,9306.1225,13685.744,28160,28770.0312,30080,27571.2799,29968.7825,27520,29968.7825,21866.6667,14684.7034,"mgd","Metered",NA,NA,NA,NA,"09015","/CT/ConnecticutIndustrial_WU_info.xlsx$Sheet1, CountyFIPS.csv"
