"State","ValueType","SourceType","Category","Saline","FacilityName","FacilityName1","FacilityName2","FacilityNumber","FacilityNumber1","FacilityNumber2","SourceName","SourceName1","SourceNumber","SourceNumber1","NAICS","SIC","Description","HUC8","HUC10","HUC12","AquiferName1","AquiferName2","BasinName1","BasinName2","Address1","City1","County1","State1","Zip1","Address2","City2","Zip2","Lat","Lon","Datum","Year","Jan","Feb","Mar","Apr","May","Jun","Jul","Aug","Sep","Oct","Nov","Dec","Units_monthly","Method_monthly","Annual_reported","Units_annual_reported","Method_annual_reported","DataProtected","FIPS5code","SITESELECTION_FACILITYID","SITESELECTION_NAME","SITESELECTION_ADDRESS","SITESELECTION_ADDRESS_Fix","SITESELECTION_ADRSFLAG","SITESELECTION_CITY","SITESELECTION_STATE","SITESELECTION_COUNTY","SITESELECTION_ZIP","SITESELECTION_FLAGZIP","SITESELECTION_PHONE","SITESELECTION_LATITUDE","SITESELECTION_LONGITUDE","SITESELECTION_NAICS","SITESELECTION_NAICSDESCR","SITESELECTION_SIC","SITESELECTION_SICDESCR","SITESELECTION_ZIP_PHONE","SITESELECTION_CITY_ADDRESS","SITESELECTION_LL_Src","SITESELECTION_DATASET_MATCHES_ALL2","SITESELECTION_NAICS_2","SITESELECTION_LATITUDE2","SITESELECTION_LONGITUDE2","SITESELECTION_NAICS2_2","DataSource"
"HI","NA","NA",NA,"NA","ala kukui ula phase 2a 1","NA",NA,"NA","NA",NA,"NA",NA,"NA",NA,"NA","","NA","NA","NA","NA",NA,NA,"NA",NA,"C(""2700 Ke Alaula Street"", "" Suite B"")","Koloa","NA",NA,NA,"NA",NA,NA,"21.885529999999999","-159.48361","NA",NA,NA,NA,NA,NA,NA,NA,NA,NA,NA,NA,NA,NA,"NA","NA",NA,"NA","NA",NA,NA,NA,NA,NA,NA,NA,NA,NA,NA,NA,NA,NA,NA,NA,NA,NA,NA,NA,NA,NA,NA,NA,NA,NA,NA,NA,"Industrial_DataSummary_By_LEE.xlsx$WU_Industrial_table_SIC_NAICs"
"HI","NA","NA",NA,"NA","alexander lot f 1 limited liability corporation","fergus and company",NA,"NA","NA",NA,"NA",NA,"NA",NA,"NA","","NA","NA","NA","NA",NA,NA,"NA",NA,"NA","NA","NA",NA,NA,"NA",NA,NA,"20.885493","-156.47579500000001","NA",NA,NA,NA,NA,NA,NA,NA,NA,NA,NA,NA,NA,NA,"NA","NA",NA,"NA","NA",NA,NA,NA,NA,NA,NA,NA,NA,NA,NA,NA,NA,NA,NA,NA,NA,NA,NA,NA,NA,NA,NA,NA,NA,NA,NA,NA,"Industrial_DataSummary_By_LEE.xlsx$WU_Industrial_table_SIC_NAICs"
"HI","NA","NA",NA,"NA","aloha petroleum limited hilo west terminal","NA",NA,"NA","NA",NA,"NA",NA,"NA",NA,"NA","5171","NA","NA","NA","NA",NA,NA,"NA",NA,"661 Kalanianaole Avenue","Hilo","NA",NA,NA,"NA",NA,NA,"19.727277999999998","-155.054813","NA",NA,NA,NA,NA,NA,NA,NA,NA,NA,NA,NA,NA,NA,"NA","NA",NA,"NA","NA",NA,NA,NA,NA,NA,NA,NA,NA,NA,NA,NA,NA,NA,NA,NA,NA,NA,NA,NA,NA,NA,NA,NA,NA,NA,NA,NA,"Industrial_DataSummary_By_LEE.xlsx$WU_Industrial_table_SIC_NAICs"
"HI","NA","NA",NA,"NA","ameron h c and d","NA",NA,"NA","NA",NA,"NA",NA,"NA",NA,"NA","3273","NA","NA","NA","NA",NA,NA,"NA",NA,"2344 Pahounui Drive","Honolulu","NA",NA,NA,"NA",NA,NA,"21.324010000000001","-157.89203000000001","NA",NA,NA,NA,NA,NA,NA,NA,NA,NA,NA,NA,NA,NA,"NA","NA",NA,"NA","NA",NA,NA,NA,NA,NA,NA,NA,NA,NA,NA,NA,NA,NA,NA,NA,NA,NA,NA,NA,NA,NA,NA,NA,NA,NA,NA,NA,"Industrial_DataSummary_By_LEE.xlsx$WU_Industrial_table_SIC_NAICs"
"HI","NA","NA",NA,"NA","ameron kapaa quarry","NA",NA,"NA","NA",NA,"NA",NA,"NA",NA,"NA","1429","NA","NA","NA","NA",NA,NA,"NA",NA,"Unknown","Kailua","NA",NA,NA,"NA",NA,NA,"21.390056000000001","-157.77588900000001","NA",NA,NA,NA,NA,NA,NA,NA,NA,NA,NA,NA,NA,NA,"NA","NA",NA,"NA","NA",NA,NA,NA,NA,NA,NA,NA,NA,NA,NA,NA,NA,NA,NA,NA,NA,NA,NA,NA,NA,NA,NA,NA,NA,NA,NA,NA,"Industrial_DataSummary_By_LEE.xlsx$WU_Industrial_table_SIC_NAICs"
"HI","NA","NA",NA,"NA","big island biodiesel limited liability corporation","big island biodiesel limited liability corporation",NA,"NA","NA",NA,"NA",NA,"NA",NA,"NA","","NA","NA","NA","NA",NA,NA,"NA",NA,"NA","NA","NA",NA,NA,"NA",NA,NA,"19.632777999999998","-155.05333300000001","NA",NA,NA,NA,NA,NA,NA,NA,NA,NA,NA,NA,NA,NA,"NA","NA",NA,"NA","NA",NA,NA,NA,NA,NA,NA,NA,NA,NA,NA,NA,NA,NA,NA,NA,NA,NA,NA,NA,NA,NA,NA,NA,NA,NA,NA,NA,"Industrial_DataSummary_By_LEE.xlsx$WU_Industrial_table_SIC_NAICs"
"HI","NA","NA",NA,"NA","candch kaneohe kailua sewer tunnel","NA",NA,"NA","NA",NA,"NA",NA,"NA",NA,"NA","","NA","NA","NA","NA",NA,NA,"NA",NA,"45-230 Kulauli Street","Kaneohe","NA",NA,NA,"NA",NA,NA,"21.408085","-157.79209499999999","NA",NA,NA,NA,NA,NA,NA,NA,NA,NA,NA,NA,NA,NA,"NA","NA",NA,"NA","NA",NA,NA,NA,NA,NA,NA,NA,NA,NA,NA,NA,NA,NA,NA,NA,NA,NA,NA,NA,NA,NA,NA,NA,NA,NA,NA,NA,"Industrial_DataSummary_By_LEE.xlsx$WU_Industrial_table_SIC_NAICs"
"HI","NA","NA",NA,"NA","chevron products company hawaii refinery","NA",NA,"NA","NA",NA,"NA",NA,"NA",NA,"NA","2911","NA","NA","NA","NA",NA,NA,"NA",NA,"91-480 Malakole Street","Kapolei","NA",NA,NA,"NA",NA,NA,"21.310500000000001","-158.11070000000001","NA",NA,NA,NA,NA,NA,NA,NA,NA,NA,NA,NA,NA,NA,"NA","NA",NA,"NA","NA",NA,NA,NA,NA,NA,NA,NA,NA,NA,NA,NA,NA,NA,NA,NA,NA,NA,NA,NA,NA,NA,NA,NA,NA,NA,NA,NA,"Industrial_DataSummary_By_LEE.xlsx$WU_Industrial_table_SIC_NAICs"
"HI","NA","NA",NA,"NA","cw hawaii pride limited liability corporation","calavo growers incorporated",NA,"NA","NA",NA,"NA",NA,"NA",NA,"NA","","NA","NA","NA","NA",NA,NA,"NA",NA,"NA","NA","NA",NA,NA,"NA",NA,NA,"19.630392000000001","-155.02901900000001","NA",NA,NA,NA,NA,NA,NA,NA,NA,NA,NA,NA,NA,NA,"NA","NA",NA,"NA","NA",NA,NA,NA,NA,NA,NA,NA,NA,NA,NA,NA,NA,NA,NA,NA,NA,NA,NA,NA,NA,NA,NA,NA,NA,NA,NA,NA,"Industrial_DataSummary_By_LEE.xlsx$WU_Industrial_table_SIC_NAICs"
"HI","NA","NA",NA,"NA","department of hawaiian home lands west hawaii dhhl","big island carbon limited liability corporation",NA,"NA","NA",NA,"NA",NA,"NA",NA,"NA","","NA","NA","NA","NA",NA,NA,"NA",NA,"NA","NA","NA",NA,NA,"NA",NA,NA,"20.048176000000002","-155.83494999999999","NA",NA,NA,NA,NA,NA,NA,NA,NA,NA,NA,NA,NA,NA,"NA","NA",NA,"NA","NA",NA,NA,NA,NA,NA,NA,NA,NA,NA,NA,NA,NA,NA,NA,NA,NA,NA,NA,NA,NA,NA,NA,NA,NA,NA,NA,NA,"Industrial_DataSummary_By_LEE.xlsx$WU_Industrial_table_SIC_NAICs"
"HI","NA","NA",NA,"NA","dole food company incorporated hawaii","dole food company incorporated hawaii",NA,"NA","NA",NA,"NA",NA,"NA",NA,"NA","","NA","NA","NA","NA",NA,NA,"NA",NA,"NA","NA","NA",NA,NA,"NA",NA,NA,"21.576388999999999","-158.12944400000001","NA",NA,NA,NA,NA,NA,NA,NA,NA,NA,NA,NA,NA,NA,"NA","NA",NA,"NA","NA",NA,NA,NA,NA,NA,NA,NA,NA,NA,NA,NA,NA,NA,NA,NA,NA,NA,NA,NA,NA,NA,NA,NA,NA,NA,NA,NA,"Industrial_DataSummary_By_LEE.xlsx$WU_Industrial_table_SIC_NAICs"
"HI","NA","NA",NA,"NA","dot highways municipal separate storm sewer system ms4","NA",NA,"NA","NA",NA,"NA",NA,"NA",NA,"NA","9999","NA","NA","NA","NA",NA,NA,"NA",NA,"869 Punchbowl St","Honolulu","NA",NA,NA,"NA",NA,NA,"21.304040000000001","-157.86018000000001","NA",NA,NA,NA,NA,NA,NA,NA,NA,NA,NA,NA,NA,NA,"NA","NA",NA,"NA","NA",NA,NA,NA,NA,NA,NA,NA,NA,NA,NA,NA,NA,NA,NA,NA,NA,NA,NA,NA,NA,NA,NA,NA,NA,NA,NA,NA,"Industrial_DataSummary_By_LEE.xlsx$WU_Industrial_table_SIC_NAICs"
"HI","NA","NA",NA,"NA","edmund c olson trust ii","randall stevens ka u farms management limited liability corporation",NA,"NA","NA",NA,"NA",NA,"NA",NA,"NA","","NA","NA","NA","NA",NA,NA,"NA",NA,"NA","NA","NA",NA,NA,"NA",NA,NA,"19.147777999999999","-155.55500000000001","NA",NA,NA,NA,NA,NA,NA,NA,NA,NA,NA,NA,NA,NA,"NA","NA",NA,"NA","NA",NA,NA,NA,NA,NA,NA,NA,NA,NA,NA,NA,NA,NA,NA,NA,NA,NA,NA,NA,NA,NA,NA,NA,NA,NA,NA,NA,"Industrial_DataSummary_By_LEE.xlsx$WU_Industrial_table_SIC_NAICs"
"HI","NA","NA",NA,"NA","ewm investments limited liability corporation","ewm investments limited liability corporation",NA,"NA","NA",NA,"NA",NA,"NA",NA,"NA","","NA","NA","NA","NA",NA,NA,"NA",NA,"NA","NA","NA",NA,NA,"NA",NA,NA,"20.228055999999999","-155.78194400000001","NA",NA,NA,NA,NA,NA,NA,NA,NA,NA,NA,NA,NA,NA,"NA","NA",NA,"NA","NA",NA,NA,NA,NA,NA,NA,NA,NA,NA,NA,NA,NA,NA,NA,NA,NA,NA,NA,NA,NA,NA,NA,NA,NA,NA,NA,NA,"Industrial_DataSummary_By_LEE.xlsx$WU_Industrial_table_SIC_NAICs"
"HI","NA","NA",NA,"NA","green energy team limited liability corporation","green energy team limited liability corporation",NA,"NA","NA",NA,"NA",NA,"NA",NA,"NA","","NA","NA","NA","NA",NA,NA,"NA",NA,"NA","NA","NA",NA,NA,"NA",NA,NA,"21.964099999999998","-159.45662999999999","NA",NA,NA,NA,NA,NA,NA,NA,NA,NA,NA,NA,NA,NA,"NA","NA",NA,"NA","NA",NA,NA,NA,NA,NA,NA,NA,NA,NA,NA,NA,NA,NA,NA,NA,NA,NA,NA,NA,NA,NA,NA,NA,NA,NA,NA,NA,"Industrial_DataSummary_By_LEE.xlsx$WU_Industrial_table_SIC_NAICs"
"HI","NA","NA",NA,"NA","grove farm water treatment facility 1","NA",NA,"NA","NA",NA,"NA",NA,"NA",NA,"NA","","NA","NA","NA","NA",NA,NA,"NA",NA,"Unknown","Unknown","NA",NA,NA,"NA",NA,NA,"22.020861","-159.39688899999999","NA",NA,NA,NA,NA,NA,NA,NA,NA,NA,NA,NA,NA,NA,"NA","NA",NA,"NA","NA",NA,NA,NA,NA,NA,NA,NA,NA,NA,NA,NA,NA,NA,NA,NA,NA,NA,NA,NA,NA,NA,NA,NA,NA,NA,NA,NA,"Industrial_DataSummary_By_LEE.xlsx$WU_Industrial_table_SIC_NAICs"
"HI","NA","NA",NA,"NA","haleiwa wells granular activated carbon gac facility","NA",NA,"NA","NA",NA,"NA",NA,"NA",NA,"NA","4941","NA","NA","NA","NA",NA,NA,"NA",NA,"Unknown","Unknown","NA",NA,NA,"NA",NA,NA,"21.577556000000001","-158.09316699999999","NA",NA,NA,NA,NA,NA,NA,NA,NA,NA,NA,NA,NA,NA,"NA","NA",NA,"NA","NA",NA,NA,NA,NA,NA,NA,NA,NA,NA,NA,NA,NA,NA,NA,NA,NA,NA,NA,NA,NA,NA,NA,NA,NA,NA,NA,NA,"Industrial_DataSummary_By_LEE.xlsx$WU_Industrial_table_SIC_NAICs"
"HI","NA","NA",NA,"NA","hawaii institute of marine bio","NA",NA,"NA","NA",NA,"NA",NA,"NA",NA,"NA","8221","NA","NA","NA","NA",NA,NA,"NA",NA,"46-007 Lilipuna Road","Kaneohe","NA",NA,NA,"NA",NA,NA,"21.429694000000001","-157.79191700000001","NA",NA,NA,NA,NA,NA,NA,NA,NA,NA,NA,NA,NA,NA,"NA","NA",NA,"NA","NA",NA,NA,NA,NA,NA,NA,NA,NA,NA,NA,NA,NA,NA,NA,NA,NA,NA,NA,NA,NA,NA,NA,NA,NA,NA,NA,NA,"Industrial_DataSummary_By_LEE.xlsx$WU_Industrial_table_SIC_NAICs"
"HI","NA","NA",NA,"NA","hawaii oceanic technology incorporated ahi aquaculture project","NA",NA,"NA","NA",NA,"NA",NA,"NA",NA,"NA","","NA","NA","NA","NA",NA,NA,"NA",NA,"Unknown","Unknown","NA",NA,NA,"NA",NA,NA,"20.094443999999999","-155.92777799999999","NA",NA,NA,NA,NA,NA,NA,NA,NA,NA,NA,NA,NA,NA,"NA","NA",NA,"NA","NA",NA,NA,NA,NA,NA,NA,NA,NA,NA,NA,NA,NA,NA,NA,NA,NA,NA,NA,NA,NA,NA,NA,NA,NA,NA,NA,NA,"Industrial_DataSummary_By_LEE.xlsx$WU_Industrial_table_SIC_NAICs"
"HI","NA","NA",NA,"NA","hawaii sea spirits limited liability corporation","hawaii sea spirits limited liability corporation",NA,"NA","NA",NA,"NA",NA,"NA",NA,"NA","","NA","NA","NA","NA",NA,NA,"NA",NA,"NA","NA","NA",NA,NA,"NA",NA,NA,"20.808928000000002","-156.36774399999999","NA",NA,NA,NA,NA,NA,NA,NA,NA,NA,NA,NA,NA,NA,"NA","NA",NA,"NA","NA",NA,NA,NA,NA,NA,NA,NA,NA,NA,NA,NA,NA,NA,NA,NA,NA,NA,NA,NA,NA,NA,NA,NA,NA,NA,NA,NA,"Industrial_DataSummary_By_LEE.xlsx$WU_Industrial_table_SIC_NAICs"
"HI","NA","NA",NA,"NA","hawaiian cement","NA",NA,"NA","NA",NA,"NA",NA,"NA",NA,"NA","3273","NA","NA","NA","NA",NA,NA,"NA",NA,"Unknown","Aiea","NA",NA,NA,"NA",NA,NA,"21.373971999999998","-157.909167","NA",NA,NA,NA,NA,NA,NA,NA,NA,NA,NA,NA,NA,NA,"NA","NA",NA,"NA","NA",NA,NA,NA,NA,NA,NA,NA,NA,NA,NA,NA,NA,NA,NA,NA,NA,NA,NA,NA,NA,NA,NA,NA,NA,NA,NA,NA,"Industrial_DataSummary_By_LEE.xlsx$WU_Industrial_table_SIC_NAICs"
"HI","NA","NA",NA,"NA","honolulu rail transit project kamehameha highway guideway","NA",NA,"NA","NA",NA,"NA",NA,"NA",NA,"NA","","NA","NA","NA","NA",NA,NA,"NA",NA,"94-235 Leoku Street","Waipahu","NA",NA,NA,"NA",NA,NA,"21.380375000000001","-158.02478500000001","NA",NA,NA,NA,NA,NA,NA,NA,NA,NA,NA,NA,NA,NA,"NA","NA",NA,"NA","NA",NA,NA,NA,NA,NA,NA,NA,NA,NA,NA,NA,NA,NA,NA,NA,NA,NA,NA,NA,NA,NA,NA,NA,NA,NA,NA,NA,"Industrial_DataSummary_By_LEE.xlsx$WU_Industrial_table_SIC_NAICs"
"HI","NA","NA",NA,"NA","ies downstream limited liability corporation","par hawaii refining limited liability corporation",NA,"NA","NA",NA,"NA",NA,"NA",NA,"NA","","NA","NA","NA","NA",NA,NA,"NA",NA,"NA","NA","NA",NA,NA,"NA",NA,NA,"21.307500000000001","-158.11333300000001","NA",NA,NA,NA,NA,NA,NA,NA,NA,NA,NA,NA,NA,NA,"NA","NA",NA,"NA","NA",NA,NA,NA,NA,NA,NA,NA,NA,NA,NA,NA,NA,NA,NA,NA,NA,NA,NA,NA,NA,NA,NA,NA,NA,NA,NA,NA,"Industrial_DataSummary_By_LEE.xlsx$WU_Industrial_table_SIC_NAICs"
"HI","NA","NA",NA,"NA","jas w glover 0257","NA",NA,"NA","NA",NA,"NA",NA,"NA",NA,"NA","1442","NA","NA","NA","NA",NA,NA,"NA",NA,"Unknown","Lihue","NA",NA,NA,"NA",NA,NA,"21.966944000000002","-159.46522200000001","NA",NA,NA,NA,NA,NA,NA,NA,NA,NA,NA,NA,NA,NA,"NA","NA",NA,"NA","NA",NA,NA,NA,NA,NA,NA,NA,NA,NA,NA,NA,NA,NA,NA,NA,NA,NA,NA,NA,NA,NA,NA,NA,NA,NA,NA,NA,"Industrial_DataSummary_By_LEE.xlsx$WU_Industrial_table_SIC_NAICs"
"HI","NA","NA",NA,"NA","jgtt limited liability corporation","jgtt limited liability corporation",NA,"NA","NA",NA,"NA",NA,"NA",NA,"NA","","NA","NA","NA","NA",NA,NA,"NA",NA,"NA","NA","NA",NA,NA,"NA",NA,NA,"21.405277999999999","-158.145556","NA",NA,NA,NA,NA,NA,NA,NA,NA,NA,NA,NA,NA,NA,"NA","NA",NA,"NA","NA",NA,NA,NA,NA,NA,NA,NA,NA,NA,NA,NA,NA,NA,NA,NA,NA,NA,NA,NA,NA,NA,NA,NA,NA,NA,NA,NA,"Industrial_DataSummary_By_LEE.xlsx$WU_Industrial_table_SIC_NAICs"
"HI","NA","NA",NA,"NA","ka u royal hawaiian coffee and tee limited partnership","ka u royal hawaiian coffee and tee limited partnership",NA,"NA","NA",NA,"NA",NA,"NA",NA,"NA","","NA","NA","NA","NA",NA,NA,"NA",NA,"NA","NA","NA",NA,NA,"NA",NA,NA,"19.086110999999999","-155.612222","NA",NA,NA,NA,NA,NA,NA,NA,NA,NA,NA,NA,NA,NA,"NA","NA",NA,"NA","NA",NA,NA,NA,NA,NA,NA,NA,NA,NA,NA,NA,NA,NA,NA,NA,NA,NA,NA,NA,NA,NA,NA,NA,NA,NA,NA,NA,"Industrial_DataSummary_By_LEE.xlsx$WU_Industrial_table_SIC_NAICs"
"HI","NA","NA",NA,"NA","ke aloha lani limited liability corporation","ke aloha lani limited liability corporation",NA,"NA","NA",NA,"NA",NA,"NA",NA,"NA","","NA","NA","NA","NA",NA,NA,"NA",NA,"NA","NA","NA",NA,NA,"NA",NA,NA,"19.634450000000001","-155.03755000000001","NA",NA,NA,NA,NA,NA,NA,NA,NA,NA,NA,NA,NA,NA,"NA","NA",NA,"NA","NA",NA,NA,NA,NA,NA,NA,NA,NA,NA,NA,NA,NA,NA,NA,NA,NA,NA,NA,NA,NA,NA,NA,NA,NA,NA,NA,NA,"Industrial_DataSummary_By_LEE.xlsx$WU_Industrial_table_SIC_NAICs"
"HI","NA","NA",NA,"NA","keahole point fish limited liability corporation","NA",NA,"NA","NA",NA,"NA",NA,"NA",NA,"NA","273","NA","NA","NA","NA",NA,NA,"NA",NA,"Unknown","Unknown","NA",NA,NA,"NA",NA,NA,"19.743055999999999","-156.0625","NA",NA,NA,NA,NA,NA,NA,NA,NA,NA,NA,NA,NA,NA,"NA","NA",NA,"NA","NA",NA,NA,NA,NA,NA,NA,NA,NA,NA,NA,NA,NA,NA,NA,NA,NA,NA,NA,NA,NA,NA,NA,NA,NA,NA,NA,NA,"Industrial_DataSummary_By_LEE.xlsx$WU_Industrial_table_SIC_NAICs"
"HI","NA","NA",NA,"NA","kekaha sugar company limited","NA",NA,"NA","NA",NA,"NA",NA,"NA",NA,"NA","133","NA","NA","NA","NA",NA,NA,"NA",NA,"Unknown","Kekaha","NA",NA,NA,"NA",NA,NA,"21.968720000000001","-159.71064999999999","NA",NA,NA,NA,NA,NA,NA,NA,NA,NA,NA,NA,NA,NA,"NA","NA",NA,"NA","NA",NA,NA,NA,NA,NA,NA,NA,NA,NA,NA,NA,NA,NA,NA,NA,NA,NA,NA,NA,NA,NA,NA,NA,NA,NA,NA,NA,"Industrial_DataSummary_By_LEE.xlsx$WU_Industrial_table_SIC_NAICs"
"HI","NA","NA",NA,"NA","lanai oil company","NA",NA,"NA","NA",NA,"NA",NA,"NA",NA,"NA","5172","NA","NA","NA","NA",NA,NA,"NA",NA,"Kaumalapau Harbor","Kahului","NA",NA,NA,"NA",NA,NA,"20.891970000000001","-156.46164999999999","NA",NA,NA,NA,NA,NA,NA,NA,NA,NA,NA,NA,NA,NA,"NA","NA",NA,"NA","NA",NA,NA,NA,NA,NA,NA,NA,NA,NA,NA,NA,NA,NA,NA,NA,NA,NA,NA,NA,NA,NA,NA,NA,NA,NA,NA,NA,"Industrial_DataSummary_By_LEE.xlsx$WU_Industrial_table_SIC_NAICs"
"HI","NA","NA",NA,"NA","lpc corporation","lpc corporation",NA,"NA","NA",NA,"NA",NA,"NA",NA,"NA","","NA","NA","NA","NA",NA,NA,"NA",NA,"NA","NA","NA",NA,NA,"NA",NA,NA,"21.973610999999998","-159.37361100000001","NA",NA,NA,NA,NA,NA,NA,NA,NA,NA,NA,NA,NA,NA,"NA","NA",NA,"NA","NA",NA,NA,NA,NA,NA,NA,NA,NA,NA,NA,NA,NA,NA,NA,NA,NA,NA,NA,NA,NA,NA,NA,NA,NA,NA,NA,NA,"Industrial_DataSummary_By_LEE.xlsx$WU_Industrial_table_SIC_NAICs"
"HI","NA","NA",NA,"NA","mahaulepu quarry","NA",NA,"NA","NA",NA,"NA",NA,"NA",NA,"NA","1422","NA","NA","NA","NA",NA,NA,"NA",NA,"Unknown","Koloa","NA",NA,NA,"NA",NA,NA,"21.904028","-159.41394399999999","NA",NA,NA,NA,NA,NA,NA,NA,NA,NA,NA,NA,NA,NA,"NA","NA",NA,"NA","NA",NA,NA,NA,NA,NA,NA,NA,NA,NA,NA,NA,NA,NA,NA,NA,NA,NA,NA,NA,NA,NA,NA,NA,NA,NA,NA,NA,"Industrial_DataSummary_By_LEE.xlsx$WU_Industrial_table_SIC_NAICs"
"HI","NA","NA",NA,"NA","marisco limited","NA",NA,"NA","NA",NA,"NA",NA,"NA",NA,"NA","3731","NA","NA","NA","NA",NA,NA,"NA",NA,"91-607 Malakole Street","Kapolei","NA",NA,NA,"NA",NA,NA,"21.327583000000001","-158.11136099999999","NA",NA,NA,NA,NA,NA,NA,NA,NA,NA,NA,NA,NA,NA,"NA","NA",NA,"NA","NA",NA,NA,NA,NA,NA,NA,NA,NA,NA,NA,NA,NA,NA,NA,NA,NA,NA,NA,NA,NA,NA,NA,NA,NA,NA,NA,NA,"Industrial_DataSummary_By_LEE.xlsx$WU_Industrial_table_SIC_NAICs"
"HI","NA","NA",NA,"NA","maui land and pineapple company incorporated mlpc","maui land and pineapple company incorporated mlpc",NA,"NA","NA",NA,"NA",NA,"NA",NA,"NA","","NA","NA","NA","NA",NA,NA,"NA",NA,"NA","NA","NA",NA,NA,"NA",NA,NA,"20.886285999999998","-156.47361699999999","NA",NA,NA,NA,NA,NA,NA,NA,NA,NA,NA,NA,NA,NA,"NA","NA",NA,"NA","NA",NA,NA,NA,NA,NA,NA,NA,NA,NA,NA,NA,NA,NA,NA,NA,NA,NA,NA,NA,NA,NA,NA,NA,NA,NA,NA,NA,"Industrial_DataSummary_By_LEE.xlsx$WU_Industrial_table_SIC_NAICs"
"HI","NA","NA",NA,"NA","maui ocean center","NA",NA,"NA","NA",NA,"NA",NA,"NA",NA,"NA","8422","NA","NA","NA","NA",NA,NA,"NA",NA,"192 Maalaea Road","Wailuku","NA",NA,NA,"NA",NA,NA,"20.793230000000001","-156.51106999999999","NA",NA,NA,NA,NA,NA,NA,NA,NA,NA,NA,NA,NA,NA,"NA","NA",NA,"NA","NA",NA,NA,NA,NA,NA,NA,NA,NA,NA,NA,NA,NA,NA,NA,NA,NA,NA,NA,NA,NA,NA,NA,NA,NA,NA,NA,NA,"Industrial_DataSummary_By_LEE.xlsx$WU_Industrial_table_SIC_NAICs"
"HI","NA","NA",NA,"NA","mauna loa macadamia nut corporation","mauna loa macadamia nut corporation",NA,"NA","NA",NA,"NA",NA,"NA",NA,"NA","","NA","NA","NA","NA",NA,NA,"NA",NA,"NA","NA","NA",NA,NA,"NA",NA,NA,"19.657222000000001","-155.00916699999999","NA",NA,NA,NA,NA,NA,NA,NA,NA,NA,NA,NA,NA,NA,"NA","NA",NA,"NA","NA",NA,NA,NA,NA,NA,NA,NA,NA,NA,NA,NA,NA,NA,NA,NA,NA,NA,NA,NA,NA,NA,NA,NA,NA,NA,NA,NA,"Industrial_DataSummary_By_LEE.xlsx$WU_Industrial_table_SIC_NAICs"
"HI","NA","NA",NA,"NA","mcintyre living trust","mcintyre living trust",NA,"NA","NA",NA,"NA",NA,"NA",NA,"NA","","NA","NA","NA","NA",NA,NA,"NA",NA,"NA","NA","NA",NA,NA,"NA",NA,NA,"20.237777999999999","-155.80333300000001","NA",NA,NA,NA,NA,NA,NA,NA,NA,NA,NA,NA,NA,NA,"NA","NA",NA,"NA","NA",NA,NA,NA,NA,NA,NA,NA,NA,NA,NA,NA,NA,NA,NA,NA,NA,NA,NA,NA,NA,NA,NA,NA,NA,NA,NA,NA,"Industrial_DataSummary_By_LEE.xlsx$WU_Industrial_table_SIC_NAICs"
"HI","NA","NA",NA,"NA","pacific shipyards international","NA",NA,"NA","NA",NA,"NA",NA,"NA",NA,"NA","4493","NA","NA","NA","NA",NA,NA,"NA",NA,"Honolulu Harbor Pier 41","Honolulu","NA",NA,NA,"NA",NA,NA,"21.319278000000001","-157.88352800000001","NA",NA,NA,NA,NA,NA,NA,NA,NA,NA,NA,NA,NA,NA,"NA","NA",NA,"NA","NA",NA,NA,NA,NA,NA,NA,NA,NA,NA,NA,NA,NA,NA,NA,NA,NA,NA,NA,NA,NA,NA,NA,NA,NA,NA,NA,NA,"Industrial_DataSummary_By_LEE.xlsx$WU_Industrial_table_SIC_NAICs"
"HI","NA","NA",NA,"NA","par hawaii incorporated","par hawaii incorporated",NA,"NA","NA",NA,"NA",NA,"NA",NA,"NA","","NA","NA","NA","NA",NA,NA,"NA",NA,"NA","NA","NA",NA,NA,"NA",NA,NA,"21.302222","-158.08750000000001","NA",NA,NA,NA,NA,NA,NA,NA,NA,NA,NA,NA,NA,NA,"NA","NA",NA,"NA","NA",NA,NA,NA,NA,NA,NA,NA,NA,NA,NA,NA,NA,NA,NA,NA,NA,NA,NA,NA,NA,NA,NA,NA,NA,NA,NA,NA,"Industrial_DataSummary_By_LEE.xlsx$WU_Industrial_table_SIC_NAICs"
"HI","NA","NA",NA,"NA","pearl harbor naval shipyard and intermediate maintenance facility","NA",NA,"NA","NA",NA,"NA",NA,"NA",NA,"NA","3731","NA","NA","NA","NA",NA,NA,"NA",NA,"667 Safeguard Street","Honolulu","NA",NA,NA,"NA",NA,NA,"21.347193999999998","-157.943556","NA",NA,NA,NA,NA,NA,NA,NA,NA,NA,NA,NA,NA,NA,"NA","NA",NA,"NA","NA",NA,NA,NA,NA,NA,NA,NA,NA,NA,NA,NA,NA,NA,NA,NA,NA,NA,NA,NA,NA,NA,NA,NA,NA,NA,NA,NA,"Industrial_DataSummary_By_LEE.xlsx$WU_Industrial_table_SIC_NAICs"
"HI","NA","NA",NA,"NA","phsy prototype","NA",NA,"NA","NA",NA,"NA",NA,"NA",NA,"NA","","NA","NA","NA","NA",NA,NA,"NA",NA,"1 Shipyard Drive","Honolulu","NA",NA,NA,"NA",NA,NA,"NA","NA","NA",NA,NA,NA,NA,NA,NA,NA,NA,NA,NA,NA,NA,NA,"NA","NA",NA,"NA","NA",NA,NA,NA,NA,NA,NA,NA,NA,NA,NA,NA,NA,NA,NA,NA,NA,NA,NA,NA,NA,NA,NA,NA,NA,NA,NA,NA,"Industrial_DataSummary_By_LEE.xlsx$WU_Industrial_table_SIC_NAICs"
"HI","NA","NA",NA,"NA","pmk catpital partners limited liability corporation","pmk catpital partners limited liability corporation",NA,"NA","NA",NA,"NA",NA,"NA",NA,"NA","","NA","NA","NA","NA",NA,NA,"NA",NA,"NA","NA","NA",NA,NA,"NA",NA,NA,"19.196110999999998","-155.47749999999999","NA",NA,NA,NA,NA,NA,NA,NA,NA,NA,NA,NA,NA,NA,"NA","NA",NA,"NA","NA",NA,NA,NA,NA,NA,NA,NA,NA,NA,NA,NA,NA,NA,NA,NA,NA,NA,NA,NA,NA,NA,NA,NA,NA,NA,NA,NA,"Industrial_DataSummary_By_LEE.xlsx$WU_Industrial_table_SIC_NAICs"
"HI","NA","NA",NA,"NA","pressure washing of fuel transfer pipeline at the kaunakakai harbor","NA",NA,"NA","NA",NA,"NA",NA,"NA",NA,"NA","","NA","NA","NA","NA",NA,NA,"NA",NA,"The Pipeline Is Located Along The East  Side Of Ka","Molokai","NA",NA,NA,"NA",NA,NA,"21.085719999999998","-157.02347","NA",NA,NA,NA,NA,NA,NA,NA,NA,NA,NA,NA,NA,NA,"NA","NA",NA,"NA","NA",NA,NA,NA,NA,NA,NA,NA,NA,NA,NA,NA,NA,NA,NA,NA,NA,NA,NA,NA,NA,NA,NA,NA,NA,NA,NA,NA,"Industrial_DataSummary_By_LEE.xlsx$WU_Industrial_table_SIC_NAICs"
"HI","NA","NA",NA,"NA","pulehunui water association incorporated","pulehunui water association incorporated",NA,"NA","NA",NA,"NA",NA,"NA",NA,"NA","","NA","NA","NA","NA",NA,NA,"NA",NA,"NA","NA","NA",NA,NA,"NA",NA,NA,"20.817446","-156.451988","NA",NA,NA,NA,NA,NA,NA,NA,NA,NA,NA,NA,NA,NA,"NA","NA",NA,"NA","NA",NA,NA,NA,NA,NA,NA,NA,NA,NA,NA,NA,NA,NA,NA,NA,NA,NA,NA,NA,NA,NA,NA,NA,NA,NA,NA,NA,"Industrial_DataSummary_By_LEE.xlsx$WU_Industrial_table_SIC_NAICs"
"HI","NA","NA",NA,"NA","puna sugar company limited","puna sugar company limited",NA,"NA","NA",NA,"NA",NA,"NA",NA,"NA","","NA","NA","NA","NA",NA,NA,"NA",NA,"NA","NA","NA",NA,NA,"NA",NA,NA,"19.62944444","-155.03055560000001","NA",NA,NA,NA,NA,NA,NA,NA,NA,NA,NA,NA,NA,NA,"NA","NA",NA,"NA","NA",NA,NA,NA,NA,NA,NA,NA,NA,NA,NA,NA,NA,NA,NA,NA,NA,NA,NA,NA,NA,NA,NA,NA,NA,NA,NA,NA,"Industrial_DataSummary_By_LEE.xlsx$WU_Industrial_table_SIC_NAICs"
"HI","NA","NA",NA,"NA","rina enterprises incorporated","rina enterprises incorporated",NA,"NA","NA",NA,"NA",NA,"NA",NA,"NA","","NA","NA","NA","NA",NA,NA,"NA",NA,"NA","NA","NA",NA,NA,"NA",NA,NA,"21.679167","-157.94972200000001","NA",NA,NA,NA,NA,NA,NA,NA,NA,NA,NA,NA,NA,NA,"NA","NA",NA,"NA","NA",NA,NA,NA,NA,NA,NA,NA,NA,NA,NA,NA,NA,NA,NA,NA,NA,NA,NA,NA,NA,NA,NA,NA,NA,NA,NA,NA,"Industrial_DataSummary_By_LEE.xlsx$WU_Industrial_table_SIC_NAICs"
"HI","NA","NA",NA,"NA","smith s motor boat service","kauai natural waters limited liability corporation",NA,"NA","NA",NA,"NA",NA,"NA",NA,"NA","","NA","NA","NA","NA",NA,NA,"NA",NA,"NA","NA","NA",NA,NA,"NA",NA,NA,"22.097778000000002","-159.33444399999999","NA",NA,NA,NA,NA,NA,NA,NA,NA,NA,NA,NA,NA,NA,"NA","NA",NA,"NA","NA",NA,NA,NA,NA,NA,NA,NA,NA,NA,NA,NA,NA,NA,NA,NA,NA,NA,NA,NA,NA,NA,NA,NA,NA,NA,NA,NA,"Industrial_DataSummary_By_LEE.xlsx$WU_Industrial_table_SIC_NAICs"
"HI","NA","NA",NA,"NA","state of hawaii","hawaii beef producers limited liability corporation",NA,"NA","NA",NA,"NA",NA,"NA",NA,"NA","","NA","NA","NA","NA",NA,NA,"NA",NA,"NA","NA","NA",NA,NA,"NA",NA,NA,"20.057500000000001","-155.390556","NA",NA,NA,NA,NA,NA,NA,NA,NA,NA,NA,NA,NA,NA,"NA","NA",NA,"NA","NA",NA,NA,NA,NA,NA,NA,NA,NA,NA,NA,NA,NA,NA,NA,NA,NA,NA,NA,NA,NA,NA,NA,NA,NA,NA,NA,NA,"Industrial_DataSummary_By_LEE.xlsx$WU_Industrial_table_SIC_NAICs"
"HI","NA","NA",NA,"NA","state of hawaii dlnr division of forestry and wildlife hawaii hawaii dlnr dofaw","moa ula agricultural water cooperative",NA,"NA","NA",NA,"NA",NA,"NA",NA,"NA","","NA","NA","NA","NA",NA,NA,"NA",NA,"NA","NA","NA",NA,NA,"NA",NA,NA,"19.211110999999999","-155.534167","NA",NA,NA,NA,NA,NA,NA,NA,NA,NA,NA,NA,NA,NA,"NA","NA",NA,"NA","NA",NA,NA,NA,NA,NA,NA,NA,NA,NA,NA,NA,NA,NA,NA,NA,NA,NA,NA,NA,NA,NA,NA,NA,NA,NA,NA,NA,"Industrial_DataSummary_By_LEE.xlsx$WU_Industrial_table_SIC_NAICs"
"HI","NA","NA",NA,"NA","sunrise capital incorporated formerly ceatech usa incorporated","NA",NA,"NA","NA",NA,"NA",NA,"NA",NA,"NA","913","NA","NA","NA","NA",NA,NA,"NA",NA,"7550 Kaumualii Highway","Kekaha","NA",NA,NA,"NA",NA,NA,"21.994944","-159.75363899999999","NA",NA,NA,NA,NA,NA,NA,NA,NA,NA,NA,NA,NA,NA,"NA","NA",NA,"NA","NA",NA,NA,NA,NA,NA,NA,NA,NA,NA,NA,NA,NA,NA,NA,NA,NA,NA,NA,NA,NA,NA,NA,NA,NA,NA,NA,NA,"Industrial_DataSummary_By_LEE.xlsx$WU_Industrial_table_SIC_NAICs"
"HI","NA","NA",NA,"NA","toell u s a moanalua water facility","NA",NA,"NA","NA",NA,"NA",NA,"NA",NA,"NA","","NA","NA","NA","NA",NA,NA,"NA",NA,"300 Wai Nani Way","Honolulu","NA",NA,NA,"NA",NA,NA,"21.274799999999999","-157.81921","NA",NA,NA,NA,NA,NA,NA,NA,NA,NA,NA,NA,NA,NA,"NA","NA",NA,"NA","NA",NA,NA,NA,NA,NA,NA,NA,NA,NA,NA,NA,NA,NA,NA,NA,NA,NA,NA,NA,NA,NA,NA,NA,NA,NA,NA,NA,"Industrial_DataSummary_By_LEE.xlsx$WU_Industrial_table_SIC_NAICs"
"HI","NA","NA",NA,"NA","topa financial center","NA",NA,"NA","NA",NA,"NA",NA,"NA",NA,"NA","7389","NA","NA","NA","NA",NA,NA,"NA",NA,"745 Fort Street","Honolulu","NA",NA,NA,"NA",NA,NA,"21.308194","-157.86375000000001","NA",NA,NA,NA,NA,NA,NA,NA,NA,NA,NA,NA,NA,NA,"NA","NA",NA,"NA","NA",NA,NA,NA,NA,NA,NA,NA,NA,NA,NA,NA,NA,NA,NA,NA,NA,NA,NA,NA,NA,NA,NA,NA,NA,NA,NA,NA,"Industrial_DataSummary_By_LEE.xlsx$WU_Industrial_table_SIC_NAICs"
"HI","NA","NA",NA,"NA","tradewinds hawaiian woods limited liability corporation","tradewinds hawaiian woods limited liability corporation",NA,"NA","NA",NA,"NA",NA,"NA",NA,"NA","","NA","NA","NA","NA",NA,NA,"NA",NA,"NA","NA","NA",NA,NA,"NA",NA,NA,"20.015833000000001","-155.285","NA",NA,NA,NA,NA,NA,NA,NA,NA,NA,NA,NA,NA,NA,"NA","NA",NA,"NA","NA",NA,NA,NA,NA,NA,NA,NA,NA,NA,NA,NA,NA,NA,NA,NA,NA,NA,NA,NA,NA,NA,NA,NA,NA,NA,NA,NA,"Industrial_DataSummary_By_LEE.xlsx$WU_Industrial_table_SIC_NAICs"
"HI","NA","NA",NA,"NA","u s army garrison hawaii","NA",NA,"NA","NA",NA,"NA",NA,"NA",NA,"NA","9711","NA","NA","NA","NA",NA,NA,"NA",NA,"Unknown","Schofield Barracks","NA",NA,NA,"NA",NA,NA,"21.490694000000001","-158.03013899999999","NA",NA,NA,NA,NA,NA,NA,NA,NA,NA,NA,NA,NA,NA,"NA","NA",NA,"NA","NA",NA,NA,NA,NA,NA,NA,NA,NA,NA,NA,NA,NA,NA,NA,NA,NA,NA,NA,NA,NA,NA,NA,NA,NA,NA,NA,NA,"Industrial_DataSummary_By_LEE.xlsx$WU_Industrial_table_SIC_NAICs"
"HI","NA","NA",NA,"NA","victoria ward limited","victoria ward limited",NA,"NA","NA",NA,"NA",NA,"NA",NA,"NA","","NA","NA","NA","NA",NA,NA,"NA",NA,"NA","NA","NA",NA,NA,"NA",NA,NA,"21.29401","-157.85415399999999","NA",NA,NA,NA,NA,NA,NA,NA,NA,NA,NA,NA,NA,NA,"NA","NA",NA,"NA","NA",NA,NA,NA,NA,NA,NA,NA,NA,NA,NA,NA,NA,NA,NA,NA,NA,NA,NA,NA,NA,NA,NA,NA,NA,NA,NA,NA,"Industrial_DataSummary_By_LEE.xlsx$WU_Industrial_table_SIC_NAICs"
"HI","NA","NA",NA,"NA","vistana signature experiences vse pacific incorporated","vistana signature experiences vse pacific incorporated",NA,"NA","NA",NA,"NA",NA,"NA",NA,"NA","","NA","NA","NA","NA",NA,NA,"NA",NA,"NA","NA","NA",NA,NA,"NA",NA,NA,"20.941786","-156.69018299999999","NA",NA,NA,NA,NA,NA,NA,NA,NA,NA,NA,NA,NA,NA,"NA","NA",NA,"NA","NA",NA,NA,NA,NA,NA,NA,NA,NA,NA,NA,NA,NA,NA,NA,NA,NA,NA,NA,NA,NA,NA,NA,NA,NA,NA,NA,NA,"Industrial_DataSummary_By_LEE.xlsx$WU_Industrial_table_SIC_NAICs"
"HI","NA","NA",NA,"NA","waiakea villas","waiakea villas",NA,"NA","NA",NA,"NA",NA,"NA",NA,"NA","","NA","NA","NA","NA",NA,NA,"NA",NA,"NA","NA","NA",NA,NA,"NA",NA,NA,"19.713056000000002","-155.07333299999999","NA",NA,NA,NA,NA,NA,NA,NA,NA,NA,NA,NA,NA,NA,"NA","NA",NA,"NA","NA",NA,NA,NA,NA,NA,NA,NA,NA,NA,NA,NA,NA,NA,NA,NA,NA,NA,NA,NA,NA,NA,NA,NA,NA,NA,NA,NA,"Industrial_DataSummary_By_LEE.xlsx$WU_Industrial_table_SIC_NAICs"
"HI","NA","NA",NA,"NA","waikiki aquarium","NA",NA,"NA","NA",NA,"NA",NA,"NA",NA,"NA","8422","NA","NA","NA","NA",NA,NA,"NA",NA,"2777 Kalakaua Avenue","Honolulu","NA",NA,NA,"NA",NA,NA,"21.265750000000001","-157.821528","NA",NA,NA,NA,NA,NA,NA,NA,NA,NA,NA,NA,NA,NA,"NA","NA",NA,"NA","NA",NA,NA,NA,NA,NA,NA,NA,NA,NA,NA,NA,NA,NA,NA,NA,NA,NA,NA,NA,NA,NA,NA,NA,NA,NA,NA,NA,"Industrial_DataSummary_By_LEE.xlsx$WU_Industrial_table_SIC_NAICs"
"HI","NA","NA",NA,"NA","wendell mattos","wendell mattos",NA,"NA","NA",NA,"NA",NA,"NA",NA,"NA","","NA","NA","NA","NA",NA,NA,"NA",NA,"NA","NA","NA",NA,NA,"NA",NA,NA,"20.238610999999999","-155.80861100000001","NA",NA,NA,NA,NA,NA,NA,NA,NA,NA,NA,NA,NA,NA,"NA","NA",NA,"NA","NA",NA,NA,NA,NA,NA,NA,NA,NA,NA,NA,NA,NA,NA,NA,NA,NA,NA,NA,NA,NA,NA,NA,NA,NA,NA,NA,NA,"Industrial_DataSummary_By_LEE.xlsx$WU_Industrial_table_SIC_NAICs"
