"State","ValueType","SourceType","Category","Saline","FacilityName","FacilityName1","FacilityName2","FacilityNumber","FacilityNumber1","FacilityNumber2","SourceName","SourceName1","SourceNumber","SourceNumber1","NAICS","SIC","Description","HUC8","HUC10","HUC12","AquiferName1","AquiferName2","BasinName1","BasinName2","Address1","City1","County1","State1","Zip1","Address2","City2","Zip2","Lat","Lon","Datum","Year","Jan","Feb","Mar","Apr","May","Jun","Jul","Aug","Sep","Oct","Nov","Dec","Units_monthly","Method_monthly","Annual_reported","Units_annual_reported","Method_annual_reported","DataProtected","FIPS5code","SITESELECTION_FACILITYID","SITESELECTION_NPDES_ID","SITESELECTION_NAME","SITESELECTION_ADDRESS","SITESELECTION_ADDRESS_Fix","SITESELECTION_ADRSFLAG","SITESELECTION_CITY","SITESELECTION_STATE","SITESELECTION_COUNTY","SITESELECTION_ZIP","SITESELECTION_FLAGZIP","SITESELECTION_PHONE","SITESELECTION_LATITUDE","SITESELECTION_LONGITUDE","SITESELECTION_NAICS","SITESELECTION_NAICSDESCR","SITESELECTION_SIC","SITESELECTION_SICDESCR","SITESELECTION_FIPS","SITESELECTION_EMP","SITESELECTION_TotPerson","SITESELECTION_Area","SITESELECTION_AnnSaleVol","SITESELECTION_JobsReported","SITESELECTION_ZIP_PHONE","SITESELECTION_CITY_ADDRESS","SITESELECTION_LL_Src","SITESELECTION_DATASET_MATCHES_ALL2","SITESELECTION_NEW_REC","DataSource"
"MO","NA","GW",NA,"NA","3M CORPORATION","NA",NA,"NA","NA",NA,"NA",NA,"NA",NA,"NA","","NA","NA","NA","NA",NA,NA,"NA",NA,"5400 Route B","Columbia","NA",NA,NA,"NA",NA,NA,"39.008000000000003","-92.27","NA",NA,NA,NA,NA,NA,NA,NA,NA,NA,NA,NA,NA,NA,"NA","NA",NA,"NA","NA",NA,NA,NA,NA,NA,NA,NA,NA,NA,NA,NA,NA,NA,NA,NA,NA,NA,NA,NA,NA,NA,NA,NA,NA,NA,NA,NA,NA,NA,NA,NA,"Industrial_DataSummary_By_LEE.xlsx$WU_Industrial_table_SIC_NAICs"
"MO","NA","GW",NA,"NA","ADM","NA","PRAIRIE PRIDE INCORPORATED","NA","NA",NA,"NA",NA,"NA",NA,"NA","1629","NA","NA","NA","NA",NA,NA,"NA",NA,"17700 S Highway T","Deerfield","NA","MO",NA,"NA","Deerfield",NA,"37.833055999999999","-94.579443999999995","NA",NA,NA,NA,NA,NA,NA,NA,NA,NA,NA,NA,NA,NA,"NA","NA",NA,"NA","NA",NA,NA,"P_42661","MO0134139","PRAIRIE PRIDE, INC.","17700 SOUTH HIGHWAY T","17700 S HIGHWAY T","UPDATED","DEERFIELD","MO","VERNON","64741","GOOD","(417) 927-3400","37.8346926","-94.5834799","N/A","NOT AVAILABLE","2899","NA","29217","45","58","0","0","NA","64741 _ (417) 927-3400","DEERFIELD_17700 S HIGHWAY T","PinPt","Pin, Bus, DB, FRS, NPDES","N","Industrial_DataSummary_By_LEE.xlsx$WU_Industrial_table_SIC_NAICs, USEPA_HIFLD_EIA_PPP_facility_v6.csv"
"MO","NA","GW",NA,"NA","AG PROCESSING INCORPORATED","NA","AG PROCESSING INCORPORATED","NA","NA",NA,"NA",NA,"NA",NA,"NA","1629","NA","NA","NA","NA",NA,NA,"NA",NA,"900 Sw Lower Lake Road","Saint Joseph","NA","MO",NA,"NA","Saint Joseph",NA,"39.728507","-94.872337000000002","NA",NA,NA,NA,NA,NA,NA,NA,NA,NA,NA,NA,NA,NA,"NA","NA",NA,"NA","NA",NA,NA,"P_42341","NA","AG PROCESSING, INC.","900 LOWER LAKE ROAD","900 LOWER LAKE ROAD","OK","SAINT JOSEPH","MO","BUCHANAN","64504","GOOD","(816) 238-1700","39.7277694","-94.8699424","311222","SOYBEAN PROCESSING","2075","NA","29021","160","NA","NA","NA","NA","64504 _ (816) 238-1700","SAINT JOSEPH_900 LOWER LAKE ROAD","PinPt","Pin, Bus","N","Industrial_DataSummary_By_LEE.xlsx$WU_Industrial_table_SIC_NAICs, USEPA_HIFLD_EIA_PPP_facility_v6.csv"
"MO","NA","GW",NA,"NA","AJINOMOTO FOODS","NA","SPECIALTY BRANDS INCORPORATED","NA","NA",NA,"NA",NA,"NA",NA,"NA","2038","NA","NA","NA","NA",NA,NA,"NA",NA,"5691 S Davinci Lane","Carthage","NA","MO",NA,"NA","Carthage",NA,"37.101309999999998","-94.313869999999994","NA",NA,NA,NA,NA,NA,NA,NA,NA,NA,NA,NA,NA,NA,"NA","NA",NA,"NA","NA",NA,NA,"E_110017985144","MOR130150","SPECIALTY BRANDS INC","5691 S. DAVINCI LN.","5691 S DAVINCI LANE","UPDATED","CARTHAGE","MO","JASPER","64836","GOOD","(417) 952-4002","37.10225","-94.317056","31199","ALL OTHER FOOD MANUFACTURING","NA","NA","NA","NA","NA","NA","NA","NA","64836 _ (417) 952-4002","CARTHAGE_5691 S DAVINCI LANE","FRS","FRS, NPDES","N","Industrial_DataSummary_By_LEE.xlsx$WU_Industrial_table_SIC_NAICs, USEPA_HIFLD_EIA_PPP_facility_v6.csv"
"MO","NA","GW",NA,"NA","AMRI SPRINGFIELD FORMERLY EUTICALS INCORPORATED","NA","ARCHIMICA INCORPORATED","NA","NA",NA,"NA",NA,"NA",NA,"NA","2833 2869 (inudstrial)","NA","NA","NA","NA",NA,NA,"NA",NA,"2460 W Bennett St","Springfield","NA","MO",NA,"NA","Springfield",NA,"37.188450000000003","-93.326099999999997","NA",NA,NA,NA,NA,NA,NA,NA,NA,NA,NA,NA,NA,NA,"NA","NA",NA,"NA","NA",NA,NA,"P_43818","MO0001970","ARCHIMICA, INC.","2460 WEST BENNETT STREET","2460 W BENNETT ST","UPDATED","SPRINGFIELD","MO","GREENE","65807","GOOD","(417) 866-7291","37.1896905","-93.3257701","325412","PHARMACEUTICAL PREPARATION MANUFACTURING","2834","NA","29077","115","NA","NA","NA","NA","65807 _ (417) 866-7291","SPRINGFIELD_2460 W BENNETT ST","PinPt","Pin, Bus, FRS, NPDES","N","Industrial_DataSummary_By_LEE.xlsx$WU_Industrial_table_SIC_NAICs, USEPA_HIFLD_EIA_PPP_facility_v6.csv"
"MO","NA","SW",NA,"NA","ASHLEY ENERGY LIMITED LIABILITY COMPANY ASHLEY PLANT","NA",NA,"NA","NA",NA,"NA",NA,"NA",NA,"NA","4939 4961 (Combition Utilities; Steam And Air-Conditioning Supply)","NA","NA","NA","NA",NA,NA,"NA",NA,"1 Ashley Place","St. Louis","NA",NA,NA,"NA",NA,NA,"38.635800000000003","-90.180080000000004","NA",NA,NA,NA,NA,NA,NA,NA,NA,NA,NA,NA,NA,NA,"NA","NA",NA,"NA","NA",NA,NA,NA,NA,NA,NA,NA,NA,NA,NA,NA,NA,NA,NA,NA,NA,NA,NA,NA,NA,NA,NA,NA,NA,NA,NA,NA,NA,NA,NA,NA,"Industrial_DataSummary_By_LEE.xlsx$WU_Industrial_table_SIC_NAICs"
"MO","NA","GW",NA,"NA","BASF CORPORATION HANNIBAL SITE","NA","AMVAC CHEMICAL CORPORATION HANNIBAL PLANT","NA","NA",NA,"NA",NA,"NA",NA,"924120;333111","9512;2879","NA","NA","NA","NA",NA,NA,"NA",NA,"3150 Highway Jj","Palmyra","NA","MO",NA,"NA","Palmyra",NA,"39.839019999999998","-91.436160000000001","NA",NA,NA,NA,NA,NA,NA,NA,NA,NA,NA,NA,NA,NA,"NA","NA",NA,"NA","NA",NA,NA,"E_110043694543","NA","AMVAC CHEMICAL CORP. HANNIBAL PLANT","3150 HWY JJ","3150 HIGHWAY JJ","UPDATED","PALMYRA","MO","MARION","63461","GOOD","(573) 822-5477","39.83192","-91.432436","32532","PESTICIDE AND OTHER AGRICULTURAL CHEMICAL MANUFACTURING","NA","NA","NA","NA","NA","NA","NA","NA","63461 _ (573) 822-5477","PALMYRA_3150 HIGHWAY JJ","FRS","FRS","N","Industrial_DataSummary_By_LEE.xlsx$WU_Industrial_table_SIC_NAICs, USEPA_HIFLD_EIA_PPP_facility_v6.csv"
"MO","NA","GW",NA,"NA","BASF CORPORATION HANNIBAL SITE","NA","BASF CORPORATION","NA","NA",NA,"NA",NA,"NA",NA,"924120;333111","9512;2879","NA","NA","NA","NA",NA,NA,"NA",NA,"3150 Highway Jj","Palmyra","NA","MO",NA,"NA","Palmyra",NA,"39.839019999999998","-91.436160000000001","NA",NA,NA,NA,NA,NA,NA,NA,NA,NA,NA,NA,NA,NA,"NA","NA",NA,"NA","NA",NA,NA,"P_71395","MO0001716","BASF CORP.","3150 HIGHWAY JJ","3150 HIGHWAY JJ","OK","PALMYRA","MO","MARION","63461","GOOD","(573) 769-8500","39.8349757","-91.4367132","333111","FARM MACHINERY AND EQUIPMENT MANUFACTURING","2879","NA","29127","350","NA","NA","NA","NA","63461 _ (573) 769-8500","PALMYRA_3150 HIGHWAY JJ","PinPt","Pin, Bus, FRS and/or NPDES","N","Industrial_DataSummary_By_LEE.xlsx$WU_Industrial_table_SIC_NAICs, USEPA_HIFLD_EIA_PPP_facility_v6.csv"
"MO","NA","GW",NA,"NA","BAYER CROPSCIENCE LIMITED PARTNERSHIP","NA","BAYER CROPSCIENCE","NA","NA",NA,"NA",NA,"NA",NA,"325320","1692;2879","NA","NA","NA","NA",NA,NA,"NA",NA,"8400 Hawthorne Road","Kansas City","NA","MO",NA,"NA","Kansas City",NA,"39.121853000000002","-94.471136000000001","NA",NA,NA,NA,NA,NA,NA,NA,NA,NA,NA,NA,NA,NA,"NA","NA",NA,"NA","NA",NA,NA,"P_42557","NA","BAYER CROPSCIENCE","8400 HAWTHORNE ROAD","8400 HAWTHORNE ROAD","OK","KANSAS CITY","MO","JACKSON","64120","GOOD","(816) 242-2000","39.1249842","-94.482018","325320","PESTICIDE AND OTHER AGRICULTURAL CHEMICAL MANUFACTURING","2879","NA","29095","500","750","0","0","NA","64120 _ (816) 242-2000","KANSAS CITY_8400 HAWTHORNE ROAD","PinPt","Pin, Bus, DB","N","Industrial_DataSummary_By_LEE.xlsx$WU_Industrial_table_SIC_NAICs, USEPA_HIFLD_EIA_PPP_facility_v6.csv"
"MO","NA","GW",NA,"NA","BCP INGREDIENTS INCORPORATED","NA","BCP INGREDIENTS INCORPORATED","NA","NA",NA,"NA",NA,"NA",NA,"NA","","NA","NA","NA","NA",NA,NA,"NA",NA,"NA","Vero","NA","MO",NA,"NA","Verona",NA,"36.9664","-93.798109999999994","NA",NA,NA,NA,NA,NA,NA,NA,NA,NA,NA,NA,NA,NA,"NA","NA",NA,"NA","NA",NA,NA,"P_43481","MO0002356","BCP INGREDIENTS, INC.","299 EXTENSION STREET","299 EXTENSION ST","UPDATED","VERONA","MO","LAWRENCE","65769","GOOD","(417) 498-2241","36.9600546","-93.7985729","311119","OTHER ANIMAL FOOD MANUFACTURING","2099","NA","29109","100","68","0","0","NA","65769 _ (417) 498-2241","VERONA_299 EXTENSION ST","PinPt","Pin, Bus, DB, FRS, NPDES","N","Industrial_DataSummary_By_LEE.xlsx$WU_Industrial_table_SIC_NAICs, USEPA_HIFLD_EIA_PPP_facility_v6.csv"
"MO","NA","GW",NA,"NA","BIOKYOWA INCORPORATED","NA","BIOKYOWA INCORPORATED","NA","NA",NA,"NA",NA,"NA",NA,"NA","","NA","NA","NA","NA",NA,NA,"NA",NA,"NA","Cape Girardeau","NA","MO",NA,"NA","Cape Girardeau",NA,"37.233800000000002","-89.601399999999998","NA",NA,NA,NA,NA,NA,NA,NA,NA,NA,NA,NA,NA,NA,"NA","NA",NA,"NA","NA",NA,NA,"P_70718","MO0101729","BIOKYOWA, INC.","5469 NASH ROAD","5469 NASH ROAD","OK","CAPE GIRARDEAU","MO","CAPE GIRARDEAU","63701","GOOD","(573) 335-4849","37.240184","-89.6000829","325412","PHARMACEUTICAL PREPARATION MANUFACTURING","2834","NA","29031","100","20","0","11154000","NA","63701 _ (573) 335-4849","CAPE GIRARDEAU_5469 NASH ROAD","PinPt","Pin, Bus, DB, FRS and/or NPDES","N","Industrial_DataSummary_By_LEE.xlsx$WU_Industrial_table_SIC_NAICs, USEPA_HIFLD_EIA_PPP_facility_v6.csv"
"MO","NA","SW",NA,"NA","BP PIPELINES INCORPORATED","NA",NA,"NA","NA",NA,"NA",NA,"NA",NA,"NA","","NA","NA","NA","NA",NA,NA,"NA",NA,"NA","Freeman","NA",NA,NA,"NA",NA,NA,"NA","NA","NA",NA,NA,NA,NA,NA,NA,NA,NA,NA,NA,NA,NA,NA,"NA","NA",NA,"NA","NA",NA,NA,NA,NA,NA,NA,NA,NA,NA,NA,NA,NA,NA,NA,NA,NA,NA,NA,NA,NA,NA,NA,NA,NA,NA,NA,NA,NA,NA,NA,NA,"Industrial_DataSummary_By_LEE.xlsx$WU_Industrial_table_SIC_NAICs"
"MO","NA","SW",NA,"NA","BUZZI UNICEM USA","NA",NA,"NA","NA",NA,"NA",NA,"NA",NA,"NA","","NA","NA","NA","NA",NA,NA,"NA",NA,"NA","Cape Girardeau","NA",NA,NA,"NA",NA,NA,"37.273429999999998","-89.536259999999999","NA",NA,NA,NA,NA,NA,NA,NA,NA,NA,NA,NA,NA,NA,"NA","NA",NA,"NA","NA",NA,NA,NA,NA,NA,NA,NA,NA,NA,NA,NA,NA,NA,NA,NA,NA,NA,NA,NA,NA,NA,NA,NA,NA,NA,NA,NA,NA,NA,NA,NA,"Industrial_DataSummary_By_LEE.xlsx$WU_Industrial_table_SIC_NAICs"
"MO","NA","GW",NA,"NA","CALIFORNIA WTP","NA",NA,"NA","NA",NA,"NA",NA,"NA",NA,"NA","","NA","NA","NA","NA",NA,NA,"NA",NA,"500 S Oak St","California","NA",NA,NA,"NA",NA,NA,"38.627299999999998","-92.573099999999997","NA",NA,NA,NA,NA,NA,NA,NA,NA,NA,NA,NA,NA,NA,"NA","NA",NA,"NA","NA",NA,NA,NA,NA,NA,NA,NA,NA,NA,NA,NA,NA,NA,NA,NA,NA,NA,NA,NA,NA,NA,NA,NA,NA,NA,NA,NA,NA,NA,NA,NA,"Industrial_DataSummary_By_LEE.xlsx$WU_Industrial_table_SIC_NAICs"
"MO","NA","GW",NA,"NA","CAPITAL SAND COMPANY INCORPORATED","NA","CAPITAL SAND COMPANY INCORPORATED","NA","NA",NA,"NA",NA,"NA",NA,"NA","","NA","NA","NA","NA",NA,NA,"NA",NA,"NA","Jefferson City","NA","MO",NA,"NA","Jefferson City",NA,"38.557000000000002","-92.132999999999996","NA",NA,NA,NA,NA,NA,NA,NA,NA,NA,NA,NA,NA,NA,"NA","NA",NA,"NA","NA",NA,NA,"P_42932","NA","CAPITAL SAND CO., INC.","700 MOKANE ROAD","700 MOKANE ROAD","OK","JEFFERSON CITY","MO","CALLAWAY","65101","GOOD","(573) 634-3020","38.5896098","-92.1691491","327991","CUT STONE AND STONE PRODUCT MANUFACTURING","3295","NA","29027","70","NA","NA","NA","NA","65101 _ (573) 634-3020","JEFFERSON CITY_700 MOKANE ROAD","PinPt","Pin, Bus","N","Industrial_DataSummary_By_LEE.xlsx$WU_Industrial_table_SIC_NAICs, USEPA_HIFLD_EIA_PPP_facility_v6.csv"
"MO","NA","GW",NA,"NA","CARTHAGE WTP","NA",NA,"NA","NA",NA,"NA",NA,"NA",NA,"NA","","NA","NA","NA","NA",NA,NA,"NA",NA,"NA","Carthage","NA",NA,NA,"NA",NA,NA,"37.172110000000004","-94.277500000000003","NA",NA,NA,NA,NA,NA,NA,NA,NA,NA,NA,NA,NA,NA,"NA","NA",NA,"NA","NA",NA,NA,NA,NA,NA,NA,NA,NA,NA,NA,NA,NA,NA,NA,NA,NA,NA,NA,NA,NA,NA,NA,NA,NA,NA,NA,NA,NA,NA,NA,NA,"Industrial_DataSummary_By_LEE.xlsx$WU_Industrial_table_SIC_NAICs"
"MO","NA","GW",NA,"NA","CF INDUSTRIES SALES LIMITED LIABILITY COMPANY","NA",NA,"NA","NA",NA,"NA",NA,"NA",NA,"NA","","NA","NA","NA","NA",NA,NA,"NA",NA,"4 Parkway N Suite 400","Deerfield","NA",NA,NA,"NA",NA,NA,"39.845416999999998","-91.442110999999997","NA",NA,NA,NA,NA,NA,NA,NA,NA,NA,NA,NA,NA,NA,"NA","NA",NA,"NA","NA",NA,NA,NA,NA,NA,NA,NA,NA,NA,NA,NA,NA,NA,NA,NA,NA,NA,NA,NA,NA,NA,NA,NA,NA,NA,NA,NA,NA,NA,NA,NA,"Industrial_DataSummary_By_LEE.xlsx$WU_Industrial_table_SIC_NAICs"
"MO","NA","GW",NA,"NA","CHAMPION REDI MIX","NA","CHAMPION READY MIX","NA","NA",NA,"NA",NA,"NA",NA,"NA","","NA","NA","NA","NA",NA,NA,"NA",NA,"140 Manda Court","Troy","NA","MO",NA,"NA","Troy",NA,"38.935270000000003","-90.749110000000002","NA",NA,NA,NA,NA,NA,NA,NA,NA,NA,NA,NA,NA,NA,"NA","NA",NA,"NA","NA",NA,NA,"E_110042461957","NA","CHAMPION READY MIX","140 MANDA CT","140 MANDA COURT","UPDATED","TROY","MO","LINCOLN","63379","GOOD","NA","NA","NA","327320","READY-MIX CONCRETE MANUFACTURING.","NA","NA","NA","NA","NA","NA","NA","NA","NA","TROY_140 MANDA COURT","NA","FRS","Y","Industrial_DataSummary_By_LEE.xlsx$WU_Industrial_table_SIC_NAICs, USEPA_HIFLD_EIA_PPP_facility_v6.csv"
"MO","NA","GW",NA,"NA","CHAMPION REDI MIX","NA","TC PRECAST INCORPORATED","NA","NA",NA,"NA",NA,"NA",NA,"NA","","NA","NA","NA","NA",NA,NA,"NA",NA,"140 Manda Court","Troy","NA","MO",NA,"NA","Troy",NA,"38.935270000000003","-90.749110000000002","NA",NA,NA,NA,NA,NA,NA,NA,NA,NA,NA,NA,NA,NA,"NA","NA",NA,"NA","NA",NA,NA,"E_110070286282","NA","TC PRECAST INC.","140 MANDA COURT","140 MANDA COURT","OK","TROY","MO","NA","63379","GOOD","NA","NA","NA","327390","OTHER CONCRETE PRODUCT MANUFACTURING.","NA","NA","NA","NA","NA","NA","NA","NA","NA","TROY_140 MANDA COURT","NA","FRS","Y","Industrial_DataSummary_By_LEE.xlsx$WU_Industrial_table_SIC_NAICs, USEPA_HIFLD_EIA_PPP_facility_v6.csv"
"MO","NA","GW",NA,"NA","COCA COLA NORTH AMERICA TRUESDALE","NA","THE COCA COLA COMPANY OF NORTH AMERICA","NA","NA",NA,"NA",NA,"NA",NA,"315999 (bottled and canned soft drinks)","2011 (meat packing plants, permit me is TRUESDALE PACKAGING CO); 2024 (ice cream and frozen desserts, permit me TRUESDALE PACKAGING LLC); (2086 bottled and canned soft drinks, permit me is Coca-Cola Company)","NA","NA","NA","NA",NA,NA,"NA",NA,"1410 E Veterans Memorial Parkway","Truesdale","NA","MO",NA,"NA","Warrenton",NA,"38.817500000000003","-91.122910000000005","NA",NA,NA,NA,NA,NA,NA,NA,NA,NA,NA,NA,NA,NA,"NA","NA",NA,"NA","NA",NA,NA,"B_276703","MOR130099","The Coca Cola Company Of North America","1410 E VETERANS MEMORIAL PKWY","1410 E VETERANS MEMORIAL PARKWAY","UPDATED","WARRENTON","MO","WARREN","63380","GOOD","(636) 456-6800","38.815954","-91.122777","3399","Other Miscellaneous Manufacturing","NA","NA","29219","NA","NA","NA","NA","NA","63380 _ (636) 456-6800","WARRENTON_1410 E VETERANS MEMORIAL PARKWAY","BusPt","Bus, FRS, NPDES","N","Industrial_DataSummary_By_LEE.xlsx$WU_Industrial_table_SIC_NAICs, USEPA_HIFLD_EIA_PPP_facility_v6.csv"
"MO","NA","GW",NA,"NA","COLLEGE OF THE OZARKS","NA",NA,"NA","NA",NA,"NA",NA,"NA",NA,"NA","","NA","NA","NA","NA",NA,NA,"NA",NA,"NA","Point Lookout","NA",NA,NA,"NA",NA,NA,"36.615929999999999","-93.240830000000003","NA",NA,NA,NA,NA,NA,NA,NA,NA,NA,NA,NA,NA,NA,"NA","NA",NA,"NA","NA",NA,NA,NA,NA,NA,NA,NA,NA,NA,NA,NA,NA,NA,NA,NA,NA,NA,NA,NA,NA,NA,NA,NA,NA,NA,NA,NA,NA,NA,NA,NA,"Industrial_DataSummary_By_LEE.xlsx$WU_Industrial_table_SIC_NAICs"
"MO","NA","GW",NA,"NA","CONCO QUARRIES","NA",NA,"NA","NA",NA,"NA",NA,"NA",NA,"NA","","NA","NA","NA","NA",NA,NA,"NA",NA,"NA","Springfield","NA",NA,NA,"NA",NA,NA,"37.144359999999999","-93.240369999999999","NA",NA,NA,NA,NA,NA,NA,NA,NA,NA,NA,NA,NA,NA,"NA","NA",NA,"NA","NA",NA,NA,NA,NA,NA,NA,NA,NA,NA,NA,NA,NA,NA,NA,NA,NA,NA,NA,NA,NA,NA,NA,NA,NA,NA,NA,NA,NA,NA,NA,NA,"Industrial_DataSummary_By_LEE.xlsx$WU_Industrial_table_SIC_NAICs"
"MO","NA","SW",NA,"NA","CONTINENTAL CEMENT COMPANY LIMITED LIABILITY COMPANY","NA","CONTINENTAL CEMENT COMPANY LIMITED LIABILITY COMPANY","NA","NA",NA,"NA",NA,"NA",NA,"NA","3241, 327310","NA","NA","NA","NA",NA,NA,"NA",NA,"10107 Highway 79","Hannibal","NA","MO",NA,"NA","Hannibal",NA,"39.682220000000001","-91.312650000000005","NA",NA,NA,NA,NA,NA,NA,NA,NA,NA,NA,NA,NA,NA,"NA","NA",NA,"NA","NA",NA,NA,"P_71373","MO0111686","CONTINENTAL CEMENT CO., LLC","10107 MO 79","10107 MO 79","OK","HANNIBAL","MO","RALLS","63401","GOOD","(573) 221-1740","39.6831719","-91.3138163","327310","CEMENT MANUFACTURING","3241","NA","29173","235","NA","NA","NA","NA","63401 _ (573) 221-1740","HANNIBAL_10107 MO 79","PinPt","Pin, Bus, FRS, NPDES","N","Industrial_DataSummary_By_LEE.xlsx$WU_Industrial_table_SIC_NAICs, USEPA_HIFLD_EIA_PPP_facility_v6.csv"
"MO","NA","GW",NA,"NA","COVIA HOLDINGS CORPORATION PEVELY PLNT","NA",NA,"NA","NA",NA,"NA",NA,"NA",NA,"NA","1446","NA","NA","NA","NA",NA,NA,"NA",NA,"2968 Highway Z","Pevely","NA",NA,NA,"NA",NA,NA,"38.264099999999999","-90.462800000000001","NA",NA,NA,NA,NA,NA,NA,NA,NA,NA,NA,NA,NA,NA,"NA","NA",NA,"NA","NA",NA,NA,NA,NA,NA,NA,NA,NA,NA,NA,NA,NA,NA,NA,NA,NA,NA,NA,NA,NA,NA,NA,NA,NA,NA,NA,NA,NA,NA,NA,NA,"Industrial_DataSummary_By_LEE.xlsx$WU_Industrial_table_SIC_NAICs"
"MO","NA","GW",NA,"NA","DAIRY FARMERS OF AMERICA INCORPORATED","NA","DAIRY FARMERS OF AMERICA INCORPORATED","NA","NA",NA,"NA",NA,"NA",NA,"NA","","NA","NA","NA","NA",NA,NA,"NA",NA,"958 Shelton St","Cabool","NA","MO",NA,"NA","Cabool",NA,"37.120449999999998","-92.107849999999999","NA",NA,NA,NA,NA,NA,NA,NA,NA,NA,NA,NA,NA,NA,"NA","NA",NA,"NA","NA",NA,NA,"P_43667","MOR130154","DAIRY FARMERS OF AMERICA, INC.","950 METRECAL STREET","950 METRECAL ST","UPDATED","CABOOL","MO","TEXAS","65689","GOOD","(417) 962-4243","37.1207372","-92.1032109","311999","ALL OTHER MISCELLANEOUS FOOD MANUFACTURING","2087","NA","29215","200","NA","NA","NA","NA","65689 _ (417) 962-4243","CABOOL_950 METRECAL ST","PinPt","Pin, Bus, FRS, NPDES","N","Industrial_DataSummary_By_LEE.xlsx$WU_Industrial_table_SIC_NAICs, USEPA_HIFLD_EIA_PPP_facility_v6.csv"
"MO","NA","GW",NA,"NA","DAIRY FARMERS OF AMERICA INCORPORATED SPRINGFIELD MO FACILITY","NA","DAIRY FARMERS OF AMERICA INCORPORATED","NA","NA",NA,"NA",NA,"NA",NA,"NA","2024","NA","NA","NA","NA",NA,NA,"NA",NA,"800 W Tampa St","Springfield","NA","MO",NA,"NA","Springfield",NA,"37.218670000000003","-93.308210000000003","NA",NA,NA,NA,NA,NA,NA,NA,NA,NA,NA,NA,NA,NA,"NA","NA",NA,"NA","NA",NA,NA,"P_43666","MOR130117","DAIRY FARMERS OF AMERICA, INC.","800 WEST TAMPA STREET","800 W TAMPA ST","UPDATED","SPRINGFIELD","MO","GREENE","65802","GOOD","(417) 829-3500","37.2133917","-93.3002666","311511","FLUID MILK MANUFACTURING","2023","NA","29077","150","NA","NA","NA","NA","65802 _ (417) 829-3500","SPRINGFIELD_800 W TAMPA ST","PinPt","Pin, Bus, FRS, NPDES","N","Industrial_DataSummary_By_LEE.xlsx$WU_Industrial_table_SIC_NAICs, USEPA_HIFLD_EIA_PPP_facility_v6.csv"
"MO","NA","GW",NA,"NA","DELTA CONCRETE INCORPORATED","NA","DELTA CONCRETE INCORPORATED","NA","NA",NA,"NA",NA,"NA",NA,"NA","","NA","NA","NA","NA",NA,NA,"NA",NA,"NA","Cape Girardeau","NA","MO",NA,"NA","Cape Girardeau",NA,"36.512247000000002","-89.591519000000005","NA",NA,NA,NA,NA,NA,NA,NA,NA,NA,NA,NA,NA,NA,"NA","NA",NA,"NA","NA",NA,NA,"P_70649 _OR_ D_2200967","NA","DELTA CONCRETE, INC. _OR_ Delta Concrete, Inc.","1200 MARQUETTE DRIVE _OR_ 114 S SILVER SPRINGS RD","1200 MARQUETTE DR _OR_ 114 S SILVER SPRINGS ROAD","UPDATED","CAPE GIRARDEAU","MO","CAPE GIRARDEAU","63703","GOOD","(573) 334-3133 _OR_ (573) 334-5261","37.2667746 _OR_ 37.30675","-89.5565978 _OR_ -89.567687","327320","READY-MIX CONCRETE MANUFACTURING _OR_ Ready-Mix Concrete Manufacturing","3273 _OR_ NA","NA","29031 _OR_ NA","30 _OR_ NA","NA _OR_ 2","NA _OR_ 300","NA _OR_ 3974670","NA","63703 _ (573) 334-3133 _OR_ 63703 _ (573) 334-5261","CAPE GIRARDEAU_1200 MARQUETTE DR _OR_ CAPE GIRARDEAU_114 S SILVER SPRINGS ROAD","PinPt _OR_ DBpt","Pin, Bus, FRS and/or NPDES _OR_ DB","N","Industrial_DataSummary_By_LEE.xlsx$WU_Industrial_table_SIC_NAICs, USEPA_HIFLD_EIA_PPP_facility_v6.csv"
"MO","NA","GW",NA,"NA","DEPARTMENT OF THE ARMY LAKE CITY ARMY AMMUNITION PLANT","NA",NA,"NA","NA",NA,"NA",NA,"NA",NA,"NA","","NA","NA","NA","NA",NA,NA,"NA",NA,"NA","Independence","NA",NA,NA,"NA",NA,NA,"39.104340000000001","-94.262330000000006","NA",NA,NA,NA,NA,NA,NA,NA,NA,NA,NA,NA,NA,NA,"NA","NA",NA,"NA","NA",NA,NA,NA,NA,NA,NA,NA,NA,NA,NA,NA,NA,NA,NA,NA,NA,NA,NA,NA,NA,NA,NA,NA,NA,NA,NA,NA,NA,NA,NA,NA,"Industrial_DataSummary_By_LEE.xlsx$WU_Industrial_table_SIC_NAICs"
"MO","NA","GW",NA,"NA","DREDGING INCORPORATED DBA SCOTTS CONCRETE","NA","DREDGING INCORPORATED","NA","NA",NA,"NA",NA,"NA",NA,"NA","5032","NA","NA","NA","NA",NA,NA,"NA",NA,"210 Gobbler Road","Camdenton","NA","MO",NA,"NA","Camdenton",NA,"38.033332999999999","-92.783610999999993","NA",NA,NA,NA,NA,NA,NA,NA,NA,NA,NA,NA,NA,NA,"NA","NA",NA,"NA","NA",NA,NA,"PP_4359997003","NA","DREDGING INC","210 GOBBLER RD","210 GOBBLER ROAD","UPDATED","CAMDENTON","MO","CAMDEN","65020","GOOD","NA","38.0298","-92.80603","327320","NA","NA","NA","NA","NA","NA","NA","NA","43","NA","CAMDENTON_210 GOBBLER ROAD","census","PPP","N","Industrial_DataSummary_By_LEE.xlsx$WU_Industrial_table_SIC_NAICs, USEPA_HIFLD_EIA_PPP_facility_v6.csv"
"MO","NA","GW",NA,"NA","DYNO NOBEL","NA","DYNO NOBEL INCORPORATED","NA","NA",NA,"NA",NA,"NA",NA,"NA","1962","NA","NA","NA","NA",NA,NA,"NA",NA,"17562 Gum Road","Carthage","NA","MO",NA,"NA","Carthage",NA,"37.150550000000003","-94.369129999999998","NA",NA,NA,NA,NA,NA,NA,NA,NA,NA,NA,NA,NA,NA,"NA","NA",NA,"NA","NA",NA,NA,"P_40292","MO0002402","DYNO NOBEL, INC.","17562 GUM ROAD","17562 GUM ROAD","OK","CARTHAGE","MO","JASPER","64836","GOOD","(417) 358-4061","37.1547153","-94.3746081","325920","EXPLOSIVES MANUFACTURING","2892","NA","29097","265","NA","NA","NA","NA","64836 _ (417) 358-4061","CARTHAGE_17562 GUM ROAD","PinPt","Pin, Bus, FRS, NPDES","N","Industrial_DataSummary_By_LEE.xlsx$WU_Industrial_table_SIC_NAICs, USEPA_HIFLD_EIA_PPP_facility_v6.csv"
"MO","NA","SW, GW",NA,"NA","DYNO NOBEL INCORPORATED","NA","DYNO NOBEL INCORPORATED","NA","NA",NA,"NA",NA,"NA",NA,"NA","9999 (nonclassifiable establishments); 1962 (heavy construction), 1629, 2873 (nitrogenous fertilizers); 1629 (heavy construction)","NA","NA","NA","NA",NA,NA,"NA",NA,"11083 Highway D, 17562 Gum Road, 11025 Highway D","Louisia, Carthage","NA","MO",NA,"NA","Carthage",NA,"39.432049999999997","-91.019509999999997","NA",NA,NA,NA,NA,NA,NA,NA,NA,NA,NA,NA,NA,NA,"NA","NA",NA,"NA","NA",NA,NA,"P_40292","MO0002402","DYNO NOBEL, INC.","17562 GUM ROAD","17562 GUM ROAD","OK","CARTHAGE","MO","JASPER","64836","GOOD","(417) 358-4061","37.1547153","-94.3746081","325920","EXPLOSIVES MANUFACTURING","2892","NA","29097","265","NA","NA","NA","NA","64836 _ (417) 358-4061","CARTHAGE_17562 GUM ROAD","PinPt","Pin, Bus, FRS, NPDES","N","Industrial_DataSummary_By_LEE.xlsx$WU_Industrial_table_SIC_NAICs, USEPA_HIFLD_EIA_PPP_facility_v6.csv"
"MO","NA","SW, GW",NA,"NA","DYNO NOBEL INCORPORATED","NA","DYNO NOBEL INCORPORATED","NA","NA",NA,"NA",NA,"NA",NA,"NA","9999 (nonclassifiable establishments); 1962 (heavy construction), 1629, 2873 (nitrogenous fertilizers); 1629 (heavy construction)","NA","NA","NA","NA",NA,NA,"NA",NA,"11083 Highway D, 17562 Gum Road, 11025 Highway D","Louisia, Carthage","NA","MO",NA,"NA","Greenfield",NA,"39.432049999999997","-91.019509999999997","NA",NA,NA,NA,NA,NA,NA,NA,NA,NA,NA,NA,NA,NA,"NA","NA",NA,"NA","NA",NA,NA,"E_110022826824","NA","DYNO NOBEL INC","443 HWY BB","443 HIGHWAY BB","UPDATED","GREENFIELD","MO","DADE","65661-9480","DIFF","(417) 359-2294","NA","NA","32592","EXPLOSIVES MANUFACTURING","NA","NA","NA","NA","NA","NA","NA","NA","65661 _ (417) 359-2294","GREENFIELD_443 HIGHWAY BB","NA","FRS","N","Industrial_DataSummary_By_LEE.xlsx$WU_Industrial_table_SIC_NAICs, USEPA_HIFLD_EIA_PPP_facility_v6.csv"
"MO","NA","SW, GW",NA,"NA","DYNO NOBEL INCORPORATED","NA","DYNO NOBEL INCORPORATED","NA","NA",NA,"NA",NA,"NA",NA,"NA","9999 (nonclassifiable establishments); 1962 (heavy construction), 1629, 2873 (nitrogenous fertilizers); 1629 (heavy construction)","NA","NA","NA","NA",NA,NA,"NA",NA,"11083 Highway D, 17562 Gum Road, 11025 Highway D","Louisia, Carthage","NA","MO",NA,"NA","Louisiana",NA,"39.432049999999997","-91.019509999999997","NA",NA,NA,NA,NA,NA,NA,NA,NA,NA,NA,NA,NA,NA,"NA","NA",NA,"NA","NA",NA,NA,"E_110070047879","MORA10224","DYNO NOBEL INC.","11025 HWY D","11025 HIGHWAY D","UPDATED","LOUISIANA","MO","PIKE","63353","GOOD","NA","39.45197","-91.06003","325311","NITROGENOUS FERTILIZER MANUFACTURING.","NA","NA","NA","NA","NA","NA","NA","NA","63353 _","LOUISIANA_11025 HIGHWAY D","FRS","FRS, NPDES","N","Industrial_DataSummary_By_LEE.xlsx$WU_Industrial_table_SIC_NAICs, USEPA_HIFLD_EIA_PPP_facility_v6.csv"
"MO","NA","GW",NA,"NA","EAST PERRY LUMBER COMPANY","NA","EAST PERRY LUMBER COMPANY","NA","NA",NA,"NA",NA,"NA",NA,"NA","","NA","NA","NA","NA",NA,NA,"NA",NA,"NA","Froh","NA","MO",NA,"NA","Frohna",NA,"NA","NA","NA",NA,NA,NA,NA,NA,NA,NA,NA,NA,NA,NA,NA,NA,"NA","NA",NA,"NA","NA",NA,NA,"P_72861 _OR_ PP_4748967009","MOR22A136 _OR_ NA","EAST PERRY LUMBER CO. _OR_ EAST PERRY LUMBER COMPANY","INDUSTRIAL DRIVE _OR_ 7029 MAIN STREET","INDUSTRIAL DR _OR_ 7029 MAIN ST","CHECK _OR_ UPDATED","FROHNA","MO","PERRY","63748","GOOD","(573) 824-5272 _OR_ NA","37.6319852 _OR_ NA","-89.6169153 _OR_ NA","321113 _OR_ 321912","SAWMILLS _OR_ NA","2421 _OR_ NA","NA","29157 _OR_ NA","90 _OR_ NA","104 _OR_ NA","2000 _OR_ NA","11649000 _OR_ NA","NA _OR_ 73","63748 _ (573) 824-5272 _OR_ NA","FROHNA_INDUSTRIAL DR _OR_ FROHNA_7029 MAIN ST","PinPt _OR_ NA","Pin, Bus, DB, FRS, NPDES _OR_ PPP","N _OR_ Y","Industrial_DataSummary_By_LEE.xlsx$WU_Industrial_table_SIC_NAICs, USEPA_HIFLD_EIA_PPP_facility_v6.csv"
"MO","NA","GW",NA,"NA","EMPIRE DIST ELECTRIC COMPANY ENERGY CENTER","NA",NA,"NA","NA",NA,"NA",NA,"NA",NA,"NA","4911","NA","NA","NA","NA",NA,NA,"NA",NA,"2537 Fir Road","Sarcoxie","NA",NA,NA,"NA",NA,NA,"37.140799999999999","-94.109629999999996","NA",NA,NA,NA,NA,NA,NA,NA,NA,NA,NA,NA,NA,NA,"NA","NA",NA,"NA","NA",NA,NA,NA,NA,NA,NA,NA,NA,NA,NA,NA,NA,NA,NA,NA,NA,NA,NA,NA,NA,NA,NA,NA,NA,NA,NA,NA,NA,NA,NA,NA,"Industrial_DataSummary_By_LEE.xlsx$WU_Industrial_table_SIC_NAICs"
"MO","NA","GW",NA,"NA","ENVISION BUILDING PRODUCTS LAMAR SOUTH","NA","ENVISION BUILDING PRODUCTS LAMAR SOUTH","NA","NA",NA,"NA",NA,"NA",NA,"NA","3089","NA","NA","NA","NA",NA,NA,"NA",NA,"NA","Lamar","NA","MO",NA,"NA","Lamar",NA,"37.469166000000001","-94.271945000000002","NA",NA,NA,NA,NA,NA,NA,NA,NA,NA,NA,NA,NA,NA,"NA","NA",NA,"NA","NA",NA,NA,"E_110044901684","MOR23D076","ENVISION BUILDING PRODUCTS LAMAR SOUTH","223 S HWY KK","223 S HIGHWAY KK","UPDATED","LAMAR","MO","BARTON","64759","GOOD","NA","37.468915","-94.27089","NA","PLASTICS PRODUCTS, NOT ELSEWHERE CLASSIFIED","3089","NA","NA","NA","NA","NA","NA","NA","64759 _","LAMAR_223 S HIGHWAY KK","FRS","FRS, NPDES","N","Industrial_DataSummary_By_LEE.xlsx$WU_Industrial_table_SIC_NAICs, USEPA_HIFLD_EIA_PPP_facility_v6.csv"
"MO","NA","GW",NA,"NA","EXPERT MAGEMENT INCORPORATED","NA",NA,"NA","NA",NA,"NA",NA,"NA",NA,"NA","","NA","NA","NA","NA",NA,NA,"NA",NA,"525 W Van Buren St","Chicago","NA",NA,NA,"NA",NA,NA,"37.091009999999997","-94.385069999999999","NA",NA,NA,NA,NA,NA,NA,NA,NA,NA,NA,NA,NA,NA,"NA","NA",NA,"NA","NA",NA,NA,NA,NA,NA,NA,NA,NA,NA,NA,NA,NA,NA,NA,NA,NA,NA,NA,NA,NA,NA,NA,NA,NA,NA,NA,NA,NA,NA,NA,NA,"Industrial_DataSummary_By_LEE.xlsx$WU_Industrial_table_SIC_NAICs"
"MO","NA","GW",NA,"NA","FLEISCHMANNS VINEGAR COMPANY INCORPORATED","NA",NA,"NA","NA",NA,"NA",NA,"NA",NA,"NA","","NA","NA","NA","NA",NA,NA,"NA",NA,"NA","Nixa","NA",NA,NA,"NA",NA,NA,"37.042710999999997","-93.295800999999997","NA",NA,NA,NA,NA,NA,NA,NA,NA,NA,NA,NA,NA,NA,"NA","NA",NA,"NA","NA",NA,NA,NA,NA,NA,NA,NA,NA,NA,NA,NA,NA,NA,NA,NA,NA,NA,NA,NA,NA,NA,NA,NA,NA,NA,NA,NA,NA,NA,NA,NA,"Industrial_DataSummary_By_LEE.xlsx$WU_Industrial_table_SIC_NAICs"
"MO","NA","GW",NA,"NA","FORKNER FARMS INCORPORATED","NA",NA,"NA","NA",NA,"NA",NA,"NA",NA,"NA","213","NA","NA","NA","NA",NA,NA,"NA",NA,"9282 E Indian Line Road","Richards","NA",NA,NA,"NA",NA,NA,"37.924779999999998","-94.466070000000002","NA",NA,NA,NA,NA,NA,NA,NA,NA,NA,NA,NA,NA,NA,"NA","NA",NA,"NA","NA",NA,NA,NA,NA,NA,NA,NA,NA,NA,NA,NA,NA,NA,NA,NA,NA,NA,NA,NA,NA,NA,NA,NA,NA,NA,NA,NA,NA,NA,NA,NA,"Industrial_DataSummary_By_LEE.xlsx$WU_Industrial_table_SIC_NAICs"
"MO","NA","GW",NA,"NA","FRED WEBER INCORPORATED","NA","FRED WEBER INCORPORATED","NA","NA",NA,"NA",NA,"NA",NA,"NA","","NA","NA","NA","NA",NA,NA,"NA",NA,"NA","Maryland Heights","NA","MO",NA,"NA","Maryland Heights",NA,"38.677","-90.876999999999995","NA",NA,NA,NA,NA,NA,NA,NA,NA,NA,NA,NA,NA,NA,"NA","NA",NA,"NA","NA",NA,NA,"P_71849 _OR_ P_72008","NA","FRED WEBER, INC.","11900 PRICHARD FARM ROAD _OR_ 2320 CREVE COEUR MILL ROAD","11900 PRICHARD FARM ROAD _OR_ 2320 CREVE COEUR MILL ROAD","OK","MARYLAND HEIGHTS","MO","ST LOUIS","63043","GOOD","(314) 344-0070","38.7414367 _OR_ 38.736942","-90.469095 _OR_ -90.4611328","324121","ASPHALT PAVING MIXTURE AND BLOCK MANUFACTURING","2951","NA","29189","70 _OR_ 100","NA","NA","NA","NA","63043 _ (314) 344-0070","MARYLAND HEIGHTS_11900 PRICHARD FARM ROAD _OR_ MARYLAND HEIGHTS_2320 CREVE COEUR MILL ROAD","PinPt","Pin, Bus, FRS _OR_ Pin, Bus, FRS and/or NPDES","N","Industrial_DataSummary_By_LEE.xlsx$WU_Industrial_table_SIC_NAICs, USEPA_HIFLD_EIA_PPP_facility_v6.csv"
"MO","NA","GW",NA,"NA","FRED WEBER INCORPORATED FESTUS STONE","NA","FRED WEBER INCORPORATED","NA","NA",NA,"NA",NA,"NA",NA,"324121","2951","NA","NA","NA","NA",NA,NA,"NA",NA,"2320 Creve Coeur Mill Road","Maryland Heights","NA","MO",NA,"NA","Maryland Heights",NA,"38.201667","-90.383888999999996","NA",NA,NA,NA,NA,NA,NA,NA,NA,NA,NA,NA,NA,NA,"NA","NA",NA,"NA","NA",NA,NA,"P_72008","NA","FRED WEBER, INC.","2320 CREVE COEUR MILL ROAD","2320 CREVE COEUR MILL ROAD","OK","MARYLAND HEIGHTS","MO","ST LOUIS","63043","GOOD","(314) 344-0070","38.736942","-90.4611328","324121","ASPHALT PAVING MIXTURE AND BLOCK MANUFACTURING","2951","NA","29189","100","NA","NA","NA","NA","63043 _ (314) 344-0070","MARYLAND HEIGHTS_2320 CREVE COEUR MILL ROAD","PinPt","Pin, Bus, FRS and/or NPDES","N","Industrial_DataSummary_By_LEE.xlsx$WU_Industrial_table_SIC_NAICs, USEPA_HIFLD_EIA_PPP_facility_v6.csv"
"MO","NA","GW",NA,"NA","FRED WEBER INCORPORATED NEW MELLE STONE","NA","FRED WEBER INCORPORATED","NA","NA",NA,"NA",NA,"NA",NA,"NA","","NA","NA","NA","NA",NA,NA,"NA",NA,"2320 Creve Coeur Mill Road","Maryland Heights","NA","MO",NA,"NA","Maryland Heights",NA,"38.677444000000001","-90.888750000000002","NA",NA,NA,NA,NA,NA,NA,NA,NA,NA,NA,NA,NA,NA,"NA","NA",NA,"NA","NA",NA,NA,"P_72008","NA","FRED WEBER, INC.","2320 CREVE COEUR MILL ROAD","2320 CREVE COEUR MILL ROAD","OK","MARYLAND HEIGHTS","MO","ST LOUIS","63043","GOOD","(314) 344-0070","38.736942","-90.4611328","324121","ASPHALT PAVING MIXTURE AND BLOCK MANUFACTURING","2951","NA","29189","100","NA","NA","NA","NA","63043 _ (314) 344-0070","MARYLAND HEIGHTS_2320 CREVE COEUR MILL ROAD","PinPt","Pin, Bus, FRS and/or NPDES","N","Industrial_DataSummary_By_LEE.xlsx$WU_Industrial_table_SIC_NAICs, USEPA_HIFLD_EIA_PPP_facility_v6.csv"
"MO","NA","GW",NA,"NA","GARY KESLER","NA",NA,"NA","NA",NA,"NA",NA,"NA",NA,"NA","","NA","NA","NA","NA",NA,NA,"NA",NA,"859 County Highway 442","Oran","NA",NA,NA,"NA",NA,NA,"37.033999999999999","-89.686999999999998","NA",NA,NA,NA,NA,NA,NA,NA,NA,NA,NA,NA,NA,NA,"NA","NA",NA,"NA","NA",NA,NA,NA,NA,NA,NA,NA,NA,NA,NA,NA,NA,NA,NA,NA,NA,NA,NA,NA,NA,NA,NA,NA,NA,NA,NA,NA,NA,NA,NA,NA,"Industrial_DataSummary_By_LEE.xlsx$WU_Industrial_table_SIC_NAICs"
"MO","NA","GW",NA,"NA","GEN COUNCIL ASSEMBLIES OF GOD","NA","GENERAL COUNCIL OF THE ASSEMBLIES OF GOD","NA","NA",NA,"NA",NA,"NA",NA,"NA","","NA","NA","NA","NA",NA,NA,"NA",NA,"1445 N Boonville Avenue","Springfield","NA","MO",NA,"NA","Springfield",NA,"37.22589","-93.293390000000002","NA",NA,NA,NA,NA,NA,NA,NA,NA,NA,NA,NA,NA,NA,"NA","NA",NA,"NA","NA",NA,NA,"E_110015854066","NA","GENERAL COUNCIL OF THE ASSEMBLIES OF GOD","1445 NORTH BOONVILLE AVENUE","1445 N BOONVILLE AVENUE","UPDATED","SPRINGFIELD","MO","GREENE","65802-1894","DIFF","(417) 862-2781","NA","NA","NA","PERIODICALS: PUBLISHING, OR PUBLISHING AND PRINTING","2721","NA","NA","NA","NA","NA","NA","NA","65802 _ (417) 862-2781","SPRINGFIELD_1445 N BOONVILLE AVENUE","NA","FRS","Y","Industrial_DataSummary_By_LEE.xlsx$WU_Industrial_table_SIC_NAICs, USEPA_HIFLD_EIA_PPP_facility_v6.csv"
"MO","NA","GW",NA,"NA","GENERAL CABLE FORMERLY ALCAN CABLE","NA","ALCAN INCORPORATED CABLE DIVISION","NA","NA",NA,"NA",NA,"NA",NA,"NA","4952 3357","NA","NA","NA","NA",NA,NA,"NA",NA,"20213 Whitfield Road","Sedalia","NA","MO",NA,"NA","Sedalia",NA,"38.744100000000003","-93.313379999999995","NA",NA,NA,NA,NA,NA,NA,NA,NA,NA,NA,NA,NA,NA,"NA","NA",NA,"NA","NA",NA,NA,"P_42869","NA","ALCAN, INC., CABLE DIV.","20213 WHITFIELD ROAD","20213 WHITFIELD ROAD","OK","SEDALIA","MO","PETTIS","65301","GOOD","(660) 827-1712","38.7434579","-93.3156357","335929","OTHER COMMUNICATION AND ENERGY WIRE MANUFACTURING","3355","NA","29159","245","NA","NA","NA","NA","65301 _ (660) 827-1712","SEDALIA_20213 WHITFIELD ROAD","PinPt","Pin, Bus, FRS","N","Industrial_DataSummary_By_LEE.xlsx$WU_Industrial_table_SIC_NAICs, USEPA_HIFLD_EIA_PPP_facility_v6.csv"
"MO","NA","GW",NA,"NA","GEORGE S PROCESSING INCORPORATED","NA","GEORGE S PROCESSING INCORPORATED","NA","NA",NA,"NA",NA,"NA",NA,"NA","2015","NA","NA","NA","NA",NA,NA,"NA",NA,"9066 State Highway W","Cassville","NA","MO",NA,"NA","Cassville",NA,"36.744549999999997","-93.923010000000005","NA",NA,NA,NA,NA,NA,NA,NA,NA,NA,NA,NA,NA,NA,"NA","NA",NA,"NA","NA",NA,NA,"P_43486","NA","GEORGE'S PROCESSING, INC.","9066 STATE HIGHWAY WEST","9066 STATE HIGHWAY W","UPDATED","CASSVILLE","MO","BARRY","65625","GOOD","(417) 442-3500","36.7442058","-93.9212942","311615","POULTRY PROCESSING","2015","NA","29009","800","NA","NA","NA","NA","65625 _ (417) 442-3500","CASSVILLE_9066 STATE HIGHWAY W","PinPt","Pin, Bus, FRS","N","Industrial_DataSummary_By_LEE.xlsx$WU_Industrial_table_SIC_NAICs, USEPA_HIFLD_EIA_PPP_facility_v6.csv"
"MO","NA","GW",NA,"NA","GOLDEN TRIANGLE ENERGY LIMITED LIABILITY COMPANY","NA","GOLDEN TRIANGLE ENERGY COOPERATIVE INCORPORATED","NA","NA",NA,"NA",NA,"NA",NA,"NA","2869 (industrial organic chemicals), 325193","NA","NA","NA","NA",NA,NA,"NA",NA,"15053 Highway 111","Craig","NA","MO",NA,"NA","Craig",NA,"40.189300000000003","-95.370099999999994","NA",NA,NA,NA,NA,NA,NA,NA,NA,NA,NA,NA,NA,NA,"NA","NA",NA,"NA","NA",NA,NA,"P_35272","MO0126161","GOLDEN TRIANGLE ENERGY COOPERATIVE, INC.","15053 HIGHWAY 111","15053 HIGHWAY 111","OK","CRAIG","MO","HOLT","64437","GOOD","(660) 683-5646","40.1898581","-95.3700303","325193","ETHYL ALCOHOL MANUFACTURING","2869","NA","29087","34","NA","NA","NA","39","64437 _ (660) 683-5646","CRAIG_15053 HIGHWAY 111","PinPt","Pin, Bus, FRS, NPDES, PPP","N","Industrial_DataSummary_By_LEE.xlsx$WU_Industrial_table_SIC_NAICs, USEPA_HIFLD_EIA_PPP_facility_v6.csv"
"MO","NA","GW",NA,"NA","GREENPOINT AG LIMITED LIABILITY COMPANY","NA",NA,"NA","NA",NA,"NA",NA,"NA",NA,"NA","","NA","NA","NA","NA",NA,NA,"NA",NA,"NA","Kennett","NA",NA,NA,"NA",NA,NA,"36.271166999999998","-90.032388999999995","NA",NA,NA,NA,NA,NA,NA,NA,NA,NA,NA,NA,NA,NA,"NA","NA",NA,"NA","NA",NA,NA,NA,NA,NA,NA,NA,NA,NA,NA,NA,NA,NA,NA,NA,NA,NA,NA,NA,NA,NA,NA,NA,NA,NA,NA,NA,NA,NA,NA,NA,"Industrial_DataSummary_By_LEE.xlsx$WU_Industrial_table_SIC_NAICs"
"MO","NA","GW",NA,"NA","HENRY WURST INCORPORATED","NA","WURST INCORPORATED HENRY","NA","NA",NA,"NA",NA,"NA",NA,"NA","4952","NA","NA","NA","NA",NA,NA,"NA",NA,"1331 Saline St","N Kansas City","NA","MO",NA,"NA","North Kansas City",NA,"39.133569999999999","-94.558139999999995","NA",NA,NA,NA,NA,NA,NA,NA,NA,NA,NA,NA,NA,NA,"NA","NA",NA,"NA","NA",NA,NA,"P_42702","NA","WURST, INC., HENRY","1331 SALINE STREET","1331 SALINE ST","UPDATED","NORTH KANSAS CITY","MO","CLAY","64116","GOOD","(816) 842-3113","39.1332354","-94.5594734","323110","COMMERCIAL LITHOGRAPHIC PRINTING","2752","NA","29047","250","NA","NA","NA","NA","64116 _ (816) 842-3113","NORTH KANSAS CITY_1331 SALINE ST","PinPt","Pin, Bus, FRS","N","Industrial_DataSummary_By_LEE.xlsx$WU_Industrial_table_SIC_NAICs, USEPA_HIFLD_EIA_PPP_facility_v6.csv"
"MO","NA","GW",NA,"NA","HERMANN SAND AND GRAVEL INCORPORATED","NA",NA,"NA","NA",NA,"NA",NA,"NA",NA,"NA","","NA","NA","NA","NA",NA,NA,"NA",NA,"NA","Hermann","NA",NA,NA,"NA",NA,NA,"38.622416999999999","-92.202055999999999","NA",NA,NA,NA,NA,NA,NA,NA,NA,NA,NA,NA,NA,NA,"NA","NA",NA,"NA","NA",NA,NA,NA,NA,NA,NA,NA,NA,NA,NA,NA,NA,NA,NA,NA,NA,NA,NA,NA,NA,NA,NA,NA,NA,NA,NA,NA,NA,NA,NA,NA,"Industrial_DataSummary_By_LEE.xlsx$WU_Industrial_table_SIC_NAICs"
"MO","NA","GW",NA,"NA","HOLCIM US INCORPORATED","NA","HOLCIM US INCORPORATED","NA","NA",NA,"NA",NA,"NA",NA,"NA","","NA","NA","NA","NA",NA,NA,"NA",NA,"14500 Cr 1550, 2942 Highway 61","Ada, Bloomsdale","NA","MO",NA,"NA","Clarksville",NA,"39.376649999999998","-90.936310000000006","NA",NA,NA,NA,NA,NA,NA,NA,NA,NA,NA,NA,NA,NA,"NA","NA",NA,"NA","NA",NA,NA,"P_71402","NA","HOLCIM (US), INC.","14738 HIGHWAY 79 NORTH","14738 HIGHWAY 79 N","UPDATED","CLARKSVILLE","MO","PIKE","63336","GOOD","(573) 242-3571","39.3792626","-90.9413551","327310","CEMENT MANUFACTURING","3241","NA","29163","158","NA","NA","NA","NA","63336 _ (573) 242-3571","CLARKSVILLE_14738 HIGHWAY 79 N","PinPt","Pin, Bus","N","Industrial_DataSummary_By_LEE.xlsx$WU_Industrial_table_SIC_NAICs, USEPA_HIFLD_EIA_PPP_facility_v6.csv"
"MO","NA","GW",NA,"NA","ILLINOIS PAVING COMPANY","NA",NA,"NA","NA",NA,"NA",NA,"NA",NA,"NA","","NA","NA","NA","NA",NA,NA,"NA",NA,"NA","Winchester","NA",NA,NA,"NA",NA,NA,"37.173889000000003","-93.425194000000005","NA",NA,NA,NA,NA,NA,NA,NA,NA,NA,NA,NA,NA,NA,"NA","NA",NA,"NA","NA",NA,NA,NA,NA,NA,NA,NA,NA,NA,NA,NA,NA,NA,NA,NA,NA,NA,NA,NA,NA,NA,NA,NA,NA,NA,NA,NA,NA,NA,NA,NA,"Industrial_DataSummary_By_LEE.xlsx$WU_Industrial_table_SIC_NAICs"
"MO","NA","GW",NA,"NA","INGREDION INCORPORATED","NA","INGREDION INCORPORATED","NA","NA",NA,"NA",NA,"NA",NA,"NA","2046","NA","NA","NA","NA",NA,NA,"NA",NA,"1001 Bedford Road","N Kansas City","NA","MO",NA,"NA","Kansas City",NA,"39.130000000000003","-94.57","NA",NA,NA,NA,NA,NA,NA,NA,NA,NA,NA,NA,NA,NA,"NA","NA",NA,"NA","NA",NA,NA,"E_110000443093","MO0002534","INGREDION INC.","1001 BEDFORD AVENUE","1001 BEDFORD AVENUE","OK","KANSAS CITY","MO","CLAY","64116","GOOD","(317) 635-4455","39.125992","-94.57328","31122","STARCH AND VEGETABLE FATS AND OILS MANUFACTURING","NA","NA","NA","NA","NA","NA","NA","NA","64116 _ (317) 635-4455","KANSAS CITY_1001 BEDFORD AVENUE","FRS","FRS, NPDES","N","Industrial_DataSummary_By_LEE.xlsx$WU_Industrial_table_SIC_NAICs, USEPA_HIFLD_EIA_PPP_facility_v6.csv"
"MO","NA","GW",NA,"NA","ISONOVA TECHNOLOGIES LIMITED LIABILITY COMPANY","NA","ISONOVA TECHNOLOGIES LIMITED LIABILITY COMPANY","NA","NA",NA,"NA",NA,"NA",NA,"NA","2015","NA","NA","NA","NA",NA,NA,"NA",NA,"NA","Vero","NA","MO",NA,"NA","Verona",NA,"37.015889999999999","-93.787390000000002","NA",NA,NA,NA,NA,NA,NA,NA,NA,NA,NA,NA,NA,NA,"NA","NA",NA,"NA","NA",NA,NA,"E_110009712579","MO0112500","ISONOVA TECHNOLOGIES LLC","HWY P NORTH","HIGHWAY P N","CHECK","VERONA","MO","LAWRENCE","65769","GOOD","NA","NA","NA","NA","POULTRY SLAUGHTERING AND PROCESSING","2015","NA","NA","NA","NA","NA","NA","NA","NA","VERONA_HIGHWAY P N","NA","FRS, NPDES","Y","Industrial_DataSummary_By_LEE.xlsx$WU_Industrial_table_SIC_NAICs, USEPA_HIFLD_EIA_PPP_facility_v6.csv"
"MO","NA","GW",NA,"NA","KINGSFORD MANUFACTURING COMPANY THE CLOROX COMPANY","NA","KINGSFORD MANUFACTURING COMPANY","NA","NA",NA,"NA",NA,"NA",NA,"NA","2861 4952 (gum and wood chemicals; sewerage system)","NA","NA","NA","NA",NA,NA,"NA",NA,"21200 Maries Road 314","Belle","NA","MO",NA,"NA","Belle",NA,"38.219880000000003","-91.730599999999995","NA",NA,NA,NA,NA,NA,NA,NA,NA,NA,NA,NA,NA,NA,"NA","NA",NA,"NA","NA",NA,NA,"P_43009","NA","KINGSFORD MFG. CO.","21200 MARIES ROAD 314","21200 MARIES ROAD 314","OK","BELLE","MO","MARIES","65013","GOOD","(573) 859-3316","38.220652","-91.7329421","325191","GUM AND WOOD CHEMICAL MANUFACTURING","2861","NA","29125","115","NA","NA","NA","NA","65013 _ (573) 859-3316","BELLE_21200 MARIES ROAD 314","PinPt","Pin, Bus, FRS","N","Industrial_DataSummary_By_LEE.xlsx$WU_Industrial_table_SIC_NAICs, USEPA_HIFLD_EIA_PPP_facility_v6.csv"
"MO","NA","GW",NA,"NA","KRAFT HEINZ FOOD COMPANY","NA","KRAFT FOODS INCORPORATED","NA","NA",NA,"NA",NA,"NA",NA,"NA","2024","NA","NA","NA","NA",NA,NA,"NA",NA,"2035 E Bennett St","Springfield","NA","MO",NA,"NA","Springfield",NA,"37.190049999999999","-93.257329999999996","NA",NA,NA,NA,NA,NA,NA,NA,NA,NA,NA,NA,NA,NA,"NA","NA",NA,"NA","NA",NA,NA,"P_43648","MO0001945","KRAFT FOODS, INC.","2035 EAST BENNETT STREET","2035 E BENNETT ST","UPDATED","SPRINGFIELD","MO","GREENE","65804","GOOD","(417) 881-2701","37.1894778","-93.2559752","311999","ALL OTHER MISCELLANEOUS FOOD MANUFACTURING","2022","NA","29077","1065","NA","NA","NA","NA","65804 _ (417) 881-2701","SPRINGFIELD_2035 E BENNETT ST","PinPt","Pin, Bus, FRS, NPDES","N","Industrial_DataSummary_By_LEE.xlsx$WU_Industrial_table_SIC_NAICs, USEPA_HIFLD_EIA_PPP_facility_v6.csv"
"MO","NA","GW",NA,"NA","LEADBELT MATERIALS","NA",NA,"NA","NA",NA,"NA",NA,"NA",NA,"NA","","NA","NA","NA","NA",NA,NA,"NA",NA,"NA","Park Hills","NA",NA,NA,"NA",NA,NA,"37.840000000000003","-90.533000000000001","NA",NA,NA,NA,NA,NA,NA,NA,NA,NA,NA,NA,NA,NA,"NA","NA",NA,"NA","NA",NA,NA,NA,NA,NA,NA,NA,NA,NA,NA,NA,NA,NA,NA,NA,NA,NA,NA,NA,NA,NA,NA,NA,NA,NA,NA,NA,NA,NA,NA,NA,"Industrial_DataSummary_By_LEE.xlsx$WU_Industrial_table_SIC_NAICs"
"MO","NA","GW",NA,"NA","LEGGETT AND PLATT INCORPORATED","NA","LEGGETT AND PLATT INCORPORATED","NA","NA",NA,"NA",NA,"NA",NA,"NA","","NA","NA","NA","NA",NA,NA,"NA",NA,"NA","Cape Girardeau","NA","MO",NA,"NA","Cape Girardeau",NA,"37.243056000000003","-89.583332999999996","NA",NA,NA,NA,NA,NA,NA,NA,NA,NA,NA,NA,NA,NA,"NA","NA",NA,"NA","NA",NA,NA,"P_70797","MO0000388","LEGGETT & PLATT, INC.","4614 NASH ROAD","4614 NASH ROAD","OK","CAPE GIRARDEAU","MO","CAPE GIRARDEAU","63701","GOOD","(573) 334-5236","37.2406274","-89.5829627","N/A","NOT AVAILABLE","3069","NA","29031","56","NA","NA","NA","NA","63701 _ (573) 334-5236","CAPE GIRARDEAU_4614 NASH ROAD","PinPt","Pin, Bus, FRS and/or NPDES","N","Industrial_DataSummary_By_LEE.xlsx$WU_Industrial_table_SIC_NAICs, USEPA_HIFLD_EIA_PPP_facility_v6.csv"
"MO","NA","GW",NA,"NA","LITTLE BLUE VALLEY SEWER DISTR","NA",NA,"NA","NA",NA,"NA",NA,"NA",NA,"NA","4952 (sewerage systems); 1692 (heavy constructino)","NA","NA","NA","NA",NA,NA,"NA",NA,"21208 E Old Atherton Road","Independence","NA",NA,NA,"NA",NA,NA,"39.178159999999998","-94.333830000000006","NA",NA,NA,NA,NA,NA,NA,NA,NA,NA,NA,NA,NA,NA,"NA","NA",NA,"NA","NA",NA,NA,NA,NA,NA,NA,NA,NA,NA,NA,NA,NA,NA,NA,NA,NA,NA,NA,NA,NA,NA,NA,NA,NA,NA,NA,NA,NA,NA,NA,NA,"Industrial_DataSummary_By_LEE.xlsx$WU_Industrial_table_SIC_NAICs"
"MO","NA","GW",NA,"NA","LOVES TRAVEL STOP CSTORE","NA",NA,"NA","NA",NA,"NA",NA,"NA",NA,"NA","","NA","NA","NA","NA",NA,NA,"NA",NA,"4013 Highway 43","Joplin","NA",NA,NA,"NA",NA,NA,"37.012770000000003","-94.544740000000004","NA",NA,NA,NA,NA,NA,NA,NA,NA,NA,NA,NA,NA,NA,"NA","NA",NA,"NA","NA",NA,NA,NA,NA,NA,NA,NA,NA,NA,NA,NA,NA,NA,NA,NA,NA,NA,NA,NA,NA,NA,NA,NA,NA,NA,NA,NA,NA,NA,NA,NA,"Industrial_DataSummary_By_LEE.xlsx$WU_Industrial_table_SIC_NAICs"
"MO","NA","SW",NA,"NA","MARATHON PIPE LINE LIMITED LIABILITY COMPANY","NA",NA,"NA","NA",NA,"NA",NA,"NA",NA,"NA","","NA","NA","NA","NA",NA,NA,"NA",NA,"539 S Main St","Findlay","NA",NA,NA,"NA",NA,NA,"38.681348","-90.667979000000003","NA",NA,NA,NA,NA,NA,NA,NA,NA,NA,NA,NA,NA,NA,"NA","NA",NA,"NA","NA",NA,NA,NA,NA,NA,NA,NA,NA,NA,NA,NA,NA,NA,NA,NA,NA,NA,NA,NA,NA,NA,NA,NA,NA,NA,NA,NA,NA,NA,NA,NA,"Industrial_DataSummary_By_LEE.xlsx$WU_Industrial_table_SIC_NAICs"
"MO","NA","GW",NA,"NA","MARS PETCARE US","NA","MARS PETCARE U S INCORPORATED","NA","NA",NA,"NA",NA,"NA",NA,"NA","2024","NA","NA","NA","NA",NA,NA,"NA",NA,"1983 S State Line Avenue","Joplin","NA","MO",NA,"NA","Joplin",NA,"37.072000000000003","-94.614109999999997","NA",NA,NA,NA,NA,NA,NA,NA,NA,NA,NA,NA,NA,NA,"NA","NA",NA,"NA","NA",NA,NA,"P_40257","MOR130113","MARS PETCARE U.S., INC.","1983 SOUTH STATE LINE AVENUE","1983 S STATE LINE AVENUE","UPDATED","JOPLIN","MO","JASPER","64804","GOOD","(417) 624-6166","37.0716759","-94.616197","311111","DOG AND CAT FOOD MANUFACTURING","2047","NA","29097","150","NA","NA","NA","NA","64804 _ (417) 624-6166","JOPLIN_1983 S STATE LINE AVENUE","PinPt","Pin, Bus, FRS and/or NPDES","N","Industrial_DataSummary_By_LEE.xlsx$WU_Industrial_table_SIC_NAICs, USEPA_HIFLD_EIA_PPP_facility_v6.csv"
"MO","NA","GW",NA,"NA","MEMC LIMITED LIABILITY COMPANY","NA","M E M C ELECTRONIC MATERIALS INCORPORATED","NA","NA",NA,"NA",NA,"NA",NA,"NA","3674","NA","NA","NA","NA",NA,NA,"NA",NA,"501 Pearl Dr","Saint Peters","NA","MO",NA,"NA","Saint Peters",NA,"38.811660000000003","-90.665059999999997","NA",NA,NA,NA,NA,NA,NA,NA,NA,NA,NA,NA,NA,NA,"NA","NA",NA,"NA","NA",NA,NA,"P_71552","NA","M E M C ELECTRONIC MATERIALS, INC.","501 PEARL DRIVE","501 PEARL DR","UPDATED","SAINT PETERS","MO","ST CHARLES","63376","GOOD","(636) 474-5000","38.8144508","-90.6536517","325199","ALL OTHER BASIC ORGANIC CHEMICAL MANUFACTURING","3674","NA","29183","2000","NA","NA","NA","NA","63376 _ (636) 474-5000","SAINT PETERS_501 PEARL DR","PinPt","Pin, Bus, FRS","N","Industrial_DataSummary_By_LEE.xlsx$WU_Industrial_table_SIC_NAICs, USEPA_HIFLD_EIA_PPP_facility_v6.csv"
"MO","NA","GW",NA,"NA","MENDON CITY OF","NA",NA,"NA","NA",NA,"NA",NA,"NA",NA,"NA","","NA","NA","NA","NA",NA,NA,"NA",NA,"NA","Mendon","NA",NA,NA,"NA",NA,NA,"39.595610000000001","-93.132189999999994","NA",NA,NA,NA,NA,NA,NA,NA,NA,NA,NA,NA,NA,NA,"NA","NA",NA,"NA","NA",NA,NA,NA,NA,NA,NA,NA,NA,NA,NA,NA,NA,NA,NA,NA,NA,NA,NA,NA,NA,NA,NA,NA,NA,NA,NA,NA,NA,NA,NA,NA,"Industrial_DataSummary_By_LEE.xlsx$WU_Industrial_table_SIC_NAICs"
"MO","NA","GW",NA,"NA","MID MISSOURI ENERGY LIMITED LIABILITY COMPANY","NA","MID MISSOURI ENERGY LIMITED LIABILITY COMPANY","NA","NA",NA,"NA",NA,"NA",NA,"NA","2869","NA","NA","NA","NA",NA,NA,"NA",NA,"15311 N Saline Highway 65","Malta Bend","NA","MO",NA,"NA","Malta Bend",NA,"39.194249999999997","-93.380416999999994","NA",NA,NA,NA,NA,NA,NA,NA,NA,NA,NA,NA,NA,NA,"NA","NA",NA,"NA","NA",NA,NA,"E_110071159534","MO0131008","MID-MISSOURI ENERGY LLC","15311 N. SALINE 65 HWY","15311 N SALINE 65 HIGHWAY","UPDATED","MALTA BEND","MO","SALINE","65339","GOOD","(660) 595-0143","39.19446","-93.38376","325193","ETHYL ALCOHOL MANUFACTURING.","NA","NA","NA","NA","NA","NA","NA","37","65339 _ (660) 595-0143","MALTA BEND_15311 N SALINE 65 HIGHWAY","FRS","FRS, NPDES, PPP","N","Industrial_DataSummary_By_LEE.xlsx$WU_Industrial_table_SIC_NAICs, USEPA_HIFLD_EIA_PPP_facility_v6.csv"
"MO","NA","GW",NA,"NA","MISSISSIPPI LIME COMPANY","NA","MISSISSIPPI LIME COMPANY","NA","NA",NA,"NA",NA,"NA",NA,"488320 327410 212312","1422 3274 4491","NA","NA","NA","NA",NA,NA,"NA",NA,"16147 Us Highway 61","Ste Genevieve","NA","MO",NA,"NA","Sainte Genevieve",NA,"37.985999999999997","-90.036000000000001","NA",NA,NA,NA,NA,NA,NA,NA,NA,NA,NA,NA,NA,NA,"NA","NA",NA,"NA","NA",NA,NA,"P_72650","MO0106852","MISSISSIPPI LIME CO.","16147 US HIGHWAY 61","16147 US HIGHWAY 61","OK","SAINTE GENEVIEVE","MO","STE GENEVIEVE","63670","GOOD","(573) 883-9477","37.9751722","-90.0644724","327991","CUT STONE AND STONE PRODUCT MANUFACTURING","3281","NA","29186","400","NA","NA","NA","NA","63670 _ (573) 883-9477","SAINTE GENEVIEVE_16147 US HIGHWAY 61","PinPt","Pin, Bus, FRS, NPDES","N","Industrial_DataSummary_By_LEE.xlsx$WU_Industrial_table_SIC_NAICs, USEPA_HIFLD_EIA_PPP_facility_v6.csv"
"MO","NA","GW",NA,"NA","MONETT WTP","NA",NA,"NA","NA",NA,"NA",NA,"NA",NA,"NA","1629","NA","NA","NA","NA",NA,NA,"NA",NA,"217 5th St","Monett","NA",NA,NA,"NA",NA,NA,"36.896470000000001","-93.928340000000006","NA",NA,NA,NA,NA,NA,NA,NA,NA,NA,NA,NA,NA,NA,"NA","NA",NA,"NA","NA",NA,NA,NA,NA,NA,NA,NA,NA,NA,NA,NA,NA,NA,NA,NA,NA,NA,NA,NA,NA,NA,NA,NA,NA,NA,NA,NA,NA,NA,NA,NA,"Industrial_DataSummary_By_LEE.xlsx$WU_Industrial_table_SIC_NAICs"
"MO","NA","GW",NA,"NA","MURPHY BROWN OF MISSOURI LIMITED LIABILITY COMPANY","NA",NA,"NA","NA",NA,"NA",NA,"NA",NA,"NA","","NA","NA","NA","NA",NA,NA,"NA",NA,"17999 Us Highway 65","Princeton","NA",NA,NA,"NA",NA,NA,"40.088200000000001","-93.985699999999994","NA",NA,NA,NA,NA,NA,NA,NA,NA,NA,NA,NA,NA,NA,"NA","NA",NA,"NA","NA",NA,NA,NA,NA,NA,NA,NA,NA,NA,NA,NA,NA,NA,NA,NA,NA,NA,NA,NA,NA,NA,NA,NA,NA,NA,NA,NA,NA,NA,NA,NA,"Industrial_DataSummary_By_LEE.xlsx$WU_Industrial_table_SIC_NAICs"
"MO","NA","GW",NA,"NA","MURPHY FAMILY VENTURES LIMITED LIABILITY COMPANY ARROWHEAD FARMS INCORPORATED","NA",NA,"NA","NA",NA,"NA",NA,"NA",NA,"NA","","NA","NA","NA","NA",NA,NA,"NA",NA,"NA","Nevada","NA",NA,NA,"NA",NA,NA,"37.641399999999997","-94.21902","NA",NA,NA,NA,NA,NA,NA,NA,NA,NA,NA,NA,NA,NA,"NA","NA",NA,"NA","NA",NA,NA,NA,NA,NA,NA,NA,NA,NA,NA,NA,NA,NA,NA,NA,NA,NA,NA,NA,NA,NA,NA,NA,NA,NA,NA,NA,NA,NA,NA,NA,"Industrial_DataSummary_By_LEE.xlsx$WU_Industrial_table_SIC_NAICs"
"MO","NA","GW",NA,"NA","NESTLE PURI","NA","NESTLE MANUFACTURING FACILITY","NA","NA",NA,"NA",NA,"NA",NA,"NA","1629 (heavy construction), 1459 - clay and related minerals","NA","NA","NA","NA",NA,NA,"NA",NA,"22450 State Highway Y","Bloomfield","NA","MO",NA,"NA","Bloomfield",NA,"36.961759999999998","-89.869510000000005","NA",NA,NA,NA,NA,NA,NA,NA,NA,NA,NA,NA,NA,NA,"NA","NA",NA,"NA","NA",NA,NA,"B_66279","AKG528486","Nestle Manufacturing Facility","22450 STATE HIGHWAY Y","22450 STATE HIGHWAY Y","OK","BLOOMFIELD","MO","STODDARD","63825","GOOD","NA","36.963426","-89.868266","311","Food Manufacturing","NA","NA","29207","NA","NA","NA","NA","NA","NA","BLOOMFIELD_22450 STATE HIGHWAY Y","BusPt","Bus, FRS, NPDES","N","Industrial_DataSummary_By_LEE.xlsx$WU_Industrial_table_SIC_NAICs, USEPA_HIFLD_EIA_PPP_facility_v6.csv"
"MO","NA","GW",NA,"NA","NEW MELLE QUARRY","NA",NA,"NA","NA",NA,"NA",NA,"NA",NA,"NA","","NA","NA","NA","NA",NA,NA,"NA",NA,"2320 Creve Coeur Mill Road.","Maryland Heights","NA",NA,NA,"NA",NA,NA,"38.69","-90.9","NA",NA,NA,NA,NA,NA,NA,NA,NA,NA,NA,NA,NA,NA,"NA","NA",NA,"NA","NA",NA,NA,NA,NA,NA,NA,NA,NA,NA,NA,NA,NA,NA,NA,NA,NA,NA,NA,NA,NA,NA,NA,NA,NA,NA,NA,NA,NA,NA,NA,NA,"Industrial_DataSummary_By_LEE.xlsx$WU_Industrial_table_SIC_NAICs"
"MO","NA","GW",NA,"NA","NORBERT DENTRESSANGLE GATEWAY FORMERLY JACOBSON COMPANIES","NA",NA,"NA","NA",NA,"NA",NA,"NA",NA,"NA","","NA","NA","NA","NA",NA,NA,"NA",NA,"NA","Warrenton","NA",NA,NA,"NA",NA,NA,"38.74333","-91.117670000000004","NA",NA,NA,NA,NA,NA,NA,NA,NA,NA,NA,NA,NA,NA,"NA","NA",NA,"NA","NA",NA,NA,NA,NA,NA,NA,NA,NA,NA,NA,NA,NA,NA,NA,NA,NA,NA,NA,NA,NA,NA,NA,NA,NA,NA,NA,NA,NA,NA,NA,NA,"Industrial_DataSummary_By_LEE.xlsx$WU_Industrial_table_SIC_NAICs"
"MO","NA","GW",NA,"NA","NORTH KANSAS CITY WTP","NA",NA,"NA","NA",NA,"NA",NA,"NA",NA,"NA","4941","NA","NA","NA","NA",NA,NA,"NA",NA,"1852 Burlington St","N Kansas City","NA",NA,NA,"NA",NA,NA,"39.138710000000003","-94.581519999999998","NA",NA,NA,NA,NA,NA,NA,NA,NA,NA,NA,NA,NA,NA,"NA","NA",NA,"NA","NA",NA,NA,NA,NA,NA,NA,NA,NA,NA,NA,NA,NA,NA,NA,NA,NA,NA,NA,NA,NA,NA,NA,NA,NA,NA,NA,NA,NA,NA,NA,NA,"Industrial_DataSummary_By_LEE.xlsx$WU_Industrial_table_SIC_NAICs"
"MO","NA","GW",NA,"NA","OZARK DEVELOPMENT CORPORATION","NA",NA,"NA","NA",NA,"NA",NA,"NA",NA,"NA","","NA","NA","NA","NA",NA,NA,"NA",NA,"1112 N Minnesota Avenue","West Plains","NA",NA,NA,"NA",NA,NA,"36.882640000000002","-91.907309999999995","NA",NA,NA,NA,NA,NA,NA,NA,NA,NA,NA,NA,NA,NA,"NA","NA",NA,"NA","NA",NA,NA,NA,NA,NA,NA,NA,NA,NA,NA,NA,NA,NA,NA,NA,NA,NA,NA,NA,NA,NA,NA,NA,NA,NA,NA,NA,NA,NA,NA,NA,"Industrial_DataSummary_By_LEE.xlsx$WU_Industrial_table_SIC_NAICs"
"MO","NA","GW",NA,"NA","PANHANDLE EASTERN PIPELINE COMPANY","NA",NA,"NA","NA",NA,"NA",NA,"NA",NA,"NA","4922","NA","NA","NA","NA",NA,NA,"NA",NA,"16076 Highway T","Lamonte","NA",NA,NA,"NA",NA,NA,"38.847000000000001","-93.364159999999998","NA",NA,NA,NA,NA,NA,NA,NA,NA,NA,NA,NA,NA,NA,"NA","NA",NA,"NA","NA",NA,NA,NA,NA,NA,NA,NA,NA,NA,NA,NA,NA,NA,NA,NA,NA,NA,NA,NA,NA,NA,NA,NA,NA,NA,NA,NA,NA,NA,NA,NA,"Industrial_DataSummary_By_LEE.xlsx$WU_Industrial_table_SIC_NAICs"
"MO","NA","GW",NA,"NA","PAUL MUELLER COMPANY","NA","PAUL MUELLER COMPANY","NA","NA",NA,"NA",NA,"NA",NA,"NA","4613 (refined petroleum pipelines); 3556 (food products machinery)","NA","NA","NA","NA",NA,NA,"NA",NA,"1600 W Phelps St","Springfield","NA","MO",NA,"NA","Springfield",NA,"37.213389999999997","-93.314390000000003","NA",NA,NA,NA,NA,NA,NA,NA,NA,NA,NA,NA,NA,NA,"NA","NA",NA,"NA","NA",NA,NA,"P_43710","MOG670405","PAUL MUELLER CO.","1600 WEST PHELPS STREET","1600 W PHELPS ST","UPDATED","SPRINGFIELD","MO","GREENE","65802","GOOD","(417) 831-3000","37.2127248","-93.312549","331111","IRON AND STEEL MILLS","3312","NA","29077","950","NA","NA","NA","NA","65802 _ (417) 831-3000","SPRINGFIELD_1600 W PHELPS ST","PinPt","Pin, Bus, FRS, NPDES","N","Industrial_DataSummary_By_LEE.xlsx$WU_Industrial_table_SIC_NAICs, USEPA_HIFLD_EIA_PPP_facility_v6.csv"
"MO","NA","GW",NA,"NA","PCS PHOSPHATE JOPLIN PLANT","NA",NA,"NA","NA",NA,"NA",NA,"NA",NA,"NA","","NA","NA","NA","NA",NA,NA,"NA",NA,"NA","Joplin","NA",NA,NA,"NA",NA,NA,"37.093299999999999","-94.617199999999997","NA",NA,NA,NA,NA,NA,NA,NA,NA,NA,NA,NA,NA,NA,"NA","NA",NA,"NA","NA",NA,NA,NA,NA,NA,NA,NA,NA,NA,NA,NA,NA,NA,NA,NA,NA,NA,NA,NA,NA,NA,NA,NA,NA,NA,NA,NA,NA,NA,NA,NA,"Industrial_DataSummary_By_LEE.xlsx$WU_Industrial_table_SIC_NAICs"
"MO","NA","GW",NA,"NA","PEA RIDGE RESOURCES","NA",NA,"NA","NA",NA,"NA",NA,"NA",NA,"NA","1011","NA","NA","NA","NA",NA,NA,"NA",NA,"11199 State Highway Ee","Sullivan","NA",NA,NA,"NA",NA,NA,"NA","NA","NA",NA,NA,NA,NA,NA,NA,NA,NA,NA,NA,NA,NA,NA,"NA","NA",NA,"NA","NA",NA,NA,NA,NA,NA,NA,NA,NA,NA,NA,NA,NA,NA,NA,NA,NA,NA,NA,NA,NA,NA,NA,NA,NA,NA,NA,NA,NA,NA,NA,NA,"Industrial_DataSummary_By_LEE.xlsx$WU_Industrial_table_SIC_NAICs"
"MO","NA","GW",NA,"NA","POET BIOREFINING LADDONIA LIMITED LIABILITY COMPANY","NA","POET BIOREFINING LADDONIA LIMITED LIABILITY COMPANY","NA","NA",NA,"NA",NA,"NA",NA,"NA","1629","NA","NA","NA","NA",NA,NA,"NA",NA,"809 N Pine St","Laddonia","NA","MO",NA,"NA","Laddonia",NA,"39.250278000000002","-91.642499999999998","NA",NA,NA,NA,NA,NA,NA,NA,NA,NA,NA,NA,NA,NA,"NA","NA",NA,"NA","NA",NA,NA,"E_110028713952","NA","POET BIOREFINING - LADDONIA LLC","809 NORTH PINE STREET","809 N PINE ST","UPDATED","LADDONIA","MO","AUDRAIN","63352","GOOD","(573) 373-3304","39.24804","-91.64534","325193","ETHYL ALCOHOL MANUFACTURING.","NA","NA","NA","NA","NA","NA","NA","NA","63352 _ (573) 373-3304","LADDONIA_809 N PINE ST","FRS","FRS","N","Industrial_DataSummary_By_LEE.xlsx$WU_Industrial_table_SIC_NAICs, USEPA_HIFLD_EIA_PPP_facility_v6.csv"
"MO","NA","GW",NA,"NA","PRAXAIR INCORPORATED","NA","PRAXAIR INCORPORATED","NA","NA",NA,"NA",NA,"NA",NA,"NA","2813","NA","NA","NA","NA",NA,NA,"NA",NA,"1601 Industrial Dr","Neosho","NA","MO",NA,"NA","Neosho",NA,"36.835555999999997","-94.391943999999995","NA",NA,NA,NA,NA,NA,NA,NA,NA,NA,NA,NA,NA,NA,"NA","NA",NA,"NA","NA",NA,NA,"P_40359","NA","PRAXAIR, INC.","1601 INDUSTRIAL DRIVE","1601 INDUSTRIAL DR","UPDATED","NEOSHO","MO","NEWTON","64850","GOOD","(417) 451-2442","36.836085","-94.3907419","325120","INDUSTRIAL GAS MANUFACTURING","2813","NA","29145","16","24","0","0","NA","64850 _ (417) 451-2442","NEOSHO_1601 INDUSTRIAL DR","PinPt","Pin, Bus, DB, FRS and/or NPDES","N","Industrial_DataSummary_By_LEE.xlsx$WU_Industrial_table_SIC_NAICs, USEPA_HIFLD_EIA_PPP_facility_v6.csv"
"MO","NA","GW",NA,"NA","PROCTER AND GAMBLE PAPER PROD COMPANY","NA","PROCTER AND GAMBLE PLANT","NA","NA",NA,"NA",NA,"NA",NA,"NA","1629","NA","NA","NA","NA",NA,NA,"NA",NA,"14484 State Highway 177","Jackson","NA","MO",NA,"NA","Jackson",NA,"37.479880000000001","-89.514300000000006","NA",NA,NA,NA,NA,NA,NA,NA,NA,NA,NA,NA,NA,NA,"NA","NA",NA,"NA","NA",NA,NA,"B_309361","MO0044121","Procter & Gamble Plant","14484 STATE HIGHWAY 177","14484 STATE HIGHWAY 177","OK","JACKSON","MO","CAPE GIRARDEAU","63755","GOOD","NA","37.484705","-89.510625","3339","Other General Purpose Machinery Manufacturing","NA","NA","29031","NA","NA","NA","NA","NA","NA","JACKSON_14484 STATE HIGHWAY 177","BusPt","Bus, FRS and/or NPDES","N","Industrial_DataSummary_By_LEE.xlsx$WU_Industrial_table_SIC_NAICs, USEPA_HIFLD_EIA_PPP_facility_v6.csv"
"MO","NA","GW",NA,"NA","PROCTER AND GAMBLE PAPER PROD COMPANY","NA","PROCTER ANDAMP GAMBLE PAPER PRODUCTS COMPANY","NA","NA",NA,"NA",NA,"NA",NA,"NA","1629","NA","NA","NA","NA",NA,NA,"NA",NA,"14484 State Highway 177","Jackson","NA","MO",NA,"NA","Jackson",NA,"37.479880000000001","-89.514300000000006","NA",NA,NA,NA,NA,NA,NA,NA,NA,NA,NA,NA,NA,NA,"NA","NA",NA,"NA","NA",NA,NA,"E_110070081837","NA","PROCTER &AMP; GAMBLE PAPER PRODUCTS CO","14484 STATE HIGHWAY 177","14484 STATE HIGHWAY 177","OK","JACKSON","MO","CAPE GIRARDEAU","63755","GOOD","NA","NA","NA","322121","PAPER (EXCEPT NEWSPRINT) MILLS.","NA","NA","NA","NA","NA","NA","NA","NA","NA","JACKSON_14484 STATE HIGHWAY 177","NA","FRS","Y","Industrial_DataSummary_By_LEE.xlsx$WU_Industrial_table_SIC_NAICs, USEPA_HIFLD_EIA_PPP_facility_v6.csv"
"MO","NA","GW",NA,"NA","PTG INVESTMENTS LIMITED LIABILITY COMPANY","NA","SAINT LOUIS COMPOSTING INCORPORATED","NA","NA",NA,"NA",NA,"NA",NA,"325314","2875","NA","NA","NA","NA",NA,NA,"NA",NA,"39 Old Elam Avenue","Valley Park","NA","MO",NA,"NA","Valley Park",NA,"38.483020000000003","-90.703630000000004","NA",NA,NA,NA,NA,NA,NA,NA,NA,NA,NA,NA,NA,NA,"NA","NA",NA,"NA","NA",NA,NA,"P_71452","NA","SAINT LOUIS COMPOSTING, INC.","39 OLD ELAM AVENUE","39 OLD ELAM AVENUE","OK","VALLEY PARK","MO","ST LOUIS","63088","GOOD","(636) 861-3344","38.5414935","-90.4969812","325314","FERTILIZER (MIXING ONLY) MANUFACTURING","2875","NA","29189","21","NA","NA","NA","63","63088 _ (636) 861-3344","VALLEY PARK_39 OLD ELAM AVENUE","PinPt","Pin, Bus, PPP","N","Industrial_DataSummary_By_LEE.xlsx$WU_Industrial_table_SIC_NAICs, USEPA_HIFLD_EIA_PPP_facility_v6.csv"
"MO","NA","GW",NA,"NA","PURI ANIMAL NUTRITION CENTER","NA","PURINA ANIMAL NUTRITION CENTER","NA","NA",NA,"NA",NA,"NA",NA,"NA","0241 0211 0271 0213 (Beef Cattle Feedlots; Dairy Farms; Fur-Bearing Animals And Rabbits; Hogs)","NA","NA","NA","NA",NA,NA,"NA",NA,"100 Danforth Dr","Gray Summit","NA","MO",NA,"NA","Gray Summit",NA,"38.495609999999999","-90.837190000000007","NA",NA,NA,NA,NA,NA,NA,NA,NA,NA,NA,NA,NA,NA,"NA","NA",NA,"NA","NA",NA,NA,"E_110003948122","MOR130063","PURINA ANIMAL NUTRITION CENTER","100 DANFORTH DRIVE","100 DANFORTH DR","UPDATED","GRAY SUMMIT","MO","FRANKLIN","63039-1128","DIFF","NA","38.493561","-90.830075","311119","OTHER ANIMAL FOOD MANUFACTURING.","NA","NA","NA","NA","NA","NA","NA","NA","NA","GRAY SUMMIT_100 DANFORTH DR","FRS","FRS, NPDES","N","Industrial_DataSummary_By_LEE.xlsx$WU_Industrial_table_SIC_NAICs, USEPA_HIFLD_EIA_PPP_facility_v6.csv"
"MO","NA","GW",NA,"NA","RDE WATER COMPANY","NA",NA,"NA","NA",NA,"NA",NA,"NA",NA,"NA","","NA","NA","NA","NA",NA,NA,"NA",NA,"1770 N Deffer Dr Suite 4","Nixa","NA",NA,NA,"NA",NA,NA,"37.080309999999997","-93.302499999999995","NA",NA,NA,NA,NA,NA,NA,NA,NA,NA,NA,NA,NA,NA,"NA","NA",NA,"NA","NA",NA,NA,NA,NA,NA,NA,NA,NA,NA,NA,NA,NA,NA,NA,NA,NA,NA,NA,NA,NA,NA,NA,NA,NA,NA,NA,NA,NA,NA,NA,NA,"Industrial_DataSummary_By_LEE.xlsx$WU_Industrial_table_SIC_NAICs"
"MO","NA","GW",NA,"NA","REICHHOLD LIMITED LIABILITY COMPANY 2","NA","REICHHOLD LIMITED LIABILITY COMPANY 2 VALLEY PARK","NA","NA",NA,"NA",NA,"NA",NA,"325211","2821","NA","NA","NA","NA",NA,NA,"NA",NA,"249 St Louis Avenue","Valley Park","NA","MO",NA,"NA","Valley Park",NA,"38.550060000000002","-90.488560000000007","NA",NA,NA,NA,NA,NA,NA,NA,NA,NA,NA,NA,NA,NA,"NA","NA",NA,"NA","NA",NA,NA,"E_110000440620","MO0001341","REICHHOLD LLC 2 VALLEY PARK","249 ST. LOUIS AVE","249 ST LOUIS AVENUE","UPDATED","VALLEY PARK","MO","ST. LOUIS","63088","GOOD","(847) 551-3240","38.550114","-90.487472","32521","RESIN AND SYNTHETIC RUBBER MANUFACTURING","NA","NA","NA","NA","NA","NA","NA","NA","63088 _ (847) 551-3240","VALLEY PARK_249 ST LOUIS AVENUE","FRS","FRS, NPDES","N","Industrial_DataSummary_By_LEE.xlsx$WU_Industrial_table_SIC_NAICs, USEPA_HIFLD_EIA_PPP_facility_v6.csv"
"MO","NA","GW",NA,"NA","RIVER CEMENT COMPANY DBA BUZZI UNICEM USA","NA",NA,"NA","NA",NA,"NA",NA,"NA",NA,"NA","1629","NA","NA","NA","NA",NA,NA,"NA",NA,"1000 River Cement Road","Festus","NA",NA,NA,"NA",NA,NA,"38.181980000000003","-90.335279999999997","NA",NA,NA,NA,NA,NA,NA,NA,NA,NA,NA,NA,NA,NA,"NA","NA",NA,"NA","NA",NA,NA,NA,NA,NA,NA,NA,NA,NA,NA,NA,NA,NA,NA,NA,NA,NA,NA,NA,NA,NA,NA,NA,NA,NA,NA,NA,NA,NA,NA,NA,"Industrial_DataSummary_By_LEE.xlsx$WU_Industrial_table_SIC_NAICs"
"MO","NA","SW",NA,"NA","ROCKIES EXPRESS PIPELINE LIMITED LIABILITY COMPANY EAST PROJECT","NA",NA,"NA","NA",NA,"NA",NA,"NA",NA,"NA","","NA","NA","NA","NA",NA,NA,"NA",NA,"370 Van Gordon St","Lakewood","NA",NA,NA,"NA",NA,NA,"NA","NA","NA",NA,NA,NA,NA,NA,NA,NA,NA,NA,NA,NA,NA,NA,"NA","NA",NA,"NA","NA",NA,NA,NA,NA,NA,NA,NA,NA,NA,NA,NA,NA,NA,NA,NA,NA,NA,NA,NA,NA,NA,NA,NA,NA,NA,NA,NA,NA,NA,NA,NA,"Industrial_DataSummary_By_LEE.xlsx$WU_Industrial_table_SIC_NAICs"
"MO","NA","GW",NA,"NA","ROYAL OAK ENTERPRISES LIMITED LIABILITY COMPANY BRANSON","NA","ROYAL OAK ENTERPRISES INCORPORATED","NA","NA",NA,"NA",NA,"NA",NA,"425120 (gum and wood chemicals)","2861 - gum and wood chemicals; 2491 wood preserving","NA","NA","NA","NA",NA,NA,"NA",NA,"150 Royal Oak Dr","Branson","NA","MO",NA,"NA","Branson",NA,"36.660249999999998","-93.267870000000002","NA",NA,NA,NA,NA,NA,NA,NA,NA,NA,NA,NA,NA,NA,"NA","NA",NA,"NA","NA",NA,NA,"P_43663","NA","ROYAL OAK ENTERPRISES, INC.","150 ROYAL OAK DRIVE","150 ROYAL OAK DR","UPDATED","BRANSON","MO","TANEY","65616","GOOD","(417) 334-4195","36.6595737","-93.2677231","325191","GUM AND WOOD CHEMICAL MANUFACTURING","2819","NA","29213","60","60","0","0","NA","65616 _ (417) 334-4195","BRANSON_150 ROYAL OAK DR","PinPt","Pin, Bus, DB, FRS","N","Industrial_DataSummary_By_LEE.xlsx$WU_Industrial_table_SIC_NAICs, USEPA_HIFLD_EIA_PPP_facility_v6.csv"
"MO","NA","SW",NA,"NA","SCHMUTZLER FARMS","NA",NA,"NA","NA",NA,"NA",NA,"NA",NA,"NA","","NA","NA","NA","NA",NA,NA,"NA",NA,"9801 Mari Road","Jefferson City","NA",NA,NA,"NA",NA,NA,"38.505000000000003","-92.012","NA",NA,NA,NA,NA,NA,NA,NA,NA,NA,NA,NA,NA,NA,"NA","NA",NA,"NA","NA",NA,NA,NA,NA,NA,NA,NA,NA,NA,NA,NA,NA,NA,NA,NA,NA,NA,NA,NA,NA,NA,NA,NA,NA,NA,NA,NA,NA,NA,NA,NA,"Industrial_DataSummary_By_LEE.xlsx$WU_Industrial_table_SIC_NAICs"
"MO","NA","GW",NA,"NA","SHOW ME ETHANOL LIMITED LIABILITY COMPANY","NA","SHOW ME ETHANOL LIMITED LIABILITY COMPANY","NA","NA",NA,"NA",NA,"NA",NA,"NA","2869 (industrial organic chemicals); 1629 (heavy construction)","NA","NA","NA","NA",NA,NA,"NA",NA,"26530 Highway 24 E","Carrollton","NA","MO",NA,"NA","Carrollton",NA,"39.365693999999998","-93.450282999999999","NA",NA,NA,NA,NA,NA,NA,NA,NA,NA,NA,NA,NA,NA,"NA","NA",NA,"NA","NA",NA,NA,"E_110037500362","MO0134198","SHOW ME ETHANOL LLC","26530 E HWY 24","26530 E HIGHWAY 24","UPDATED","CARROLLTON","MO","CARROLL","64633-8461","DIFF","NA","39.36314","-93.45364","325193","ETHYL ALCOHOL MANUFACTURING.","NA","NA","NA","NA","NA","NA","NA","NA","64633 _","CARROLLTON_26530 E HIGHWAY 24","FRS","FRS, NPDES","N","Industrial_DataSummary_By_LEE.xlsx$WU_Industrial_table_SIC_NAICs, USEPA_HIFLD_EIA_PPP_facility_v6.csv"
"MO","NA","GW",NA,"NA","SIMMONS FOODS INCORPORATED","NA","SIMMONS FOODS INCORPORATED","NA","NA",NA,"NA",NA,"NA",NA,"NA","1629","NA","NA","NA","NA",NA,NA,"NA",NA,"10700 S State Highway 43","Southwest City","NA","MO",NA,"NA","South West City",NA,"36.534039999999997","-94.606780000000001","NA",NA,NA,NA,NA,NA,NA,NA,NA,NA,NA,NA,NA,NA,"NA","NA",NA,"NA","NA",NA,NA,"P_40358 _OR_ E_110070334069","NA","SIMMONS FOODS, INC. _OR_ SIMMONS FOODS INC.","10700 SOUTH MO 43 _OR_ 10700 S MO HWY 43","10700 S MO 43 _OR_ 10700 S MO HIGHWAY 43","UPDATED","SOUTH WEST CITY","MO","MCDONALD _OR_ NA","64863","GOOD","(417) 762-3001 _OR_ NA","36.5437976 _OR_ NA","-94.5979045 _OR_ NA","311615","POULTRY PROCESSING _OR_ POULTRY PROCESSING.","2015 _OR_ NA","NA","29119 _OR_ NA","1300 _OR_ NA","NA","NA","NA","NA","64863 _ (417) 762-3001 _OR_ NA","SOUTH WEST CITY_10700 S MO 43 _OR_ SOUTH WEST CITY_10700 S MO HIGHWAY 43","PinPt _OR_ NA","Pin, Bus _OR_ FRS","N _OR_ Y","Industrial_DataSummary_By_LEE.xlsx$WU_Industrial_table_SIC_NAICs, USEPA_HIFLD_EIA_PPP_facility_v6.csv"
"MO","NA","SW",NA,"NA","SMITHFIELD FRESH MEATS CORPORATION","NA","FARMLAND FOODS INCORPORATED","NA","NA",NA,"NA",NA,"NA",NA,"311611","2011;2013","NA","NA","NA","NA",NA,NA,"NA",NA,"22123 Highway 5","Milan","NA","MO",NA,"NA","Milan",NA,"40.224980000000002","-93.117890000000003","NA",NA,NA,NA,NA,NA,NA,NA,NA,NA,NA,NA,NA,NA,"NA","NA",NA,"NA","NA",NA,NA,"P_39721","MO0115487","FARMLAND FOODS, INC.","22123 HIGHWAY 5","22123 HIGHWAY 5","OK","MILAN","MO","SULLIVAN","63556","GOOD","(660) 265-4061","40.2129374","-93.1124087","311611","ANIMAL (EXCEPT POULTRY) SLAUGHTERING","2011","NA","29211","975","NA","NA","NA","NA","63556 _ (660) 265-4061","MILAN_22123 HIGHWAY 5","PinPt","Pin, Bus, FRS and/or NPDES","N","Industrial_DataSummary_By_LEE.xlsx$WU_Industrial_table_SIC_NAICs, USEPA_HIFLD_EIA_PPP_facility_v6.csv"
"MO","NA","SW",NA,"NA","SMITHFIELD FRESH MEATS CORPORATION","NA","SMITHFIELD FARMLAND FOODS","NA","NA",NA,"NA",NA,"NA",NA,"311611","2011;2013","NA","NA","NA","NA",NA,NA,"NA",NA,"22123 Highway 5","Milan","NA","MO",NA,"NA","Milan",NA,"40.224980000000002","-93.117890000000003","NA",NA,NA,NA,NA,NA,NA,NA,NA,NA,NA,NA,NA,NA,"NA","NA",NA,"NA","NA",NA,NA,"E_110070296641","NA","SMITHFIELD FARMLAND FOODS","22123 HIGHWAY 5","22123 HIGHWAY 5","OK","MILAN","MO","NA","63556","GOOD","NA","NA","NA","311611","ANIMAL (EXCEPT POULTRY) SLAUGHTERING.","NA","NA","NA","NA","NA","NA","NA","NA","NA","MILAN_22123 HIGHWAY 5","NA","FRS","Y","Industrial_DataSummary_By_LEE.xlsx$WU_Industrial_table_SIC_NAICs, USEPA_HIFLD_EIA_PPP_facility_v6.csv"
"MO","NA","SW",NA,"NA","SMITHFIELD FRESH MEATS CORPORATION","NA","SMITHFIELD FOOD","NA","NA",NA,"NA",NA,"NA",NA,"311611","2011;2013","NA","NA","NA","NA",NA,NA,"NA",NA,"22123 Highway 5","Milan","NA","MO",NA,"NA","Milan",NA,"40.224980000000002","-93.117890000000003","NA",NA,NA,NA,NA,NA,NA,NA,NA,NA,NA,NA,NA,NA,"NA","NA",NA,"NA","NA",NA,NA,"E_110070307945","NA","SMITHFIELD FOOD","22123 HWY 5","22123 HIGHWAY 5","UPDATED","MILAN","MO","NA","63556","GOOD","NA","NA","NA","311611","ANIMAL (EXCEPT POULTRY) SLAUGHTERING.","NA","NA","NA","NA","NA","NA","NA","NA","NA","MILAN_22123 HIGHWAY 5","NA","FRS","Y","Industrial_DataSummary_By_LEE.xlsx$WU_Industrial_table_SIC_NAICs, USEPA_HIFLD_EIA_PPP_facility_v6.csv"
"MO","NA","SW",NA,"NA","SMITHFIELD FRESH MEATS CORPORATION","NA","SMITHFIELD FOODS INCORPORATED","NA","NA",NA,"NA",NA,"NA",NA,"311611","2011;2013","NA","NA","NA","NA",NA,NA,"NA",NA,"22123 Highway 5","Milan","NA","MO",NA,"NA","Milan",NA,"40.224980000000002","-93.117890000000003","NA",NA,NA,NA,NA,NA,NA,NA,NA,NA,NA,NA,NA,NA,"NA","NA",NA,"NA","NA",NA,NA,"E_110070306412","NA","SMITHFIELD FOODS INC","22123 HIGHWAY 5","22123 HIGHWAY 5","OK","MILAN","MO","NA","63556","GOOD","NA","NA","NA","311991","PERISHABLE PREPARED FOOD MANUFACTURING.","NA","NA","NA","NA","NA","NA","NA","NA","NA","MILAN_22123 HIGHWAY 5","NA","FRS","Y","Industrial_DataSummary_By_LEE.xlsx$WU_Industrial_table_SIC_NAICs, USEPA_HIFLD_EIA_PPP_facility_v6.csv"
"MO","NA","GW",NA,"NA","SMITHFIELD HOG PRODUCTION","NA",NA,"NA","NA",NA,"NA",NA,"NA",NA,"NA","","NA","NA","NA","NA",NA,NA,"NA",NA,"17999 Us Highway 65","Princeton","NA",NA,NA,"NA",NA,NA,"39.953600000000002","-93.917199999999994","NA",NA,NA,NA,NA,NA,NA,NA,NA,NA,NA,NA,NA,NA,"NA","NA",NA,"NA","NA",NA,NA,NA,NA,NA,NA,NA,NA,NA,NA,NA,NA,NA,NA,NA,NA,NA,NA,NA,NA,NA,NA,NA,NA,NA,NA,NA,NA,NA,NA,NA,"Industrial_DataSummary_By_LEE.xlsx$WU_Industrial_table_SIC_NAICs"
"MO","NA","GW",NA,"NA","SOLO CUP COMPANY INCORPORATED","NA",NA,"NA","NA",NA,"NA",NA,"NA",NA,"NA","1629 (heavy construction); 6512 (nonresidential building operators)","NA","NA","NA","NA",NA,NA,"NA",NA,"NA","Springfield","NA",NA,NA,"NA",NA,NA,"37.218499999999999","-93.258110000000002","NA",NA,NA,NA,NA,NA,NA,NA,NA,NA,NA,NA,NA,NA,"NA","NA",NA,"NA","NA",NA,NA,NA,NA,NA,NA,NA,NA,NA,NA,NA,NA,NA,NA,NA,NA,NA,NA,NA,NA,NA,NA,NA,NA,NA,NA,NA,NA,NA,NA,NA,"Industrial_DataSummary_By_LEE.xlsx$WU_Industrial_table_SIC_NAICs"
"MO","NA","GW",NA,"NA","SRC ELECTRICAL LIMITED LIABILITY COMPANY","NA","GE MOTORS BY REGAL BELOIT CORPORATION","NA","NA",NA,"NA",NA,"NA",NA,"NA","3694 (engine eletrical equipment); 3499 (fabricated metal products)","NA","NA","NA","NA",NA,NA,"NA",NA,"2401 E Sunshine St","Springfield","NA","MO",NA,"NA","Springfield",NA,"37.183500000000002","-93.246809999999996","NA",NA,NA,NA,NA,NA,NA,NA,NA,NA,NA,NA,NA,NA,"NA","NA",NA,"NA","NA",NA,NA,"P_43746","NA","GE MOTORS BY REGAL BELOIT CORP.","2401 EAST SUNSHINE STREET","2401 E SUNSHINE ST","UPDATED","SPRINGFIELD","MO","GREENE","65804","GOOD","(417) 875-7000","37.1813516","-93.2484898","335312","MOTOR AND GENERATOR MANUFACTURING","3621","NA","29077","550","NA","NA","NA","NA","65804 _ (417) 875-7000","SPRINGFIELD_2401 E SUNSHINE ST","PinPt","Pin, Bus","N","Industrial_DataSummary_By_LEE.xlsx$WU_Industrial_table_SIC_NAICs, USEPA_HIFLD_EIA_PPP_facility_v6.csv"
"MO","NA","GW",NA,"NA","SUMMIT PROPPANTS INCORPORATED","NA",NA,"NA","NA",NA,"NA",NA,"NA",NA,"NA","","NA","NA","NA","NA",NA,NA,"NA",NA,"6582 Beaver Dam Road","Cromwell","NA",NA,NA,"NA",NA,NA,"37.811433000000001","-90.357819000000006","NA",NA,NA,NA,NA,NA,NA,NA,NA,NA,NA,NA,NA,NA,"NA","NA",NA,"NA","NA",NA,NA,NA,NA,NA,NA,NA,NA,NA,NA,NA,NA,NA,NA,NA,NA,NA,NA,NA,NA,NA,NA,NA,NA,NA,NA,NA,NA,NA,NA,NA,"Industrial_DataSummary_By_LEE.xlsx$WU_Industrial_table_SIC_NAICs"
"MO","NA","GW",NA,"NA","TABLE ROCK ASPHALT COMPANY","NA","TABLE ROCK ASPHALT CONSTRUCTION COMPANY INCORPORATED","NA","NA",NA,"NA",NA,"NA",NA,"NA","","NA","NA","NA","NA",NA,NA,"NA",NA,"310 N Commercial","Branson","NA","MO",NA,"NA","Branson",NA,"36.681730000000002","-93.25018","NA",NA,NA,NA,NA,NA,NA,NA,NA,NA,NA,NA,NA,NA,"NA","NA",NA,"NA","NA",NA,NA,"PP_3183837100","NA","TABLE ROCK ASPHALT CONSTRUCTION CO INC","310 N. COMMERCIAL","310 N COMMERCIAL","UPDATED","BRANSON","MO","TANEY","65616","GOOD","NA","36.6455247684587","-93.2168331948448","324121","NA","NA","NA","NA","NA","NA","NA","NA","75","NA","BRANSON_310 N COMMERCIAL","OSM","PPP","N","Industrial_DataSummary_By_LEE.xlsx$WU_Industrial_table_SIC_NAICs, USEPA_HIFLD_EIA_PPP_facility_v6.csv"
"MO","NA","GW",NA,"NA","TAMKO BUILDING PRODUCTS LIMITED LIABILITY COMPANY","NA","TAMKO BUILDING PRODUCTS LIMITED LIABILITY COMPANY","NA","NA",NA,"NA",NA,"NA",NA,"NA","1629- heavy construction; 1422 - crushed and broken limestone, 2952","NA","NA","NA","NA",NA,NA,"NA",NA,"601 N High Avenue, 3001 Newman Road","Joplin","NA","MO",NA,"NA","Fenton",NA,"37.098610999999998","-94.498333000000002","NA",NA,NA,NA,NA,NA,NA,NA,NA,NA,NA,NA,NA,NA,"NA","NA",NA,"NA","NA",NA,NA,"E_110070665042","NA","TAMKO BUILDING PRODUCTS LLC","425 N HIGHWAY DR","425 N HIGHWAY DR","OK","FENTON","MO","ST LOUIS","63026-2516","DIFF","(417) 624-6644","38.54313","-90.44543","324122","ASPHALT SHINGLE AND COATING MATERIALS MANUFACTURING.","NA","NA","NA","NA","NA","NA","NA","NA","63026 _ (417) 624-6644","FENTON_425 N HIGHWAY DR","FRS","FRS","N","Industrial_DataSummary_By_LEE.xlsx$WU_Industrial_table_SIC_NAICs, USEPA_HIFLD_EIA_PPP_facility_v6.csv"
"MO","NA","GW",NA,"NA","TANNER SEED","NA",NA,"NA","NA",NA,"NA",NA,"NA",NA,"NA","","NA","NA","NA","NA",NA,NA,"NA",NA,"2843 County Road 675","Bernie","NA",NA,NA,"NA",NA,NA,"36.746000000000002","-90.108999999999995","NA",NA,NA,NA,NA,NA,NA,NA,NA,NA,NA,NA,NA,NA,"NA","NA",NA,"NA","NA",NA,NA,NA,NA,NA,NA,NA,NA,NA,NA,NA,NA,NA,NA,NA,NA,NA,NA,NA,NA,NA,NA,NA,NA,NA,NA,NA,NA,NA,NA,NA,"Industrial_DataSummary_By_LEE.xlsx$WU_Industrial_table_SIC_NAICs"
"MO","NA","GW",NA,"NA","THE DOE RUN COMPANY","NA","THE DOE RUN COMPANY","NA","NA",NA,"NA",NA,"NA",NA,"NA","1629 (heavy construction)","NA","NA","NA","NA",NA,NA,"NA",NA,"881 Main St","Herculaneum","NA","MO",NA,"NA","Herculaneum",NA,"38.262500000000003","-90.373099999999994","NA",NA,NA,NA,NA,NA,NA,NA,NA,NA,NA,NA,NA,NA,"NA","NA",NA,"NA","NA",NA,NA,"E_110070272085","NA","THE DOE RUN COMPANY","P. O. BOX 158","P. O. BOX 158","CHECK","HERCULANEUM","MO","NA","63048","GOOD","NA","NA","NA","NA","PRIMARY SMELTING AND REFINING OF NONFERROUS METALS, EXCEPT COPPER AND ALUMINUM","3339","NA","NA","NA","NA","NA","NA","NA","NA","HERCULANEUM_P. O. BOX 158","NA","FRS","Y","Industrial_DataSummary_By_LEE.xlsx$WU_Industrial_table_SIC_NAICs, USEPA_HIFLD_EIA_PPP_facility_v6.csv"
"MO","NA","GW",NA,"NA","THE DOE RUN COMPANY GLOVER","NA",NA,"NA","NA",NA,"NA",NA,"NA",NA,"212231","1629","NA","NA","NA","NA",NA,NA,"NA",NA,"NA","Viburnum","NA",NA,NA,"NA",NA,NA,"37.485149999999997","-90.700479999999999","NA",NA,NA,NA,NA,NA,NA,NA,NA,NA,NA,NA,NA,NA,"NA","NA",NA,"NA","NA",NA,NA,NA,NA,NA,NA,NA,NA,NA,NA,NA,NA,NA,NA,NA,NA,NA,NA,NA,NA,NA,NA,NA,NA,NA,NA,NA,NA,NA,NA,NA,"Industrial_DataSummary_By_LEE.xlsx$WU_Industrial_table_SIC_NAICs"
"MO","NA","SW",NA,"NA","THE MASCHHOFFS LIMITED LIABILITY COMPANY OLD OAKS SOW FARM","NA",NA,"NA","NA",NA,"NA",NA,"NA",NA,"NA","","NA","NA","NA","NA",NA,NA,"NA",NA,"7475 St Rt. 127","Carlyle","NA",NA,NA,"NA",NA,NA,"40.0702","-94.156199999999998","NA",NA,NA,NA,NA,NA,NA,NA,NA,NA,NA,NA,NA,NA,"NA","NA",NA,"NA","NA",NA,NA,NA,NA,NA,NA,NA,NA,NA,NA,NA,NA,NA,NA,NA,NA,NA,NA,NA,NA,NA,NA,NA,NA,NA,NA,NA,NA,NA,NA,NA,"Industrial_DataSummary_By_LEE.xlsx$WU_Industrial_table_SIC_NAICs"
"MO","NA","GW",NA,"NA","TIOL BEEF LEATHERS","NA","PRIME TANNING CORPORATION ST JOSEPH","NA","NA",NA,"NA",NA,"NA",NA,"316110; 238910","3111 (leather tanning and finishing); 1629 (heavy construction)","NA","NA","NA","NA",NA,NA,"NA",NA,"205 Florence Road","St. Joseph","NA","MO",NA,"NA","St. Joseph",NA,"39.738889","-94.860277999999994","NA",NA,NA,NA,NA,NA,NA,NA,NA,NA,NA,NA,NA,NA,"NA","NA",NA,"NA","NA",NA,NA,"E_110000443538","MO0136221","PRIME TANNING CORP-ST  JOSEPH","205 FLORENCE RD","205 FLORENCE ROAD","UPDATED","ST. JOSEPH","MO","BUCHANAN","64502","GOOD","(816) 713-8552","39.7365","-94.85845","31611","LEATHER AND HIDE TANNING AND FINISHING","NA","NA","NA","NA","NA","NA","NA","NA","64502 _ (816) 713-8552","ST. JOSEPH_205 FLORENCE ROAD","FRS","FRS, NPDES","N","Industrial_DataSummary_By_LEE.xlsx$WU_Industrial_table_SIC_NAICs, USEPA_HIFLD_EIA_PPP_facility_v6.csv"
"MO","NA","GW",NA,"NA","TNEMEC COMPANY INCORPORATED","NA","TNEMEC COMPANY INCORPORATED","NA","NA",NA,"NA",NA,"NA",NA,"NA","2851, 325510","NA","NA","NA","NA",NA,NA,"NA",NA,"123 W 23rd Avenue","North Kansas City","NA","MO",NA,"NA","North Kansas City",NA,"39.144979999999997","-94.581969999999998","NA",NA,NA,NA,NA,NA,NA,NA,NA,NA,NA,NA,NA,NA,"NA","NA",NA,"NA","NA",NA,NA,"P_42654","MOR23A003","TNEMEC CO., INC.","123 WEST 23RD AVENUE","123 W 23RD AVENUE","UPDATED","NORTH KANSAS CITY","MO","CLAY","64116","GOOD","(816) 474-3400","39.1448887","-94.5816363","325510","PAINT AND COATING MANUFACTURING","3479","NA","29047","150","NA","NA","NA","NA","64116 _ (816) 474-3400","NORTH KANSAS CITY_123 W 23RD AVENUE","PinPt","Pin, Bus, FRS, NPDES","N","Industrial_DataSummary_By_LEE.xlsx$WU_Industrial_table_SIC_NAICs, USEPA_HIFLD_EIA_PPP_facility_v6.csv"
"MO","NA","GW",NA,"NA","TYSON CHICKEN INCORPORATED","NA",NA,"NA","NA",NA,"NA",NA,"NA",NA,"NA","4231","NA","NA","NA","NA",NA,NA,"NA",NA,"NA","Noel","NA",NA,NA,"NA",NA,NA,"36.55491","-94.490780000000001","NA",NA,NA,NA,NA,NA,NA,NA,NA,NA,NA,NA,NA,NA,"NA","NA",NA,"NA","NA",NA,NA,NA,NA,NA,NA,NA,NA,NA,NA,NA,NA,NA,NA,NA,NA,NA,NA,NA,NA,NA,NA,NA,NA,NA,NA,NA,NA,NA,NA,NA,"Industrial_DataSummary_By_LEE.xlsx$WU_Industrial_table_SIC_NAICs"
"MO","NA","GW",NA,"NA","TYSON POULTRY INCORPORATED SEDALIA COMPLEX","NA","TYSON FOODS FOOD PLANT","NA","NA",NA,"NA",NA,"NA",NA,"NA","","NA","NA","NA","NA",NA,NA,"NA",NA,"19571 Whitfield Road","Sedalia","NA","MO",NA,"NA","Sedalia",NA,"38.749899999999997","-93.322400000000002","NA",NA,NA,NA,NA,NA,NA,NA,NA,NA,NA,NA,NA,NA,"NA","NA",NA,"NA","NA",NA,NA,"B_7693","AKG528486","Tyson Foods Food Plant","19571 WHITFIELD RD","19571 WHITFIELD ROAD","UPDATED","SEDALIA","MO","PETTIS","65301","GOOD","NA","38.750712","-93.322408","3119","Other Food Manufacturing","NA","NA","29159","NA","NA","NA","NA","NA","NA","SEDALIA_19571 WHITFIELD ROAD","BusPt","Bus, FRS and/or NPDES","N","Industrial_DataSummary_By_LEE.xlsx$WU_Industrial_table_SIC_NAICs, USEPA_HIFLD_EIA_PPP_facility_v6.csv"
"MO","NA","GW",NA,"NA","US SILICA COMPANY PACIFIC PLANT","NA","U S SILICA COMPANY","NA","NA",NA,"NA",NA,"NA",NA,"NA","1629- Heavy construction; 1446 industrial sand","NA","NA","NA","NA",NA,NA,"NA",NA,"819 E Osage St","Pacific","NA","MO",NA,"NA","Pacific",NA,"38.48442","-90.72587","NA",NA,NA,NA,NA,NA,NA,NA,NA,NA,NA,NA,NA,NA,"NA","NA",NA,"NA","NA",NA,NA,"P_72252","NA","U.S. SILICA CO.","819 EAST OSAGE STREET","819 E OSAGE ST","UPDATED","PACIFIC","MO","ST LOUIS","63069","GOOD","(636) 257-2464","38.4843336","-90.7315702","327991","CUT STONE AND STONE PRODUCT MANUFACTURING","3295","NA","29189","43","NA","NA","NA","NA","63069 _ (636) 257-2464","PACIFIC_819 E OSAGE ST","PinPt","Pin, Bus","N","Industrial_DataSummary_By_LEE.xlsx$WU_Industrial_table_SIC_NAICs, USEPA_HIFLD_EIA_PPP_facility_v6.csv"
"MO","NA","GW",NA,"NA","US SILICA FESTUS PLANT","NA","FRED WEBER INCORPORATED PORTABLE CONCRETE PLANT NO 8","NA","NA",NA,"NA",NA,"NA",NA,"NA","1422 1446","NA","NA","NA","NA",NA,NA,"NA",NA,"838 Vfw Dr","Festus","NA","MO",NA,"NA","Festus",NA,"38.199306","-90.369805999999997","NA",NA,NA,NA,NA,NA,NA,NA,NA,NA,NA,NA,NA,NA,"NA","NA",NA,"NA","NA",NA,NA,"E_110012602102","NA","FRED WEBER INC PORTABLE CONCRETE PLANT NO 8","838 VFW DRIVE","838 VFW DR","UPDATED","FESTUS","MO","JEFFERSON","63028-3740","DIFF","NA","NA","NA","324121","ASPHALT PAVING MIXTURE AND BLOCK MANUFACTURING.","NA","NA","NA","NA","NA","NA","NA","NA","NA","FESTUS_838 VFW DR","NA","FRS","Y","Industrial_DataSummary_By_LEE.xlsx$WU_Industrial_table_SIC_NAICs, USEPA_HIFLD_EIA_PPP_facility_v6.csv"
"MO","NA","GW",NA,"NA","VALLEY MINERALS","NA","VALLEY MINERALS LIMITED LIABILITY COMPANY BONNE TERRE","NA","NA",NA,"NA",NA,"NA",NA,"NA","3274 3297 1422, Crushed And Broken Limestone; Lime; Nonclay Refractories","NA","NA","NA","NA",NA,NA,"NA",NA,"6600 Old Bonne Terre Road","Bonne Terre","NA","MO",NA,"NA","Bonne Terre",NA,"37.532600000000002","-90.314999999999998","NA",NA,NA,NA,NA,NA,NA,NA,NA,NA,NA,NA,NA,NA,"NA","NA",NA,"NA","NA",NA,NA,"E_110041122237","NA","VALLEY MINERALS, LLC BONNE TERRE","6600 OLD BONNE TERRE RD","6600 OLD BONNE TERRE ROAD","UPDATED","BONNE TERRE","MO","ST. FRANCOIS","63628","GOOD","(573) 358-2275","37.88913","-90.53011","327410","LIME MANUFACTURING.","NA","NA","NA","NA","NA","NA","NA","33","63628 _ (573) 358-2275","BONNE TERRE_6600 OLD BONNE TERRE ROAD","FRS","FRS, PPP","N","Industrial_DataSummary_By_LEE.xlsx$WU_Industrial_table_SIC_NAICs, USEPA_HIFLD_EIA_PPP_facility_v6.csv"
"MO","NA","SW",NA,"NA","VICINITY ENERGY KANSAS CITY GRAND AVENUE STATION","NA",NA,"NA","NA",NA,"NA",NA,"NA",NA,"221330","4961","NA","NA","NA","NA",NA,NA,"NA",NA,"115 Grand Boulevard","Kansas City","NA",NA,NA,"NA",NA,NA,"39.113819999999997","-94.581119999999999","NA",NA,NA,NA,NA,NA,NA,NA,NA,NA,NA,NA,NA,NA,"NA","NA",NA,"NA","NA",NA,NA,NA,NA,NA,NA,NA,NA,NA,NA,NA,NA,NA,NA,NA,NA,NA,NA,NA,NA,NA,NA,NA,NA,NA,NA,NA,NA,NA,NA,NA,"Industrial_DataSummary_By_LEE.xlsx$WU_Industrial_table_SIC_NAICs"
"MO","NA","SW",NA,"NA","WINDMILL BENTWOOD BIG HILL SOW FARMS OLD OAKS SOW FARM","NA",NA,"NA","NA",NA,"NA",NA,"NA",NA,"NA","","NA","NA","NA","NA",NA,NA,"NA",NA,"7475 State Route 127","Carlyle","NA",NA,NA,"NA",NA,NA,"40.468000000000004","-94.127340000000004","NA",NA,NA,NA,NA,NA,NA,NA,NA,NA,NA,NA,NA,NA,"NA","NA",NA,"NA","NA",NA,NA,NA,NA,NA,NA,NA,NA,NA,NA,NA,NA,NA,NA,NA,NA,NA,NA,NA,NA,NA,NA,NA,NA,NA,NA,NA,NA,NA,NA,NA,"Industrial_DataSummary_By_LEE.xlsx$WU_Industrial_table_SIC_NAICs"
