"State","ValueType","SourceType","Category","Saline","FacilityName","FacilityName1","FacilityName2","FacilityNumber","FacilityNumber1","FacilityNumber2","SourceName","SourceName1","SourceNumber","SourceNumber1","NAICS","SIC","Description","HUC8","HUC10","HUC12","AquiferName1","AquiferName2","BasinName1","BasinName2","Address1","City1","County1","State1","Zip1","Address2","City2","State2","Zip2","Lat","Lon","Datum","Projection","Year","Jan","Feb","Mar","Apr","May","Jun","Jul","Aug","Sep","Oct","Nov","Dec","Units_monthly","Method_monthly","Annual_reported","Units_annual_reported","Method_annual_reported","DataProtected","FIPS5code","SITESELECTION_FACILITYID","SITESELECTION_NPDES_ID","SITESELECTION_NAME","SITESELECTION_ADDRESS","SITESELECTION_ADDRESS_Fix","SITESELECTION_ADRSFLAG","SITESELECTION_CITY","SITESELECTION_STATE","SITESELECTION_COUNTY","SITESELECTION_ZIP","SITESELECTION_FLAGZIP","SITESELECTION_PHONE","SITESELECTION_LATITUDE","SITESELECTION_LONGITUDE","SITESELECTION_NAICS","SITESELECTION_NAICSDESCR","SITESELECTION_SIC","SITESELECTION_SICDESCR","SITESELECTION_FIPS","SITESELECTION_EMP","SITESELECTION_TotPerson","SITESELECTION_Area","SITESELECTION_AnnSaleVol","SITESELECTION_JobsReported","SITESELECTION_ZIP_PHONE","SITESELECTION_CITY_ADDRESS","SITESELECTION_LL_Src","SITESELECTION_DATASET_MATCHES_ALL2","SITESELECTION_NEW_REC","DataSource"
"OR","NA","GW",NA,"NA","4 R EQUIPMENT","NA",NA,"NA","NA",NA,"NA",NA,"NA",NA,"NA","","NA","NA","NA","NA",NA,NA,"NA",NA,"NA","NA","NA",NA,NA,"NA",NA,NA,NA,"44.311599999999999","NA","NA",NA,NA,NA,NA,NA,NA,NA,NA,NA,NA,NA,NA,NA,NA,"NA","NA",NA,"NA","NA",NA,NA,NA,NA,NA,NA,NA,NA,NA,NA,NA,NA,NA,NA,NA,NA,NA,NA,NA,NA,NA,NA,NA,NA,NA,NA,NA,NA,NA,NA,NA,"Industrial_DataSummary_By_LEE.xlsx$WU_Industrial_table_SIC_NAICs"
"OR","NA","SW",NA,"NA","BAKER ROCK RESOURCES","NA","BAKER ROCK RESOURCES","NA","NA",NA,"NA",NA,"NA",NA,"NA","","NA","NA","NA","NA",NA,NA,"NA",NA,"NA","NA","NA","OR",NA,"NA","Beaverton",NA,NA,"45.158900000000003","NA","NA",NA,NA,NA,NA,NA,NA,NA,NA,NA,NA,NA,NA,NA,NA,"NA","NA",NA,"NA","NA",NA,NA,"P_22985 _OR_ E_110001656814 _OR_ E_110001656823","NA","BAKER ROCK RESOURCES","21880 SW FARMINGTON ROAD _OR_ 21305 SW KOEHLER RD _OR_ 21880 SOUTHWEST FARMINGTON ROAD","21880 SW FARMINGTON ROAD _OR_ 21305 SW KOEHLER ROAD _OR_ 21880 SOUTHWEST FARMINGTON ROAD","OK _OR_ UPDATED","BEAVERTON","OR","WASHINGTON","97007 _OR_ 97007-5470","GOOD _OR_ DIFF","(503) 642-2531 _OR_ NA","45.4568142 _OR_ NA","-122.9015056 _OR_ NA","324121 _OR_ 327310","ASPHALT PAVING MIXTURE AND BLOCK MANUFACTURING _OR_ CEMENT MANUFACTURING. _OR_ ASPHALT PAVING MIXTURE AND BLOCK MANUFACTURING.","2951 _OR_ NA","NA","41067 _OR_ NA","150 _OR_ NA","NA","NA","NA","5 _OR_ NA","97007 _ (503) 642-2531 _OR_ NA","BEAVERTON_21880 SW FARMINGTON ROAD _OR_ BEAVERTON_21305 SW KOEHLER ROAD _OR_ BEAVERTON_21880 SOUTHWEST FARMINGTON ROAD","PinPt _OR_ NA","Pin, Bus, FRS, PPP _OR_ FRS","N _OR_ Y","Industrial_DataSummary_By_LEE.xlsx$WU_Industrial_table_SIC_NAICs, USEPA_HIFLD_EIA_PPP_facility_v6.csv"
"OR","NA","SW",NA,"NA","BAKER ROCK RESOURCES","NA","BAKER ROCK RESOURCES","NA","NA",NA,"NA",NA,"NA",NA,"NA","","NA","NA","NA","NA",NA,NA,"NA",NA,"NA","NA","NA","OR",NA,"NA","Dayton",NA,NA,"45.158900000000003","NA","NA",NA,NA,NA,NA,NA,NA,NA,NA,NA,NA,NA,NA,NA,NA,"NA","NA",NA,"NA","NA",NA,NA,"P_23541","NA","BAKER ROCK RESOURCES","101 EAST 3RD STREET","101 E 3RD ST","UPDATED","DAYTON","OR","YAMHILL","97114","GOOD","(503) 864-2219","45.2239182","-123.078459","327991","CUT STONE AND STONE PRODUCT MANUFACTURING","3281","NA","41071","20","NA","NA","NA","NA","97114 _ (503) 864-2219","DAYTON_101 E 3RD ST","PinPt","Pin, Bus","N","Industrial_DataSummary_By_LEE.xlsx$WU_Industrial_table_SIC_NAICs, USEPA_HIFLD_EIA_PPP_facility_v6.csv"
"OR","NA","SW",NA,"NA","BAKER ROCK RESOURCES","NA","BAKER ROCK RESOURCES","NA","NA",NA,"NA",NA,"NA",NA,"NA","","NA","NA","NA","NA",NA,NA,"NA",NA,"NA","NA","NA","OR",NA,"NA","Mcminnville",NA,NA,"45.158900000000003","NA","NA",NA,NA,NA,NA,NA,NA,NA,NA,NA,NA,NA,NA,NA,NA,"NA","NA",NA,"NA","NA",NA,NA,"P_23542","ORR211954","BAKER ROCK RESOURCES","2245 NE CUMULUS AVENUE","2245 NE CUMULUS AVENUE","OK","MCMINNVILLE","OR","YAMHILL","97128","GOOD","(503) 472-2189","45.2013567","-123.173915","327320","READY-MIX CONCRETE MANUFACTURING","3273","NA","41071","85","NA","NA","NA","NA","97128 _ (503) 472-2189","MCMINNVILLE_2245 NE CUMULUS AVENUE","PinPt","Pin, Bus, FRS, NPDES","N","Industrial_DataSummary_By_LEE.xlsx$WU_Industrial_table_SIC_NAICs, USEPA_HIFLD_EIA_PPP_facility_v6.csv"
"OR","NA","SW",NA,"NA","BIO OREGON PROTEIN INCORPORATED","NA",NA,"NA","NA",NA,"NA",NA,"NA",NA,"NA","","NA","NA","NA","NA",NA,NA,"NA",NA,"NA","NA","NA",NA,NA,"NA",NA,NA,NA,"46.195180000000001","NA","NA",NA,NA,NA,NA,NA,NA,NA,NA,NA,NA,NA,NA,NA,NA,"NA","NA",NA,"NA","NA",NA,NA,NA,NA,NA,NA,NA,NA,NA,NA,NA,NA,NA,NA,NA,NA,NA,NA,NA,NA,NA,NA,NA,NA,NA,NA,NA,NA,NA,NA,NA,"Industrial_DataSummary_By_LEE.xlsx$WU_Industrial_table_SIC_NAICs"
"OR","NA","SW",NA,"NA","C AND D LUMBER COMPANY","NA","C AND D LUMBER COMPANY","NA","NA",NA,"NA",NA,"NA",NA,"321113","2421","NA","NA","NA","NA",NA,NA,"NA",NA,"1182 Pruner Road","Riddle","NA","OR",NA,"NA","Riddle",NA,NA,"42.973570000000002","NA","NA",NA,NA,NA,NA,NA,NA,NA,NA,NA,NA,NA,NA,NA,NA,"NA","NA",NA,"NA","NA",NA,NA,"P_1412","ORR221209","C & D LUMBER CO.","1182 PRUNER ROAD","1182 PRUNER ROAD","OK","RIDDLE","OR","DOUGLAS","97469","GOOD","(541) 874-2241","42.9667415","-123.3543054","321113","SAWMILLS","2421","NA","41019","145","NA","NA","NA","100","97469 _ (541) 874-2241","RIDDLE_1182 PRUNER ROAD","PinPt","Pin, Bus, FRS, NPDES, PPP","N","Industrial_DataSummary_By_LEE.xlsx$WU_Industrial_table_SIC_NAICs, USEPA_HIFLD_EIA_PPP_facility_v6.csv"
"OR","NA","GW",NA,"NA","C C MEISEL COMPANY","NA",NA,"NA","NA",NA,"NA",NA,"NA",NA,"NA","","NA","NA","NA","NA",NA,NA,"NA",NA,"NA","NA","NA",NA,NA,"NA",NA,NA,NA,"45.340940000000003","NA","NA",NA,NA,NA,NA,NA,NA,NA,NA,NA,NA,NA,NA,NA,NA,"NA","NA",NA,"NA","NA",NA,NA,NA,NA,NA,NA,NA,NA,NA,NA,NA,NA,NA,NA,NA,NA,NA,NA,NA,NA,NA,NA,NA,NA,NA,NA,NA,NA,NA,NA,NA,"Industrial_DataSummary_By_LEE.xlsx$WU_Industrial_table_SIC_NAICs"
"OR","NA","SW",NA,"NA","CASCADES TISSUE GROUP","NA",NA,"NA","NA",NA,"NA",NA,"NA",NA,"NA","","NA","NA","NA","NA",NA,NA,"NA",NA,"NA","NA","NA",NA,NA,"NA",NA,NA,NA,"45.843400000000003","NA","NA",NA,NA,NA,NA,NA,NA,NA,NA,NA,NA,NA,NA,NA,NA,"NA","NA",NA,"NA","NA",NA,NA,NA,NA,NA,NA,NA,NA,NA,NA,NA,NA,NA,NA,NA,NA,NA,NA,NA,NA,NA,NA,NA,NA,NA,NA,NA,NA,NA,NA,NA,"Industrial_DataSummary_By_LEE.xlsx$WU_Industrial_table_SIC_NAICs"
"OR","NA","GW",NA,"NA","CHEMICAL WASTE MGMT OF THE NW INCORPORATED","NA",NA,"NA","NA",NA,"NA",NA,"NA",NA,"NA","","NA","NA","NA","NA",NA,NA,"NA",NA,"NA","NA","NA",NA,NA,"NA",NA,NA,NA,"45.628169999999997","NA","NA",NA,NA,NA,NA,NA,NA,NA,NA,NA,NA,NA,NA,NA,NA,"NA","NA",NA,"NA","NA",NA,NA,NA,NA,NA,NA,NA,NA,NA,NA,NA,NA,NA,NA,NA,NA,NA,NA,NA,NA,NA,NA,NA,NA,NA,NA,NA,NA,NA,NA,NA,"Industrial_DataSummary_By_LEE.xlsx$WU_Industrial_table_SIC_NAICs"
"OR","NA","GW",NA,"NA","DAVENPORT NEWBERRY HOLDINGS LIMITED LIABILITY COMPANY","NA",NA,"NA","NA",NA,"NA",NA,"NA",NA,"NA","","NA","NA","NA","NA",NA,NA,"NA",NA,"NA","NA","NA",NA,NA,"NA",NA,NA,NA,"43.726619999999997","NA","NA",NA,NA,NA,NA,NA,NA,NA,NA,NA,NA,NA,NA,NA,NA,"NA","NA",NA,"NA","NA",NA,NA,NA,NA,NA,NA,NA,NA,NA,NA,NA,NA,NA,NA,NA,NA,NA,NA,NA,NA,NA,NA,NA,NA,NA,NA,NA,NA,NA,NA,NA,"Industrial_DataSummary_By_LEE.xlsx$WU_Industrial_table_SIC_NAICs"
"OR","NA","GW",NA,"NA","DECKER FARMS INCORPORATED","NA",NA,"NA","NA",NA,"NA",NA,"NA",NA,"NA","","NA","NA","NA","NA",NA,NA,"NA",NA,"NA","NA","NA",NA,NA,"NA",NA,NA,NA,"45.421750000000003","NA","NA",NA,NA,NA,NA,NA,NA,NA,NA,NA,NA,NA,NA,NA,NA,"NA","NA",NA,"NA","NA",NA,NA,NA,NA,NA,NA,NA,NA,NA,NA,NA,NA,NA,NA,NA,NA,NA,NA,NA,NA,NA,NA,NA,NA,NA,NA,NA,NA,NA,NA,NA,"Industrial_DataSummary_By_LEE.xlsx$WU_Industrial_table_SIC_NAICs"
"OR","NA","GW",NA,"NA","DOMAINE DROUHIN OREGON","NA","DOMAINE DROUHIN OREGON","NA","NA",NA,"NA",NA,"NA",NA,"31213","2084","NA","NA","NA","NA",NA,NA,"NA",NA,"6750 Ne Breyman Orchards Road","Dayton","NA","OR",NA,"NA","Dayton",NA,NA,"45.261609999999997","NA","NA",NA,NA,NA,NA,NA,NA,NA,NA,NA,NA,NA,NA,NA,NA,"NA","NA",NA,"NA","NA",NA,NA,"B_28292","NA","Domaine Drouhin Oregon","6750 NE BREYMAN ORCHARDS RD","6750 NE BREYMAN ORCHARDS ROAD","UPDATED","DAYTON","OR","YAMHILL","97114","GOOD","(503) 864-2700","45.265535","-123.055718","3121","Beverage Manufacturing","NA","NA","41071","NA","NA","NA","NA","NA","97114 _ (503) 864-2700","DAYTON_6750 NE BREYMAN ORCHARDS ROAD","BusPt","Bus, FRS and/or NPDES","N","Industrial_DataSummary_By_LEE.xlsx$WU_Industrial_table_SIC_NAICs, USEPA_HIFLD_EIA_PPP_facility_v6.csv"
"OR","NA","SW",NA,"NA","DYNO NOBLE INCORPORATED","NA","317709813 DYNO NOBEL INCORPORATED","NA","NA",NA,"NA",NA,"NA",NA,"325311","2873","NA","NA","NA","NA",NA,NA,"NA",NA,"63149 Columbia River Highway","St Helens","NA","OR",NA,"NA","Deer Island",NA,NA,"45.91366","NA","NA",NA,NA,NA,NA,NA,NA,NA,NA,NA,NA,NA,NA,NA,NA,"NA","NA",NA,"NA","NA",NA,NA,"E_110070331581","NA","317709813 - DYNO NOBEL INC","63149 COLUMBIA RIVER HWY","63149 COLUMBIA RIVER HIGHWAY","UPDATED","DEER ISLAND","OR","NA","97054","GOOD","NA","NA","NA","325311","NITROGENOUS FERTILIZER MANUFACTURING.","NA","NA","NA","NA","NA","NA","NA","NA","NA","DEER ISLAND_63149 COLUMBIA RIVER HIGHWAY","NA","FRS","Y","Industrial_DataSummary_By_LEE.xlsx$WU_Industrial_table_SIC_NAICs, USEPA_HIFLD_EIA_PPP_facility_v6.csv"
"OR","NA","SW",NA,"NA","DYNO NOBLE INCORPORATED","NA","DYNO NOBEL","NA","NA",NA,"NA",NA,"NA",NA,"325311","2873","NA","NA","NA","NA",NA,NA,"NA",NA,"63149 Columbia River Highway","St Helens","NA","OR",NA,"NA","Deer Island",NA,NA,"45.91366","NA","NA",NA,NA,NA,NA,NA,NA,NA,NA,NA,NA,NA,NA,NA,NA,"NA","NA",NA,"NA","NA",NA,NA,"E_110071160489","NA","DYNO NOBEL","63149 COLUMBIA RIVER HIGHWAY","63149 COLUMBIA RIVER HIGHWAY","OK","DEER ISLAND","OR","COLUMBIA COUNTY","97054","GOOD","NA","NA","NA","325311","NITROGENOUS FERTILIZER MANUFACTURING.","NA","NA","NA","NA","NA","NA","NA","NA","NA","DEER ISLAND_63149 COLUMBIA RIVER HIGHWAY","NA","FRS","Y","Industrial_DataSummary_By_LEE.xlsx$WU_Industrial_table_SIC_NAICs, USEPA_HIFLD_EIA_PPP_facility_v6.csv"
"OR","NA","SW",NA,"NA","DYNO NOBLE INCORPORATED","NA","DYNO NOBEL INCORPORATED","NA","NA",NA,"NA",NA,"NA",NA,"325311","2873","NA","NA","NA","NA",NA,NA,"NA",NA,"63149 Columbia River Highway","St Helens","NA","OR",NA,"NA","Deer Island",NA,NA,"45.91366","NA","NA",NA,NA,NA,NA,NA,NA,NA,NA,NA,NA,NA,NA,NA,NA,"NA","NA",NA,"NA","NA",NA,NA,"P_22876","OR0001635","DYNO NOBEL, INC.","63149 COLUMBIA RIVER HIGHWAY","63149 COLUMBIA RIVER HIGHWAY","OK","DEER ISLAND","OR","COLUMBIA","97054","GOOD","(503) 397-2225","45.9110314","-122.8246107","325320","PESTICIDE AND OTHER AGRICULTURAL CHEMICAL MANUFACTURING","2879","NA","41009","55","NA","NA","NA","NA","97054 _ (503) 397-2225","DEER ISLAND_63149 COLUMBIA RIVER HIGHWAY","PinPt","Pin, Bus, FRS, NPDES","N","Industrial_DataSummary_By_LEE.xlsx$WU_Industrial_table_SIC_NAICs, USEPA_HIFLD_EIA_PPP_facility_v6.csv"
"OR","NA","GW",NA,"NA","FRY FOODS INCORPORATED","NA",NA,"NA","NA",NA,"NA",NA,"NA",NA,"NA","","NA","NA","NA","NA",NA,NA,"NA",NA,"NA","NA","NA",NA,NA,"NA",NA,NA,NA,"44.088270000000001","NA","NA",NA,NA,NA,NA,NA,NA,NA,NA,NA,NA,NA,NA,NA,NA,"NA","NA",NA,"NA","NA",NA,NA,NA,NA,NA,NA,NA,NA,NA,NA,NA,NA,NA,NA,NA,NA,NA,NA,NA,NA,NA,NA,NA,NA,NA,NA,NA,NA,NA,NA,NA,"Industrial_DataSummary_By_LEE.xlsx$WU_Industrial_table_SIC_NAICs"
"OR","NA","GW",NA,"NA","HILLSBORO LANDFILL INCORPORATED","NA",NA,"NA","NA",NA,"NA",NA,"NA",NA,"NA","4953","NA","NA","NA","NA",NA,NA,"NA",NA,"3205 Se Minter Bridge Road","Hillsboro","NA",NA,NA,"NA",NA,NA,NA,"45.496119999999998","NA","NA",NA,NA,NA,NA,NA,NA,NA,NA,NA,NA,NA,NA,NA,NA,"NA","NA",NA,"NA","NA",NA,NA,NA,NA,NA,NA,NA,NA,NA,NA,NA,NA,NA,NA,NA,NA,NA,NA,NA,NA,NA,NA,NA,NA,NA,NA,NA,NA,NA,NA,NA,"Industrial_DataSummary_By_LEE.xlsx$WU_Industrial_table_SIC_NAICs"
"OR","NA","SW",NA,"NA","INDUSTRIAL HARBOR USA LIMITED LIABILITY COMPANY","NA",NA,"NA","NA",NA,"NA",NA,"NA",NA,"32211","2611","NA","NA","NA","NA",NA,NA,"NA",NA,"77622 Us Highway 101","Gardiner","NA",NA,NA,"NA",NA,NA,NA,"43.770589999999999","NA","NA",NA,NA,NA,NA,NA,NA,NA,NA,NA,NA,NA,NA,NA,NA,"NA","NA",NA,"NA","NA",NA,NA,NA,NA,NA,NA,NA,NA,NA,NA,NA,NA,NA,NA,NA,NA,NA,NA,NA,NA,NA,NA,NA,NA,NA,NA,NA,NA,NA,NA,NA,"Industrial_DataSummary_By_LEE.xlsx$WU_Industrial_table_SIC_NAICs"
"OR","NA","GW",NA,"NA","JANUS INDUSTRIES","NA",NA,"NA","NA",NA,"NA",NA,"NA",NA,"NA","","NA","NA","NA","NA",NA,NA,"NA",NA,"NA","NA","NA",NA,NA,"NA",NA,NA,NA,"45.309539999999998","NA","NA",NA,NA,NA,NA,NA,NA,NA,NA,NA,NA,NA,NA,NA,NA,"NA","NA",NA,"NA","NA",NA,NA,NA,NA,NA,NA,NA,NA,NA,NA,NA,NA,NA,NA,NA,NA,NA,NA,NA,NA,NA,NA,NA,NA,NA,NA,NA,NA,NA,NA,NA,"Industrial_DataSummary_By_LEE.xlsx$WU_Industrial_table_SIC_NAICs"
"OR","NA","SW",NA,"NA","JONES SCOTT COMPANY INCORPORATED","NA",NA,"NA","NA",NA,"NA",NA,"NA",NA,"NA","","NA","NA","NA","NA",NA,NA,"NA",NA,"NA","NA","NA",NA,NA,"NA",NA,NA,NA,"45.905189999999997","NA","NA",NA,NA,NA,NA,NA,NA,NA,NA,NA,NA,NA,NA,NA,NA,"NA","NA",NA,"NA","NA",NA,NA,NA,NA,NA,NA,NA,NA,NA,NA,NA,NA,NA,NA,NA,NA,NA,NA,NA,NA,NA,NA,NA,NA,NA,NA,NA,NA,NA,NA,NA,"Industrial_DataSummary_By_LEE.xlsx$WU_Industrial_table_SIC_NAICs"
"OR","NA","GW",NA,"NA","LANE FOREST PRODUCTS INCORPORATED","NA",NA,"NA","NA",NA,"NA",NA,"NA",NA,"NA","5261","NA","NA","NA","NA",NA,NA,"NA",NA,"2111 Prairie Road","Eugene","NA",NA,NA,"NA",NA,NA,NA,"44.176259999999999","NA","NA",NA,NA,NA,NA,NA,NA,NA,NA,NA,NA,NA,NA,NA,NA,"NA","NA",NA,"NA","NA",NA,NA,NA,NA,NA,NA,NA,NA,NA,NA,NA,NA,NA,NA,NA,NA,NA,NA,NA,NA,NA,NA,NA,NA,NA,NA,NA,NA,NA,NA,NA,"Industrial_DataSummary_By_LEE.xlsx$WU_Industrial_table_SIC_NAICs"
"OR","NA","GW",NA,"NA","LISKEY FARMS INCORPORATED","NA",NA,"NA","NA",NA,"NA",NA,"NA",NA,"NA","","NA","NA","NA","NA",NA,NA,"NA",NA,"NA","NA","NA",NA,NA,"NA",NA,NA,NA,"42.048760000000001","NA","NA",NA,NA,NA,NA,NA,NA,NA,NA,NA,NA,NA,NA,NA,NA,"NA","NA",NA,"NA","NA",NA,NA,NA,NA,NA,NA,NA,NA,NA,NA,NA,NA,NA,NA,NA,NA,NA,NA,NA,NA,NA,NA,NA,NA,NA,NA,NA,NA,NA,NA,NA,"Industrial_DataSummary_By_LEE.xlsx$WU_Industrial_table_SIC_NAICs"
"OR","NA","GW",NA,"NA","METROPOLITAN WASTEWATER MGMT COMMISSION","NA",NA,"NA","NA",NA,"NA",NA,"NA",NA,"NA","","NA","NA","NA","NA",NA,NA,"NA",NA,"NA","NA","NA",NA,NA,"NA",NA,NA,NA,"44.140210000000003","NA","NA",NA,NA,NA,NA,NA,NA,NA,NA,NA,NA,NA,NA,NA,NA,"NA","NA",NA,"NA","NA",NA,NA,NA,NA,NA,NA,NA,NA,NA,NA,NA,NA,NA,NA,NA,NA,NA,NA,NA,NA,NA,NA,NA,NA,NA,NA,NA,NA,NA,NA,NA,"Industrial_DataSummary_By_LEE.xlsx$WU_Industrial_table_SIC_NAICs"
"OR","NA","SW",NA,"NA","MOHLER SAND AND GRAVEL LIMITED LIABILITY COMPANY","NA",NA,"NA","NA",NA,"NA",NA,"NA",NA,"NA","","NA","NA","NA","NA",NA,NA,"NA",NA,"NA","NA","NA",NA,NA,"NA",NA,NA,NA,"45.691360000000003","NA","NA",NA,NA,NA,NA,NA,NA,NA,NA,NA,NA,NA,NA,NA,NA,"NA","NA",NA,"NA","NA",NA,NA,NA,NA,NA,NA,NA,NA,NA,NA,NA,NA,NA,NA,NA,NA,NA,NA,NA,NA,NA,NA,NA,NA,NA,NA,NA,NA,NA,NA,NA,"Industrial_DataSummary_By_LEE.xlsx$WU_Industrial_table_SIC_NAICs"
"OR","NA","GW",NA,"NA","MONTECUCCO FARMS LIMITED LIABILITY COMPANY","NA",NA,"NA","NA",NA,"NA",NA,"NA",NA,"NA","","NA","NA","NA","NA",NA,NA,"NA",NA,"NA","NA","NA",NA,NA,"NA",NA,NA,NA,"45.288980000000002","NA","NA",NA,NA,NA,NA,NA,NA,NA,NA,NA,NA,NA,NA,NA,NA,"NA","NA",NA,"NA","NA",NA,NA,NA,NA,NA,NA,NA,NA,NA,NA,NA,NA,NA,NA,NA,NA,NA,NA,NA,NA,NA,NA,NA,NA,NA,NA,NA,NA,NA,NA,NA,"Industrial_DataSummary_By_LEE.xlsx$WU_Industrial_table_SIC_NAICs"
"OR","NA","GW",NA,"NA","MORSE BROS INCORPORATED","NA","MORSE BROS INCORPORATED","NA","NA",NA,"NA",NA,"NA",NA,"NA","","NA","NA","NA","NA",NA,NA,"NA",NA,"NA","NA","NA","OR",NA,"NA","Tangent",NA,NA,"45.629579999999997","NA","NA",NA,NA,NA,NA,NA,NA,NA,NA,NA,NA,NA,NA,NA,NA,"NA","NA",NA,"NA","NA",NA,NA,"E_110010429492","ORG753516","MORSE BROS., INC.","32260 HIGHWAY 34","32260 HIGHWAY 34","OK","TANGENT","OR","LINN","973899707","DIFF","NA","44.555855","-123.103082","324121","ASPHALT PAVING MIXTURE AND BLOCK MANUFACTURING.","NA","NA","NA","NA","NA","NA","NA","NA","97389 _","TANGENT_32260 HIGHWAY 34","FRS","FRS, NPDES","N","Industrial_DataSummary_By_LEE.xlsx$WU_Industrial_table_SIC_NAICs, USEPA_HIFLD_EIA_PPP_facility_v6.csv"
"OR","NA","GW",NA,"NA","NORPAC FOODS INCORPORATED PLANT 5","NA",NA,"NA","NA",NA,"NA",NA,"NA",NA,"NA","","NA","NA","NA","NA",NA,NA,"NA",NA,"NA","NA","NA",NA,NA,"NA",NA,NA,NA,"45.062379999999997","NA","NA",NA,NA,NA,NA,NA,NA,NA,NA,NA,NA,NA,NA,NA,NA,"NA","NA",NA,"NA","NA",NA,NA,NA,NA,NA,NA,NA,NA,NA,NA,NA,NA,NA,NA,NA,NA,NA,NA,NA,NA,NA,NA,NA,NA,NA,NA,NA,NA,NA,NA,NA,"Industrial_DataSummary_By_LEE.xlsx$WU_Industrial_table_SIC_NAICs"
"OR","NA","GW",NA,"NA","NRI INCORPORATED","NA",NA,"NA","NA",NA,"NA",NA,"NA",NA,"NA","","NA","NA","NA","NA",NA,NA,"NA",NA,"NA","NA","NA",NA,NA,"NA",NA,NA,NA,"45.562370000000001","NA","NA",NA,NA,NA,NA,NA,NA,NA,NA,NA,NA,NA,NA,NA,NA,"NA","NA",NA,"NA","NA",NA,NA,NA,NA,NA,NA,NA,NA,NA,NA,NA,NA,NA,NA,NA,NA,NA,NA,NA,NA,NA,NA,NA,NA,NA,NA,NA,NA,NA,NA,NA,"Industrial_DataSummary_By_LEE.xlsx$WU_Industrial_table_SIC_NAICs"
"OR","NA","GW",NA,"NA","OR METALLURGICAL CORPORATION ALBANY OPERATIONS","NA",NA,"NA","NA",NA,"NA",NA,"NA",NA,"NA","","NA","NA","NA","NA",NA,NA,"NA",NA,"NA","NA","NA",NA,NA,"NA",NA,NA,NA,"44.603940000000001","NA","NA",NA,NA,NA,NA,NA,NA,NA,NA,NA,NA,NA,NA,NA,NA,"NA","NA",NA,"NA","NA",NA,NA,NA,NA,NA,NA,NA,NA,NA,NA,NA,NA,NA,NA,NA,NA,NA,NA,NA,NA,NA,NA,NA,NA,NA,NA,NA,NA,NA,NA,NA,"Industrial_DataSummary_By_LEE.xlsx$WU_Industrial_table_SIC_NAICs"
"OR","NA","GW",NA,"NA","OREGON FRUIT PRODUCTS","NA","OREGON FRUIT PRODUCTS LIMITED LIABILITY COMPANY","NA","NA",NA,"NA",NA,"NA",NA,"31142","2033","NA","NA","NA","NA",NA,NA,"NA",NA,"3180 22nd St Se","Salem","NA","OR",NA,"NA","Salem",NA,NA,"44.909419999999997","NA","NA",NA,NA,NA,NA,NA,NA,NA,NA,NA,NA,NA,NA,NA,NA,"NA","NA",NA,"NA","NA",NA,NA,"PP_9862197108","NA","OREGON FRUIT PRODUCTS LLC","3180 22ND STREET SE","3180 22ND ST SE","UPDATED","SALEM","OR","MARION","97302","GOOD","NA","NA","NA","311421","NA","NA","NA","NA","NA","NA","NA","NA","97","NA","SALEM_3180 22ND ST SE","NA","PPP","N","Industrial_DataSummary_By_LEE.xlsx$WU_Industrial_table_SIC_NAICs, USEPA_HIFLD_EIA_PPP_facility_v6.csv"
"OR","NA","SW",NA,"NA","PORTLAND GENERAL ELECTRIC COMPANY","NA",NA,"NA","NA",NA,"NA",NA,"NA",NA,"NA","","NA","NA","NA","NA",NA,NA,"NA",NA,"NA","NA","NA",NA,NA,"NA",NA,NA,NA,"45.69211","NA","NA",NA,NA,NA,NA,NA,NA,NA,NA,NA,NA,NA,NA,NA,NA,"NA","NA",NA,"NA","NA",NA,NA,NA,NA,NA,NA,NA,NA,NA,NA,NA,NA,NA,NA,NA,NA,NA,NA,NA,NA,NA,NA,NA,NA,NA,NA,NA,NA,NA,NA,NA,"Industrial_DataSummary_By_LEE.xlsx$WU_Industrial_table_SIC_NAICs"
"OR","NA","GW",NA,"NA","PORTLAND STATE UNIVERSITY","NA",NA,"NA","NA",NA,"NA",NA,"NA",NA,"NA","8299","NA","NA","NA","NA",NA,NA,"NA",NA,"617 Sw Montgomery St","Portland","NA",NA,NA,"NA",NA,NA,NA,"45.514009999999999","NA","NA",NA,NA,NA,NA,NA,NA,NA,NA,NA,NA,NA,NA,NA,NA,"NA","NA",NA,"NA","NA",NA,NA,NA,NA,NA,NA,NA,NA,NA,NA,NA,NA,NA,NA,NA,NA,NA,NA,NA,NA,NA,NA,NA,NA,NA,NA,NA,NA,NA,NA,NA,"Industrial_DataSummary_By_LEE.xlsx$WU_Industrial_table_SIC_NAICs"
"OR","NA","GW",NA,"NA","RIVER BEND SAND AND GRAVEL COMPANY","NA","RIVER BEND SAND AND GRAVEL COMPANY","NA","NA",NA,"NA",NA,"NA",NA,"NA","","NA","NA","NA","NA",NA,NA,"NA",NA,"NA","NA","NA","OR",NA,"NA","Salem",NA,NA,"44.862940000000002","NA","NA",NA,NA,NA,NA,NA,NA,NA,NA,NA,NA,NA,NA,NA,NA,"NA","NA",NA,"NA","NA",NA,NA,"P_1787","NA","RIVER BEND SAND & GRAVEL CO.","4105 LANCASTER DRIVE SE","4105 LANCASTER DR SE","UPDATED","SALEM","OR","MARION","97317","GOOD","(503) 363-9281","44.9006735","-122.9713641","327991","CUT STONE AND STONE PRODUCT MANUFACTURING","3281","NA","41047","50","NA","NA","NA","14","97317 _ (503) 363-9281","SALEM_4105 LANCASTER DR SE","PinPt","Pin, Bus, FRS, PPP","N","Industrial_DataSummary_By_LEE.xlsx$WU_Industrial_table_SIC_NAICs, USEPA_HIFLD_EIA_PPP_facility_v6.csv"
"OR","NA","GW",NA,"NA","ROCKY HILL VITICULTURE LIMITED LIABILITY COMPANY","NA",NA,"NA","NA",NA,"NA",NA,"NA",NA,"NA","","NA","NA","NA","NA",NA,NA,"NA",NA,"NA","NA","NA",NA,NA,"NA",NA,NA,NA,"45.127839999999999","NA","NA",NA,NA,NA,NA,NA,NA,NA,NA,NA,NA,NA,NA,NA,NA,"NA","NA",NA,"NA","NA",NA,NA,NA,NA,NA,NA,NA,NA,NA,NA,NA,NA,NA,NA,NA,NA,NA,NA,NA,NA,NA,NA,NA,NA,NA,NA,NA,NA,NA,NA,NA,"Industrial_DataSummary_By_LEE.xlsx$WU_Industrial_table_SIC_NAICs"
"OR","NA","SW",NA,"NA","ROSS ISLAND SAND AND GRAVEL COMPANY","NA","ROSS ISLAND SAND AND GRAVEL COMPANY","NA","NA",NA,"NA",NA,"NA",NA,"32732","3273","NA","NA","NA","NA",NA,NA,"NA",NA,"1208 N River St","Portland","NA","OR",NA,"NA","Portland",NA,NA,"45.538559999999997","NA","NA",NA,NA,NA,NA,NA,NA,NA,NA,NA,NA,NA,NA,NA,NA,"NA","NA",NA,"NA","NA",NA,NA,"E_110070318980","NA","ROSS ISLAND SAND & GRAVEL CO","1208 N RIVER ST","1208 N RIVER ST","OK","PORTLAND","OR","NA","97227","GOOD","NA","NA","NA","327320","READY-MIX CONCRETE MANUFACTURING.","NA","NA","NA","NA","NA","NA","NA","NA","NA","PORTLAND_1208 N RIVER ST","NA","FRS","Y","Industrial_DataSummary_By_LEE.xlsx$WU_Industrial_table_SIC_NAICs, USEPA_HIFLD_EIA_PPP_facility_v6.csv"
"OR","NA","GW",NA,"NA","SENECA SAWMILL COMPANY","NA","SENECA SAWMILL COMPANY","NA","NA",NA,"NA",NA,"NA",NA,"321113","2421","NA","NA","NA","NA",NA,NA,"NA",NA,"90201 Highway 99 N","Eugene","NA","OR",NA,"NA","Eugene",NA,NA,"44.116059999999997","NA","NA",NA,NA,NA,NA,NA,NA,NA,NA,NA,NA,NA,NA,NA,NA,"NA","NA",NA,"NA","NA",NA,NA,"P_1449","OR0022985","SENECA SAWMILL CO.","90201 HIGHWAY 99 NORTH","90201 HIGHWAY 99 N","UPDATED","EUGENE","OR","LANE","97402","GOOD","(541) 689-1011","44.1067245","-123.1749625","321113","SAWMILLS","2421","NA","41039","350","NA","NA","NA","434","97402 _ (541) 689-1011","EUGENE_90201 HIGHWAY 99 N","PinPt","Pin, Bus, FRS and/or NPDES, PPP","N","Industrial_DataSummary_By_LEE.xlsx$WU_Industrial_table_SIC_NAICs, USEPA_HIFLD_EIA_PPP_facility_v6.csv"
"OR","NA","GW",NA,"NA","SMITH FROZEN FOODS","NA","SMITH FROZEN FOODS INCORPORATED","NA","NA",NA,"NA",NA,"NA",NA,"31141","2037","NA","NA","NA","NA",NA,NA,"NA",NA,"101 Depot St","Weston","NA","OR",NA,"NA","Weston",NA,NA,"45.821040000000004","NA","NA",NA,NA,NA,NA,NA,NA,NA,NA,NA,NA,NA,NA,NA,NA,"NA","NA",NA,"NA","NA",NA,NA,"P_25018","ORR121144","SMITH FROZEN FOODS, INC.","101 DEPOT STREET","101 DEPOT ST","UPDATED","WESTON","OR","UMATILLA","97886","GOOD","(541) 566-3515","45.8193551","-118.426811","311411","FROZEN FRUIT, JUICE, AND VEGETABLE MANUFACTURING","2037","NA","41059","300","NA","NA","NA","350","97886 _ (541) 566-3515","WESTON_101 DEPOT ST","PinPt","Pin, Bus, FRS and/or NPDES, PPP","N","Industrial_DataSummary_By_LEE.xlsx$WU_Industrial_table_SIC_NAICs, USEPA_HIFLD_EIA_PPP_facility_v6.csv"
"OR","NA","GW",NA,"NA","SMITH SEED SERVICES","NA","SMITH SEED SERVICES","NA","NA",NA,"NA",NA,"NA",NA,"NA","723","NA","NA","NA","NA",NA,NA,"NA",NA,"26890 Powerline Road","Halsey","NA","OR",NA,"NA","Halsey",NA,NA,"44.374780000000001","NA","NA",NA,NA,NA,NA,NA,NA,NA,NA,NA,NA,NA,NA,NA,NA,"NA","NA",NA,"NA","NA",NA,NA,"E_110014213350","NA","SMITH SEED SERVICES","26890 POWERLINE RD","26890 POWERLINE ROAD","UPDATED","HALSEY","OR","LINN","97348","GOOD","NA","NA","NA","311119","OTHER ANIMAL FOOD MANUFACTURING.","NA","NA","NA","NA","NA","NA","NA","NA","NA","HALSEY_26890 POWERLINE ROAD","NA","FRS","Y","Industrial_DataSummary_By_LEE.xlsx$WU_Industrial_table_SIC_NAICs, USEPA_HIFLD_EIA_PPP_facility_v6.csv"
"OR","NA","GW",NA,"NA","SURPRISE VALLEY ELECTRIFICATION CORPORATION","NA","SURPRISE VALLEY ELECTRIFICATION CORPORATION","NA","NA",NA,"NA",NA,"NA",NA,"321113","2421","NA","NA","NA","NA",NA,NA,"NA",NA,"NA","Paisley","NA","OR",NA,"NA","Paisley",NA,NA,"42.696530000000003","NA","NA",NA,NA,NA,NA,NA,NA,NA,NA,NA,NA,NA,NA,NA,NA,"NA","NA",NA,"NA","NA",NA,NA,"E_110058034201","NA","SURPRISE VALLEY ELECTRIFICATION CORP.","RIVER ROAD","RIVER ROAD","CHECK","PAISLEY","OR","LAKE","97636","GOOD","NA","NA","NA","321113","SAWMILLS.","NA","NA","NA","NA","NA","NA","NA","NA","NA","PAISLEY_RIVER ROAD","NA","FRS","Y","Industrial_DataSummary_By_LEE.xlsx$WU_Industrial_table_SIC_NAICs, USEPA_HIFLD_EIA_PPP_facility_v6.csv"
"OR","NA","GW",NA,"NA","TEEVIN INVESTMENT COMPANY TEEVIN TERMIL LIMITED LIABILITY COMPANY","NA",NA,"NA","NA",NA,"NA",NA,"NA",NA,"NA","","NA","NA","NA","NA",NA,NA,"NA",NA,"NA","NA","NA",NA,NA,"NA",NA,NA,NA,"46.09554","NA","NA",NA,NA,NA,NA,NA,NA,NA,NA,NA,NA,NA,NA,NA,NA,"NA","NA",NA,"NA","NA",NA,NA,NA,NA,NA,NA,NA,NA,NA,NA,NA,NA,NA,NA,NA,NA,NA,NA,NA,NA,NA,NA,NA,NA,NA,NA,NA,NA,NA,NA,NA,"Industrial_DataSummary_By_LEE.xlsx$WU_Industrial_table_SIC_NAICs"
"OR","NA","GW",NA,"NA","TIGARD SAND AND GRAVEL LIMITED LIABILITY COMPANY","NA",NA,"NA","NA",NA,"NA",NA,"NA",NA,"NA","","NA","NA","NA","NA",NA,NA,"NA",NA,"NA","NA","NA",NA,NA,"NA",NA,NA,NA,"45.360550000000003","NA","NA",NA,NA,NA,NA,NA,NA,NA,NA,NA,NA,NA,NA,NA,NA,"NA","NA",NA,"NA","NA",NA,NA,NA,NA,NA,NA,NA,NA,NA,NA,NA,NA,NA,NA,NA,NA,NA,NA,NA,NA,NA,NA,NA,NA,NA,NA,NA,NA,NA,NA,NA,"Industrial_DataSummary_By_LEE.xlsx$WU_Industrial_table_SIC_NAICs"
"OR","NA","GW",NA,"NA","TOYO TANSO USA INCORPORATED","NA","TOYO TANSO USA INCORPORATED","NA","NA",NA,"NA",NA,"NA",NA,"335991","3599, 3295","NA","NA","NA","NA",NA,NA,"NA",NA,"2575 Nw Graham Circle","Troutdale","NA","OR",NA,"NA","Troutdale",NA,NA,"45.553080000000001","NA","NA",NA,NA,NA,NA,NA,NA,NA,NA,NA,NA,NA,NA,NA,NA,"NA","NA",NA,"NA","NA",NA,NA,"P_22467","OR0034916","TOYO TANSO USA, INC.","2575 NW GRAHAM CIRCLE","2575 NW GRAHAM CIRCLE","OK","TROUTDALE","OR","MULTNOMAH","97060","GOOD","(503) 661-7700","45.5530392","-122.4108831","335991","CARBON AND GRAPHITE PRODUCT MANUFACTURING","3599","NA","41051","150","NA","NA","NA","NA","97060 _ (503) 661-7700","TROUTDALE_2575 NW GRAHAM CIRCLE","PinPt","Pin, Bus, FRS and/or NPDES","N","Industrial_DataSummary_By_LEE.xlsx$WU_Industrial_table_SIC_NAICs, USEPA_HIFLD_EIA_PPP_facility_v6.csv"
"OR","NA","GW",NA,"NA","VIESKO QUALITY CONCRETE","NA",NA,"NA","NA",NA,"NA",NA,"NA",NA,"NA","","NA","NA","NA","NA",NA,NA,"NA",NA,"NA","NA","NA",NA,NA,"NA",NA,NA,NA,"45.004570000000001","NA","NA",NA,NA,NA,NA,NA,NA,NA,NA,NA,NA,NA,NA,NA,NA,"NA","NA",NA,"NA","NA",NA,NA,NA,NA,NA,NA,NA,NA,NA,NA,NA,NA,NA,NA,NA,NA,NA,NA,NA,NA,NA,NA,NA,NA,NA,NA,NA,NA,NA,NA,NA,"Industrial_DataSummary_By_LEE.xlsx$WU_Industrial_table_SIC_NAICs"
"OR","NA","GW",NA,"NA","VITESSE LIMITED LIABILITY COMPANY C O FACEBOOK INCORPORATED","NA",NA,"NA","NA",NA,"NA",NA,"NA",NA,"NA","","NA","NA","NA","NA",NA,NA,"NA",NA,"NA","NA","NA",NA,NA,"NA",NA,NA,NA,"44.291359999999997","NA","NA",NA,NA,NA,NA,NA,NA,NA,NA,NA,NA,NA,NA,NA,NA,"NA","NA",NA,"NA","NA",NA,NA,NA,NA,NA,NA,NA,NA,NA,NA,NA,NA,NA,NA,NA,NA,NA,NA,NA,NA,NA,NA,NA,NA,NA,NA,NA,NA,NA,NA,NA,"Industrial_DataSummary_By_LEE.xlsx$WU_Industrial_table_SIC_NAICs"
