"State","ValueType","SourceType","Category","Saline","FacilityName","FacilityName1","FacilityName2","FacilityNumber","FacilityNumber1","FacilityNumber2","SourceName","SourceName1","SourceNumber","SourceNumber1","NAICS","SIC","Description","HUC8","HUC10","HUC12","AquiferName1","AquiferName2","BasinName1","BasinName2","Address1","City1","County1","State1","Zip1","Address2","City2","Zip2","Lat","Lon","Datum","Year","Jan","Feb","Mar","Apr","May","Jun","Jul","Aug","Sep","Oct","Nov","Dec","Units_monthly","Method_monthly","Annual_reported","Units_annual_reported","Method_annual_reported","DataProtected"
"TN","NA","NA",NA,"NA","a o smith","NA",NA,"NA",NA,NA,NA,NA,NA,NA,"NA","","NA","NA","NA","NA",NA,NA,"NA",NA,"Lindahl Parkway","Ashland City","NA","TN",NA,"NA",NA,NA,"NA","NA","NA",NA,NA,NA,NA,NA,NA,NA,NA,NA,NA,NA,NA,NA,"NA","NA",NA,"NA","NA",NA
"TN","NA","NA",NA,"NA","ab mauri","NA",NA,"NA",NA,NA,NA,NA,NA,NA,"311999","2099, 2083; 2035; 2087","NA","NA","NA","NA",NA,NA,"NA",NA,"2743 Riverport Road","Memphis","NA","TN",NA,"NA",NA,NA,"35.073599999999999","-90.087909999999994","NA",NA,NA,NA,NA,NA,NA,NA,NA,NA,NA,NA,NA,NA,"NA","NA",NA,"NA","NA",NA
"TN","NA","NA",NA,"NA","accurate energetic systems","NA",NA,"NA",NA,NA,NA,NA,NA,NA,"NA","","NA","NA","NA","NA",NA,NA,"NA",NA,"5891 Hwy. 230 West","Mcewen","NA","TN",NA,"NA",NA,NA,"NA","NA","NA",NA,NA,NA,NA,NA,NA,NA,NA,NA,NA,NA,NA,NA,"NA","NA",NA,"NA","NA",NA
"TN","NA","NA",NA,"NA","ace products incorporated","NA",NA,"NA",NA,NA,NA,NA,NA,NA,"NA","","NA","NA","NA","NA",NA,NA,"NA",NA,"850 Industrial Road","Newport","NA","TN",NA,"NA",NA,NA,"NA","NA","NA",NA,NA,NA,NA,NA,NA,NA,NA,NA,NA,NA,NA,NA,"NA","NA",NA,"NA","NA",NA
"TN","NA","NA",NA,"NA","adm southern cellulose products incorporated","NA",NA,"NA",NA,NA,NA,NA,NA,NA,"NA","","NA","NA","NA","NA",NA,NA,"NA",NA,"P.o. Box 2278","Chattanooga","NA","TN",NA,"NA",NA,NA,"NA","NA","NA",NA,NA,NA,NA,NA,NA,NA,NA,NA,NA,NA,NA,NA,"NA","NA",NA,"NA","NA",NA
"TN","NA","NA",NA,"NA","aerojet ordnance tennessee incorporated","NA",NA,"NA",NA,NA,NA,NA,NA,NA,"NA","","NA","NA","NA","NA",NA,NA,"NA",NA,"1367 Old State Route","Jonesborough","NA","TN",NA,"NA",NA,NA,"NA","NA","NA",NA,NA,NA,NA,NA,NA,NA,NA,NA,NA,NA,NA,NA,"NA","NA",NA,"NA","NA",NA
"TN","NA","NA",NA,"NA","afg industries incorporated blue ridge plant","NA",NA,"NA",NA,NA,NA,NA,NA,NA,"NA","","NA","NA","NA","NA",NA,NA,"NA",NA,"1450 Lincoln Street","Kingsport","NA","TN",NA,"NA",NA,NA,"NA","NA","NA",NA,NA,NA,NA,NA,NA,NA,NA,NA,NA,NA,NA,NA,"NA","NA",NA,"NA","NA",NA
"TN","NA","NA",NA,"NA","agc greenland plant","NA",NA,"NA",NA,NA,NA,NA,NA,NA,"327215","3211","NA","NA","NA","NA",NA,NA,"NA",NA,"600 Afg Road","Church Hill","NA","TN",NA,"NA",NA,NA,"36.496470000000002","-82.778779999999998","NA",NA,NA,NA,NA,NA,NA,NA,NA,NA,NA,NA,NA,NA,"NA","NA",NA,"NA","NA",NA
"TN","NA","NA",NA,"NA","alladin plastics surgoinsville","NA",NA,"NA",NA,NA,NA,NA,NA,NA,"326199","3089 2519 3993","NA","NA","NA","NA",NA,NA,"NA",NA,"140 Industrial Drive","Surgoinsville","NA","TN",NA,"NA",NA,NA,"36.477530000000002","-82.81671","NA",NA,NA,NA,NA,NA,NA,NA,NA,NA,NA,NA,NA,NA,"NA","NA",NA,"NA","NA",NA
"TN","NA","NA",NA,"NA","american limestone company coster plant","NA",NA,"NA",NA,NA,NA,NA,NA,NA,"NA","","NA","NA","NA","NA",NA,NA,"NA",NA,"224 Heiskell Ave.","Knoxville","NA","TN",NA,"NA",NA,NA,"NA","NA","NA",NA,NA,NA,NA,NA,NA,NA,NA,NA,NA,NA,NA,NA,"NA","NA",NA,"NA","NA",NA
"TN","NA","NA",NA,"NA","american limestone company neyland","NA",NA,"NA",NA,NA,NA,NA,NA,NA,"NA","","NA","NA","NA","NA",NA,NA,"NA",NA,"2200 Neyland Drive","Knoxville","NA","TN",NA,"NA",NA,NA,"NA","NA","NA",NA,NA,NA,NA,NA,NA,NA,NA,NA,NA,NA,NA,NA,"NA","NA",NA,"NA","NA",NA
"TN","NA","NA",NA,"NA","american limestone company rockford","NA",NA,"NA",NA,NA,NA,NA,NA,NA,"NA","","NA","NA","NA","NA",NA,NA,"NA",NA,"547 National Drive","Rockford","NA","TN",NA,"NA",NA,NA,"NA","NA","NA",NA,NA,NA,NA,NA,NA,NA,NA,NA,NA,NA,NA,NA,"NA","NA",NA,"NA","NA",NA
"TN","NA","NA",NA,"NA","american limestone company springfield concrete plant","NA",NA,"NA",NA,NA,NA,NA,NA,NA,"NA","","NA","NA","NA","NA",NA,NA,"NA",NA,"4275 Hwy. 431 North","Springfield","NA","TN",NA,"NA",NA,NA,"NA","NA","NA",NA,NA,NA,NA,NA,NA,NA,NA,NA,NA,NA,NA,NA,"NA","NA",NA,"NA","NA",NA
"TN","NA","NA",NA,"NA","american limestone company west knox","NA",NA,"NA",NA,NA,NA,NA,NA,NA,"NA","","NA","NA","NA","NA",NA,NA,"NA",NA,"10433 Lexington Drive","Knoxville","NA","TN",NA,"NA",NA,NA,"NA","NA","NA",NA,NA,NA,NA,NA,NA,NA,NA,NA,NA,NA,NA,NA,"NA","NA",NA,"NA","NA",NA
"TN","NA","NA",NA,"NA","aoc limited liability corporation","NA",NA,"NA",NA,NA,NA,NA,NA,NA,"325211","2821","NA","NA","NA","NA",NA,NA,"NA",NA,"860 Highway 57 East","Collierville","NA","TN",NA,"NA",NA,NA,"35.04589","-89.628720000000001","NA",NA,NA,NA,NA,NA,NA,NA,NA,NA,NA,NA,NA,NA,"NA","NA",NA,"NA","NA",NA
"TN","NA","NA",NA,"NA","archer daniel midland company","NA",NA,"NA",NA,NA,NA,NA,NA,NA,"NA","","NA","NA","NA","NA",NA,NA,"NA",NA,"1204 Judd Rd.","Chattanooga","NA","TN",NA,"NA",NA,NA,"NA","NA","NA",NA,NA,NA,NA,NA,NA,NA,NA,NA,NA,NA,NA,NA,"NA","NA",NA,"NA","NA",NA
"TN","NA","NA",NA,"NA","arconic incorporated north plant","NA",NA,"NA",NA,NA,NA,NA,NA,NA,"331319","3355 3444 3341","NA","NA","NA","NA",NA,NA,"NA",NA,"2300 North Wright Rd.","Alcoa","NA","TN",NA,"NA",NA,NA,"35.812869999999997","-83.976979999999998","NA",NA,NA,NA,NA,NA,NA,NA,NA,NA,NA,NA,NA,NA,"NA","NA",NA,"NA","NA",NA
"TN","NA","NA",NA,"NA","armstrong hardwood flooring company","NA",NA,"NA",NA,NA,NA,NA,NA,NA,"NA","","NA","NA","NA","NA",NA,NA,"NA",NA,"154 Rosedale St.","Jackson","NA","TN",NA,"NA",NA,NA,"NA","NA","NA",NA,NA,NA,NA,NA,NA,NA,NA,NA,NA,NA,NA,NA,"NA","NA",NA,"NA","NA",NA
"TN","NA","NA",NA,"NA","arnold engineering devevelopment center aedc","NA",NA,"NA",NA,NA,NA,NA,NA,NA,"NA","","NA","NA","NA","NA",NA,NA,"NA",NA,"Suite A-115","Arnold Air Force Base","NA","TN",NA,"NA",NA,NA,"NA","NA","NA",NA,NA,NA,NA,NA,NA,NA,NA,NA,NA,NA,NA,NA,"NA","NA",NA,"NA","NA",NA
"TN","NA","NA",NA,"NA","axis nation limited liability corporation dba bonnaroo music and arts festival","NA",NA,"NA",NA,NA,NA,NA,NA,NA,"NA","","NA","NA","NA","NA",NA,NA,"NA",NA,"Ste. 1100","Knoxville","NA","TN",NA,"NA",NA,NA,"NA","NA","NA",NA,NA,NA,NA,NA,NA,NA,NA,NA,NA,NA,NA,NA,"NA","NA",NA,"NA","NA",NA
"TN","NA","NA",NA,"NA","b f goodrich aerospace","NA",NA,"NA",NA,NA,NA,NA,NA,NA,"NA","","NA","NA","NA","NA",NA,NA,"NA",NA,"201 Mitchell Blvd.","Tullahoma","NA","TN",NA,"NA",NA,NA,"NA","NA","NA",NA,NA,NA,NA,NA,NA,NA,NA,NA,NA,NA,NA,NA,"NA","NA",NA,"NA","NA",NA
"TN","NA","NA",NA,"NA","bae systems ordnance systems incorporated holston army ammunition plant","NA",NA,"NA",NA,NA,NA,NA,NA,NA,"325920","2892","NA","NA","NA","NA",NA,NA,"NA",NA,"4509 West Stone Drive","Kingsport","NA","TN",NA,"NA",NA,NA,"36.55171","-82.635859999999994","NA",NA,NA,NA,NA,NA,NA,NA,NA,NA,NA,NA,NA,NA,"NA","NA",NA,"NA","NA",NA
"TN","NA","NA",NA,"NA","basf corporation","NA",NA,"NA",NA,NA,NA,NA,NA,NA,"325520","2891","NA","NA","NA","NA",NA,NA,"NA",NA,"3805 Amnicola Highway","Chattanooga","NA","TN",NA,"NA",NA,NA,"35.0916","-85.258449999999996","NA",NA,NA,NA,NA,NA,NA,NA,NA,NA,NA,NA,NA,NA,"NA","NA",NA,"NA","NA",NA
"TN","NA","NA",NA,"NA","beacon hill village community dock associates incorporated","NA",NA,"NA",NA,NA,NA,NA,NA,NA,"NA","","NA","NA","NA","NA",NA,NA,"NA",NA,"#103","Old Hickory","NA","TN",NA,"NA",NA,NA,"NA","NA","NA",NA,NA,NA,NA,NA,NA,NA,NA,NA,NA,NA,NA,NA,"NA","NA",NA,"NA","NA",NA
"TN","NA","NA",NA,"NA","becromal of america","NA",NA,"NA",NA,NA,NA,NA,NA,NA,"NA","","NA","NA","NA","NA",NA,NA,"NA",NA,"Po Box 163","Clinton","NA","TN",NA,"NA",NA,NA,"NA","NA","NA",NA,NA,NA,NA,NA,NA,NA,NA,NA,NA,NA,NA,NA,"NA","NA",NA,"NA","NA",NA
"TN","NA","NA",NA,"NA","bioenergy dev group limited liability corporation","NA",NA,"NA",NA,NA,NA,NA,NA,NA,"NA","2048","NA","NA","NA","NA",NA,NA,"NA",NA,"2227 Deadrick Avenue","Memphis","NA","TN",NA,"NA",NA,NA,"35.10454","-89.988399999999999","NA",NA,NA,NA,NA,NA,NA,NA,NA,NA,NA,NA,NA,NA,"NA","NA",NA,"NA","NA",NA
"TN","NA","NA",NA,"NA","bitmain incorporated us carpenter creek limited liability corporation","NA",NA,"NA",NA,NA,NA,NA,NA,NA,"NA","","NA","NA","NA","NA",NA,NA,"NA",NA,"5101 S. National Drive","Knoxville","NA","TN",NA,"NA",NA,NA,"NA","NA","NA",NA,NA,NA,NA,NA,NA,NA,NA,NA,NA,NA,NA,NA,"NA","NA",NA,"NA","NA",NA
"TN","NA","NA",NA,"NA","black and decker u s incorporated","NA",NA,"NA",NA,NA,NA,NA,NA,NA,"NA","","NA","NA","NA","NA",NA,NA,"NA",NA,"P.o. Box 2468","Jackson","NA","TN",NA,"NA",NA,NA,"NA","NA","NA",NA,NA,NA,NA,NA,NA,NA,NA,NA,NA,NA,NA,NA,"NA","NA",NA,"NA","NA",NA
"TN","NA","NA",NA,"NA","blues city brewery limited liability corporation","NA",NA,"NA",NA,NA,NA,NA,NA,NA,"NA","","NA","NA","NA","NA",NA,NA,"NA",NA,"5151 East Raines Rd.","Memphis","NA","TN",NA,"NA",NA,NA,"NA","NA","NA",NA,NA,NA,NA,NA,NA,NA,NA,NA,NA,NA,NA,NA,"NA","NA",NA,"NA","NA",NA
"TN","NA","NA",NA,"NA","bob page","NA",NA,"NA",NA,NA,NA,NA,NA,NA,"NA","","NA","NA","NA","NA",NA,NA,"NA",NA,"9840 Hwy. 2","Dresden","NA","TN",NA,"NA",NA,NA,"NA","NA","NA",NA,NA,NA,NA,NA,NA,NA,NA,NA,NA,NA,NA,NA,"NA","NA",NA,"NA","NA",NA
"TN","NA","NA",NA,"NA","boh tva boone dam downstream seepage remediation drilling and grouting","NA",NA,"NA",NA,NA,NA,NA,NA,NA,"NA","","NA","NA","NA","NA",NA,NA,"NA",NA,"1101 Market Street","Chattanooga","NA","TN",NA,"NA",NA,NA,"NA","NA","NA",NA,NA,NA,NA,NA,NA,NA,NA,NA,NA,NA,NA,NA,"NA","NA",NA,"NA","NA",NA
"TN","NA","NA",NA,"NA","boral bricks","NA",NA,"NA",NA,NA,NA,NA,NA,NA,"NA","","NA","NA","NA","NA",NA,NA,"NA",NA,"P.o. Box 72","Gleason","NA","TN",NA,"NA",NA,NA,"NA","NA","NA",NA,NA,NA,NA,NA,NA,NA,NA,NA,NA,NA,NA,NA,"NA","NA",NA,"NA","NA",NA
"TN","NA","NA",NA,"NA","bridgestone americas tire operations limited liability corporation","NA",NA,"NA",NA,NA,NA,NA,NA,NA,"326211, NA","3011, ","NA","NA","NA","NA",NA,NA,"NA",NA,"1201 Bridgestone Pwky., 725 Bridgestone Drive","Lavergne, Morrison","NA","TN",NA,"NA",NA,NA,"35.635190000000001","-85.867220000000003","NA",NA,NA,NA,NA,NA,NA,NA,NA,NA,NA,NA,NA,NA,"NA","NA",NA,"NA","NA",NA
"TN","NA","NA",NA,"NA","briggs industries incorporated","NA",NA,"NA",NA,NA,NA,NA,NA,NA,"NA","","NA","NA","NA","NA",NA,NA,"NA",NA,"5040 National Dr.","Knoxville","NA","TN",NA,"NA",NA,NA,"NA","NA","NA",NA,NA,NA,NA,NA,NA,NA,NA,NA,NA,NA,NA,NA,"NA","NA",NA,"NA","NA",NA
"TN","NA","NA",NA,"NA","bush brothers and company","NA",NA,"NA",NA,NA,NA,NA,NA,NA,"311421","2033 2037","NA","NA","NA","NA",NA,NA,"NA",NA,"3304 Chestnut Hill Rd.","Dandridge","NA","TN",NA,"NA",NA,NA,"35.930160000000001","-83.340869999999995","NA",NA,NA,NA,NA,NA,NA,NA,NA,NA,NA,NA,NA,NA,"NA","NA",NA,"NA","NA",NA
"TN","NA","NA",NA,"NA","buzzi unicem usa bennet s lake quarry","NA",NA,"NA",NA,NA,NA,NA,NA,NA,"NA","","NA","NA","NA","NA",NA,NA,"NA",NA,"P. O. Box 4304","Chattanooga","NA","TN",NA,"NA",NA,NA,"NA","NA","NA",NA,NA,NA,NA,NA,NA,NA,NA,NA,NA,NA,NA,NA,"NA","NA",NA,"NA","NA",NA
"TN","NA","NA",NA,"NA","buzzi unicem usa signal mountain plant","NA",NA,"NA",NA,NA,NA,NA,NA,NA,"NA","","NA","NA","NA","NA",NA,NA,"NA",NA,"P. O. Box 4304","Chattanooga","NA","TN",NA,"NA",NA,NA,"NA","NA","NA",NA,NA,NA,NA,NA,NA,NA,NA,NA,NA,NA,NA,NA,"NA","NA",NA,"NA","NA",NA
"TN","NA","NA",NA,"NA","c g roxane water company","NA",NA,"NA",NA,NA,NA,NA,NA,NA,"NA","","NA","NA","NA","NA",NA,NA,"NA",NA,"303 Crystal Geyser Lane","Benton","NA","TN",NA,"NA",NA,NA,"NA","NA","NA",NA,NA,NA,NA,NA,NA,NA,NA,NA,NA,NA,NA,NA,"NA","NA",NA,"NA","NA",NA
"TN","NA","NA",NA,"NA","caraustar of chattanooga","NA",NA,"NA",NA,NA,NA,NA,NA,NA,"NA","","NA","NA","NA","NA",NA,NA,"NA",NA,"2100 Rossville Ave.","Chattanooga","NA","TN",NA,"NA",NA,NA,"NA","NA","NA",NA,NA,NA,NA,NA,NA,NA,NA,NA,NA,NA,NA,NA,"NA","NA",NA,"NA","NA",NA
"TN","NA","NA",NA,"NA","carderview utility","NA",NA,"NA",NA,NA,NA,NA,NA,NA,"NA","","NA","NA","NA","NA",NA,NA,"NA",NA,"P.o.  Box 210","Butler","NA","TN",NA,"NA",NA,NA,"NA","NA","NA",NA,NA,NA,NA,NA,NA,NA,NA,NA,NA,NA,NA,NA,"NA","NA",NA,"NA","NA",NA
"TN","NA","NA",NA,"NA","carlex glass america limited liability corporation nashville glass plant","NA",NA,"NA",NA,NA,NA,NA,NA,NA,"NA","","NA","NA","NA","NA",NA,NA,"NA",NA,"7200 Centennial Blvd.","Nashville","NA","TN",NA,"NA",NA,NA,"NA","NA","NA",NA,NA,NA,NA,NA,NA,NA,NA,NA,NA,NA,NA,NA,"NA","NA",NA,"NA","NA",NA
"TN","NA","NA",NA,"NA","carlisle tire company","NA",NA,"NA",NA,NA,NA,NA,NA,NA,"326211","3011","NA","NA","NA","NA",NA,NA,"NA",NA,"520 Jd Yarnell Industrial Parkway","Clinton","NA","TN",NA,"NA",NA,NA,"36.091873100000001","-84.111742399999997","NA",NA,NA,NA,NA,NA,NA,NA,NA,NA,NA,NA,NA,NA,"NA","NA",NA,"NA","NA",NA
"TN","NA","NA",NA,"NA","cemex construction materials atlantic limited liability corporation","NA",NA,"NA",NA,NA,NA,NA,NA,NA,"327310","3241","NA","NA","NA","NA",NA,NA,"NA",NA,"6212 Cement Plant Road","Knoxville","NA","TN",NA,"NA",NA,NA,"36.0328351","-83.816619799999998","NA",NA,NA,NA,NA,NA,NA,NA,NA,NA,NA,NA,NA,NA,"NA","NA",NA,"NA","NA",NA
"TN","NA","NA",NA,"NA","chad baker","NA",NA,"NA",NA,NA,NA,NA,NA,NA,"NA","","NA","NA","NA","NA",NA,NA,"NA",NA,"4650 Hwy 11e","Bluff City","NA","TN",NA,"NA",NA,NA,"NA","NA","NA",NA,NA,NA,NA,NA,NA,NA,NA,NA,NA,NA,NA,NA,"NA","NA",NA,"NA","NA",NA
"TN","NA","NA",NA,"NA","chattem chemical company","NA",NA,"NA",NA,NA,NA,NA,NA,NA,"NA","","NA","NA","NA","NA",NA,NA,"NA",NA,"3708 St. Elmo Ave.","Chattanooga","NA","TN",NA,"NA",NA,NA,"NA","NA","NA",NA,NA,NA,NA,NA,NA,NA,NA,NA,NA,NA,NA,NA,"NA","NA",NA,"NA","NA",NA
"TN","NA","NA",NA,"NA","chemetall foote corporation","NA",NA,"NA",NA,NA,NA,NA,NA,NA,"NA","","NA","NA","NA","NA",NA,NA,"NA",NA,"856 Foote Lane","New Johnsonville","NA","TN",NA,"NA",NA,NA,"NA","NA","NA",NA,NA,NA,NA,NA,NA,NA,NA,NA,NA,NA,NA,NA,"NA","NA",NA,"NA","NA",NA
"TN","NA","NA",NA,"NA","chemours","NA",NA,"NA",NA,NA,NA,NA,NA,NA,"NA","","NA","NA","NA","NA",NA,NA,"NA",NA,"2571 Fite Rd.","Memphis","NA","TN",NA,"NA",NA,NA,"NA","NA","NA",NA,NA,NA,NA,NA,NA,NA,NA,NA,NA,NA,NA,NA,"NA","NA",NA,"NA","NA",NA
"TN","NA","NA",NA,"NA","city of clarksville marina","NA",NA,"NA",NA,NA,NA,NA,NA,NA,"NA","","NA","NA","NA","NA",NA,NA,"NA",NA,"2215 Madison St","Clarksville","NA","TN",NA,"NA",NA,NA,"NA","NA","NA",NA,NA,NA,NA,NA,NA,NA,NA,NA,NA,NA,NA,NA,"NA","NA",NA,"NA","NA",NA
"TN","NA","NA",NA,"NA","coca cola bottling company incorporated","NA",NA,"NA",NA,NA,NA,NA,NA,NA,"311930","2086","NA","NA","NA","NA",NA,NA,"NA",NA,"4000 Amnicola Hwy","Chattanooga","NA","TN",NA,"NA",NA,NA,"35.093584499999999","-85.253462099999993","NA",NA,NA,NA,NA,NA,NA,NA,NA,NA,NA,NA,NA,NA,"NA","NA",NA,"NA","NA",NA
"TN","NA","NA",NA,"NA","coey tanning company","NA",NA,"NA",NA,NA,NA,NA,NA,NA,"316110","3111 3172","NA","NA","NA","NA",NA,NA,"NA",NA,"441 Bugscuffle Road","Wartrace","NA","TN",NA,"NA",NA,NA,"35.5138082","-86.326688000000004","NA",NA,NA,NA,NA,NA,NA,NA,NA,NA,NA,NA,NA,NA,"NA","NA",NA,"NA","NA",NA
"TN","NA","NA",NA,"NA","colorworks incorporated","NA",NA,"NA",NA,NA,NA,NA,NA,NA,"313311","2269","NA","NA","NA","NA",NA,NA,"NA",NA,"151 Iodent Way","Elizabethton","NA","TN",NA,"NA",NA,NA,"36.361260799999997","-82.188549899999998","NA",NA,NA,NA,NA,NA,NA,NA,NA,NA,NA,NA,NA,NA,"NA","NA",NA,"NA","NA",NA
"TN","NA","NA",NA,"NA","conagra foods","NA",NA,"NA",NA,NA,NA,NA,NA,NA,"NA","","NA","NA","NA","NA",NA,NA,"NA",NA,"540 E. Broadway","Newport","NA","TN",NA,"NA",NA,NA,"NA","NA","NA",NA,NA,NA,NA,NA,NA,NA,NA,NA,NA,NA,NA,NA,"NA","NA",NA,"NA","NA",NA
"TN","NA","NA",NA,"NA","crotty corporation","NA",NA,"NA",NA,NA,NA,NA,NA,NA,"NA","","NA","NA","NA","NA",NA,NA,"NA",NA,"P.o. Box 95","Gainesboro","NA","TN",NA,"NA",NA,NA,"NA","NA","NA",NA,NA,NA,NA,NA,NA,NA,NA,NA,NA,NA,NA,NA,"NA","NA",NA,"NA","NA",NA
"TN","NA","NA",NA,"NA","cytec industries incorporated","NA",NA,"NA",NA,NA,NA,NA,NA,NA,"NA","","NA","NA","NA","NA",NA,NA,"NA",NA,"P.o. Box 152","Mt. Pleasant","NA","TN",NA,"NA",NA,NA,"NA","NA","NA",NA,NA,NA,NA,NA,NA,NA,NA,NA,NA,NA,NA,NA,"NA","NA",NA,"NA","NA",NA
"TN","NA","NA",NA,"NA","dale autrey","NA",NA,"NA",NA,NA,NA,NA,NA,NA,"NA","","NA","NA","NA","NA",NA,NA,"NA",NA,"1176 Hawkins Creek Rd.","Huntingdon","NA","TN",NA,"NA",NA,NA,"NA","NA","NA",NA,NA,NA,NA,NA,NA,NA,NA,NA,NA,NA,NA,NA,"NA","NA",NA,"NA","NA",NA
"TN","NA","NA",NA,"NA","delta construction company","NA",NA,"NA",NA,NA,NA,NA,NA,NA,"NA","","NA","NA","NA","NA",NA,NA,"NA",NA,"2073 E Dr F Wright Dr.","Jackson","NA","TN",NA,"NA",NA,NA,"NA","NA","NA",NA,NA,NA,NA,NA,NA,NA,NA,NA,NA,NA,NA,NA,"NA","NA",NA,"NA","NA",NA
"TN","NA","NA",NA,"NA","delta contracting","NA",NA,"NA",NA,NA,NA,NA,NA,NA,"NA","","NA","NA","NA","NA",NA,NA,"NA",NA,"P.o. Box 427","Humboldt","NA","TN",NA,"NA",NA,NA,"NA","NA","NA",NA,NA,NA,NA,NA,NA,NA,NA,NA,NA,NA,NA,NA,"NA","NA",NA,"NA","NA",NA
"TN","NA","NA",NA,"NA","denso manufacturing incorporated","NA",NA,"NA",NA,NA,NA,NA,NA,NA,"336322","3694 3714","NA","NA","NA","NA",NA,NA,"NA",NA,"1720 Robert C. Jackson Dr","Maryville","NA","TN",NA,"NA",NA,NA,"35.761098500000003","-84.008523800000006","NA",NA,NA,NA,NA,NA,NA,NA,NA,NA,NA,NA,NA,NA,"NA","NA",NA,"NA","NA",NA
"TN","NA","NA",NA,"NA","diageo americas supply dba cascade hollow distilling company","NA",NA,"NA",NA,NA,NA,NA,NA,NA,"312140","2085","NA","NA","NA","NA",NA,NA,"NA",NA,"1950 Cascade Hollow Road","Tullahoma","NA","TN",NA,"NA",NA,NA,"35.438341999999999","-86.245198799999997","NA",NA,NA,NA,NA,NA,NA,NA,NA,NA,NA,NA,NA,NA,"NA","NA",NA,"NA","NA",NA
"TN","NA","NA",NA,"NA","domtar paper company limited liability corporation","NA",NA,"NA",NA,NA,NA,NA,NA,NA,"322121","2611 2621","NA","NA","NA","NA",NA,NA,"NA",NA,"100 Clinchfield Street","Kingsport","NA","TN",NA,"NA",NA,NA,"36.547241100000001","-82.565095400000004","NA",NA,NA,NA,NA,NA,NA,NA,NA,NA,NA,NA,NA,NA,"NA","NA",NA,"NA","NA",NA
"TN","NA","NA",NA,"NA","dura plastic products incorporated","NA",NA,"NA",NA,NA,NA,NA,NA,NA,"NA","","NA","NA","NA","NA",NA,NA,"NA",NA,"P.o. Box 159","Celina","NA","TN",NA,"NA",NA,NA,"NA","NA","NA",NA,NA,NA,NA,NA,NA,NA,NA,NA,NA,NA,NA,NA,"NA","NA",NA,"NA","NA",NA
"TN","NA","NA",NA,"NA","duromatic products campaign","NA",NA,"NA",NA,NA,NA,NA,NA,NA,"NA","","NA","NA","NA","NA",NA,NA,"NA",NA,"121 Factory St.","Campaign","NA","TN",NA,"NA",NA,NA,"NA","NA","NA",NA,NA,NA,NA,NA,NA,NA,NA,NA,NA,NA,NA,NA,"NA","NA",NA,"NA","NA",NA
"TN","NA","NA",NA,"NA","dynamental technologies incorporated","NA",NA,"NA",NA,NA,NA,NA,NA,NA,"332117","3562 3499","NA","NA","NA","NA",NA,NA,"NA",NA,"400 Dupree Ave.","Brownsville","NA","TN",NA,"NA",NA,NA,"35.598566699999999","-89.240478999999993","NA",NA,NA,NA,NA,NA,NA,NA,NA,NA,NA,NA,NA,NA,"NA","NA",NA,"NA","NA",NA
"TN","NA","NA",NA,"NA","east tn technology park usdoe k 25 omi","NA",NA,"NA",NA,NA,NA,NA,NA,NA,"NA","","NA","NA","NA","NA",NA,NA,"NA",NA,"# 4101","Oak Ridge","NA","TN",NA,"NA",NA,NA,"NA","NA","NA",NA,NA,NA,NA,NA,NA,NA,NA,NA,NA,NA,NA,NA,"NA","NA",NA,"NA","NA",NA
"TN","NA","NA",NA,"NA","eastman chemical company kingsport","NA",NA,"NA",NA,NA,NA,NA,NA,NA,"NA","","NA","NA","NA","NA",NA,NA,"NA",NA,"P.o. Box 511","Kingsport","NA","TN",NA,"NA",NA,NA,"NA","NA","NA",NA,NA,NA,NA,NA,NA,NA,NA,NA,NA,NA,NA,NA,"NA","NA",NA,"NA","NA",NA
"TN","NA","NA",NA,"NA","eaton aeroquip limited liability corporation","NA",NA,"NA",NA,NA,NA,NA,NA,NA,"NA","","NA","NA","NA","NA",NA,NA,"NA",NA,"860 Blackenship St.","Newbern","NA","TN",NA,"NA",NA,NA,"NA","NA","NA",NA,NA,NA,NA,NA,NA,NA,NA,NA,NA,NA,NA,NA,"NA","NA",NA,"NA","NA",NA
"TN","NA","NA",NA,"NA","erachem comilog incorporated","NA",NA,"NA",NA,NA,NA,NA,NA,NA,"NA","2819","NA","NA","NA","NA",NA,NA,"NA",NA,"795 Foote Lane","New Johnsonville","NA","TN",NA,"NA",NA,NA,"35.997285099999999","-87.9795084","NA",NA,NA,NA,NA,NA,NA,NA,NA,NA,NA,NA,NA,NA,"NA","NA",NA,"NA","NA",NA
"TN","NA","NA",NA,"NA","ergon asphalt and emulsions","NA",NA,"NA",NA,NA,NA,NA,NA,NA,"NA","","NA","NA","NA","NA",NA,NA,"NA",NA,"5445 Hwy. 412 East","Parsons","NA","TN",NA,"NA",NA,NA,"NA","NA","NA",NA,NA,NA,NA,NA,NA,NA,NA,NA,NA,NA,NA,NA,"NA","NA",NA,"NA","NA",NA
"TN","NA","NA",NA,"NA","franklin industrial minerals anderson plant","NA",NA,"NA",NA,NA,NA,NA,NA,NA,"NA","","NA","NA","NA","NA",NA,NA,"NA",NA,"612 10th Ave. North","Nashville","NA","TN",NA,"NA",NA,NA,"NA","NA","NA",NA,NA,NA,NA,NA,NA,NA,NA,NA,NA,NA,NA,NA,"NA","NA",NA,"NA","NA",NA
"TN","NA","NA",NA,"NA","g2o technologies limited liability corporation","NA",NA,"NA",NA,NA,NA,NA,NA,NA,"NA","","NA","NA","NA","NA",NA,NA,"NA",NA,"751 Pineville Rd.","Chattanooga","NA","TN",NA,"NA",NA,NA,"NA","NA","NA",NA,NA,NA,NA,NA,NA,NA,NA,NA,NA,NA,NA,NA,"NA","NA",NA,"NA","NA",NA
"TN","NA","NA",NA,"NA","gemtron","NA",NA,"NA",NA,NA,NA,NA,NA,NA,"NA","","NA","NA","NA","NA",NA,NA,"NA",NA,"615 Hwy. 68","Sweetwater","NA","TN",NA,"NA",NA,NA,"NA","NA","NA",NA,NA,NA,NA,NA,NA,NA,NA,NA,NA,NA,NA,NA,"NA","NA",NA,"NA","NA",NA
"TN","NA","NA",NA,"NA","general mills","NA",NA,"NA",NA,NA,NA,NA,NA,NA,"NA","","NA","NA","NA","NA",NA,NA,"NA",NA,"2533 General Mills Way","Murfreesboro","NA","TN",NA,"NA",NA,NA,"NA","NA","NA",NA,NA,NA,NA,NA,NA,NA,NA,NA,NA,NA,NA,NA,"NA","NA",NA,"NA","NA",NA
"TN","NA","NA",NA,"NA","general motors spring hill manufacturing","NA",NA,"NA",NA,NA,NA,NA,NA,NA,"NA","","NA","NA","NA","NA",NA,NA,"NA",NA,"100 Saturn Parkway","Spring Hill","NA","TN",NA,"NA",NA,NA,"NA","NA","NA",NA,NA,NA,NA,NA,NA,NA,NA,NA,NA,NA,NA,NA,"NA","NA",NA,"NA","NA",NA
"TN","NA","NA",NA,"NA","geo specialty chemical","NA",NA,"NA",NA,NA,NA,NA,NA,NA,"NA","","NA","NA","NA","NA",NA,NA,"NA",NA,"P O Box 327","Counce","NA","TN",NA,"NA",NA,NA,"NA","NA","NA",NA,NA,NA,NA,NA,NA,NA,NA,NA,NA,NA,NA,NA,"NA","NA",NA,"NA","NA",NA
"TN","NA","NA",NA,"NA","georgia pacific gypsum ii limited liability corporation","NA",NA,"NA",NA,NA,NA,NA,NA,NA,"NA","","NA","NA","NA","NA",NA,NA,"NA",NA,"150 Temple Drive","Cumberland City","NA","TN",NA,"NA",NA,NA,"NA","NA","NA",NA,NA,NA,NA,NA,NA,NA,NA,NA,NA,NA,NA,NA,"NA","NA",NA,"NA","NA",NA
"TN","NA","NA",NA,"NA","gerdau ameristeel","NA",NA,"NA",NA,NA,NA,NA,NA,NA,"NA","","NA","NA","NA","NA",NA,NA,"NA",NA,"P. O. Box 10848","Jackson","NA","TN",NA,"NA",NA,NA,"NA","NA","NA",NA,NA,NA,NA,NA,NA,NA,NA,NA,NA,NA,NA,NA,"NA","NA",NA,"NA","NA",NA
"TN","NA","NA",NA,"NA","glenn springs holdings incorporated copperhill","NA",NA,"NA",NA,NA,NA,NA,NA,NA,"NA","","NA","NA","NA","NA",NA,NA,"NA",NA,"P.o. Box 10","Ducktown","NA","TN",NA,"NA",NA,NA,"NA","NA","NA",NA,NA,NA,NA,NA,NA,NA,NA,NA,NA,NA,NA,NA,"NA","NA",NA,"NA","NA",NA
"TN","NA","NA",NA,"NA","glenn springs holdings occidental chemical corporation","NA",NA,"NA",NA,NA,NA,NA,NA,NA,"NA","","NA","NA","NA","NA",NA,NA,"NA",NA,"970 New Highway 7","Columbia","NA","TN",NA,"NA",NA,NA,"NA","NA","NA",NA,NA,NA,NA,NA,NA,NA,NA,NA,NA,NA,NA,NA,"NA","NA",NA,"NA","NA",NA
"TN","NA","NA",NA,"NA","graftech ucar carbon company","NA",NA,"NA",NA,NA,NA,NA,NA,NA,"327125","3297 3624","NA","NA","NA","NA",NA,NA,"NA",NA,"791 Santa Fe Pike","Columbia","NA","TN",NA,"NA",NA,NA,"35.641900399999997","-87.043827300000004","NA",NA,NA,NA,NA,NA,NA,NA,NA,NA,NA,NA,NA,NA,"NA","NA",NA,"NA","NA",NA
"TN","NA","NA",NA,"NA","granges americas incorporated","NA",NA,"NA",NA,NA,NA,NA,NA,NA,"NA","","NA","NA","NA","NA",NA,NA,"NA",NA,"400 Bill Brooks Dr.","Huntingdon","NA","TN",NA,"NA",NA,NA,"NA","NA","NA",NA,NA,NA,NA,NA,NA,NA,NA,NA,NA,NA,NA,NA,"NA","NA",NA,"NA","NA",NA
"TN","NA","NA",NA,"NA","great lake chemical corporation","NA",NA,"NA",NA,NA,NA,NA,NA,NA,"NA","","NA","NA","NA","NA",NA,NA,"NA",NA,"380 Chemwood Dr.","Newport","NA","TN",NA,"NA",NA,NA,"NA","NA","NA",NA,NA,NA,NA,NA,NA,NA,NA,NA,NA,NA,NA,NA,"NA","NA",NA,"NA","NA",NA
"TN","NA","NA",NA,"NA","green plains obion limited liability corporation","NA",NA,"NA",NA,NA,NA,NA,NA,NA,"NA","","NA","NA","NA","NA",NA,NA,"NA",NA,"P.o. Box 95","Obion","NA","TN",NA,"NA",NA,NA,"NA","NA","NA",NA,NA,NA,NA,NA,NA,NA,NA,NA,NA,NA,NA,NA,"NA","NA",NA,"NA","NA",NA
"TN","NA","NA",NA,"NA","holliston holdings limited liability corporation","NA",NA,"NA",NA,NA,NA,NA,NA,NA,"314999","2211 2392","NA","NA","NA","NA",NA,NA,"NA",NA,"905 Holliston Mills Rd.","Church Hill","NA","TN",NA,"NA",NA,NA,"36.513697000000001","-82.757898600000004","NA",NA,NA,NA,NA,NA,NA,NA,NA,NA,NA,NA,NA,NA,"NA","NA",NA,"NA","NA",NA
"TN","NA","NA",NA,"NA","hood container corporation","NA",NA,"NA",NA,NA,NA,NA,NA,NA,"NA","","NA","NA","NA","NA",NA,NA,"NA",NA,"2877 Scepter Rd.","Waverly","NA","TN",NA,"NA",NA,NA,"NA","NA","NA",NA,NA,NA,NA,NA,NA,NA,NA,NA,NA,NA,NA,NA,"NA","NA",NA,"NA","NA",NA
"TN","NA","NA",NA,"NA","international comfort prod incorporated","NA",NA,"NA",NA,NA,NA,NA,NA,NA,"NA","","NA","NA","NA","NA",NA,NA,"NA",NA,"651 Heil Quaker Avenue","Lewisburg","NA","TN",NA,"NA",NA,NA,"NA","NA","NA",NA,NA,NA,NA,NA,NA,NA,NA,NA,NA,NA,NA,NA,"NA","NA",NA,"NA","NA",NA
"TN","NA","NA",NA,"NA","interstate packaging company","NA",NA,"NA",NA,NA,NA,NA,NA,NA,"NA","","NA","NA","NA","NA",NA,NA,"NA",NA,"P.o. Box 789","White Bluff","NA","TN",NA,"NA",NA,NA,"NA","NA","NA",NA,NA,NA,NA,NA,NA,NA,NA,NA,NA,NA,NA,NA,"NA","NA",NA,"NA","NA",NA
"TN","NA","NA",NA,"NA","intertrade holdings incorporated copperhill industries limited liability corporation","NA",NA,"NA",NA,NA,NA,NA,NA,NA,"NA","","NA","NA","NA","NA",NA,NA,"NA",NA,"P.o. Box 1110","Copperhill","NA","TN",NA,"NA",NA,NA,"NA","NA","NA",NA,NA,NA,NA,NA,NA,NA,NA,NA,NA,NA,NA,NA,"NA","NA",NA,"NA","NA",NA
"TN","NA","NA",NA,"NA","j m huber corporation etowah","NA",NA,"NA",NA,NA,NA,NA,NA,NA,"NA","","NA","NA","NA","NA",NA,NA,"NA",NA,"P.o. Box 987","Etowah","NA","TN",NA,"NA",NA,NA,"NA","NA","NA",NA,NA,NA,NA,NA,NA,NA,NA,NA,NA,NA,NA,NA,"NA","NA",NA,"NA","NA",NA
"TN","NA","NA",NA,"NA","jack daniel distillery","NA",NA,"NA",NA,NA,NA,NA,NA,NA,"NA","","NA","NA","NA","NA",NA,NA,"NA",NA,"P.o. Box 702","Lynchburg","NA","TN",NA,"NA",NA,NA,"NA","NA","NA",NA,NA,NA,NA,NA,NA,NA,NA,NA,NA,NA,NA,NA,"NA","NA",NA,"NA","NA",NA
"TN","NA","NA",NA,"NA","jarden zinc products limited liability corporation","NA",NA,"NA",NA,NA,NA,NA,NA,NA,"NA","","NA","NA","NA","NA",NA,NA,"NA",NA,"P. O. Box 1890","Greeneville","NA","TN",NA,"NA",NA,NA,"NA","NA","NA",NA,NA,NA,NA,NA,NA,NA,NA,NA,NA,NA,NA,NA,"NA","NA",NA,"NA","NA",NA
"TN","NA","NA",NA,"NA","johns manville international","NA",NA,"NA",NA,NA,NA,NA,NA,NA,"NA","","NA","NA","NA","NA",NA,NA,"NA",NA,"P.o. Box 309","Etowah","NA","TN",NA,"NA",NA,NA,"NA","NA","NA",NA,NA,NA,NA,NA,NA,NA,NA,NA,NA,NA,NA,NA,"NA","NA",NA,"NA","NA",NA
"TN","NA","NA",NA,"NA","johnson matthey incorporated","NA",NA,"NA",NA,NA,NA,NA,NA,NA,"325188","2819","NA","NA","NA","NA",NA,NA,"NA",NA,"1246 Airport Road","Sevierville","NA","TN",NA,"NA",NA,NA,"35.858690500000002","-83.527338900000004","NA",NA,NA,NA,NA,NA,NA,NA,NA,NA,NA,NA,NA,NA,"NA","NA",NA,"NA","NA",NA
"TN","NA","NA",NA,"NA","johnson private residential lake","NA",NA,"NA",NA,NA,NA,NA,NA,NA,"NA","","NA","NA","NA","NA",NA,NA,"NA",NA,"P.o. Box 3037","Jackson","NA","TN",NA,"NA",NA,NA,"NA","NA","NA",NA,NA,NA,NA,NA,NA,NA,NA,NA,NA,NA,NA,NA,"NA","NA",NA,"NA","NA",NA
"TN","NA","NA",NA,"NA","jw aluminum","NA",NA,"NA",NA,NA,NA,NA,NA,NA,"NA","","NA","NA","NA","NA",NA,NA,"NA",NA,"200 Conalco Dr.","Jackson","NA","TN",NA,"NA",NA,NA,"NA","NA","NA",NA,NA,NA,NA,NA,NA,NA,NA,NA,NA,NA,NA,NA,"NA","NA",NA,"NA","NA",NA
"TN","NA","NA",NA,"NA","kentucky tennessee clay company","NA",NA,"NA",NA,NA,NA,NA,NA,NA,"NA","","NA","NA","NA","NA",NA,NA,"NA",NA,"5450 Highway 22","Gleason","NA","TN",NA,"NA",NA,NA,"NA","NA","NA",NA,NA,NA,NA,NA,NA,NA,NA,NA,NA,NA,NA,NA,"NA","NA",NA,"NA","NA",NA
"TN","NA","NA",NA,"NA","kimberly clark corporation","NA",NA,"NA",NA,NA,NA,NA,NA,NA,"322121","2676","NA","NA","NA","NA",NA,NA,"NA",NA,"5600 Kimberly Way","Loudon","NA","TN",NA,"NA",NA,NA,"35.766997799999999","-84.330136499999995","NA",NA,NA,NA,NA,NA,NA,NA,NA,NA,NA,NA,NA,NA,"NA","NA",NA,"NA","NA",NA
"TN","NA","NA",NA,"NA","kohler company","NA",NA,"NA",NA,NA,NA,NA,NA,NA,"NA","","NA","NA","NA","NA",NA,NA,"NA",NA,"2000 N. 5th St.","Union City","NA","TN",NA,"NA",NA,NA,"NA","NA","NA",NA,NA,NA,NA,NA,NA,NA,NA,NA,NA,NA,NA,NA,"NA","NA",NA,"NA","NA",NA
"TN","NA","NA",NA,"NA","kordsa incorporated","NA",NA,"NA",NA,NA,NA,NA,NA,NA,"NA","","NA","NA","NA","NA",NA,NA,"NA",NA,"4501 N. Access Road","Chattanooga","NA","TN",NA,"NA",NA,NA,"NA","NA","NA",NA,NA,NA,NA,NA,NA,NA,NA,NA,NA,NA,NA,NA,"NA","NA",NA,"NA","NA",NA
"TN","NA","NA",NA,"NA","ktg usa incorporated","NA",NA,"NA",NA,NA,NA,NA,NA,NA,"322121","2621","NA","NA","NA","NA",NA,NA,"NA",NA,"400 Mahannah Avenue","Memphis","NA","TN",NA,"NA",NA,NA,"35.1839601","-90.044188500000004","NA",NA,NA,NA,NA,NA,NA,NA,NA,NA,NA,NA,NA,NA,"NA","NA",NA,"NA","NA",NA
"TN","NA","NA",NA,"NA","l and r sawmill","NA",NA,"NA",NA,NA,NA,NA,NA,NA,"NA","","NA","NA","NA","NA",NA,NA,"NA",NA,"444 West Powell","Brownsville","NA","TN",NA,"NA",NA,NA,"NA","NA","NA",NA,NA,NA,NA,NA,NA,NA,NA,NA,NA,NA,NA,NA,"NA","NA",NA,"NA","NA",NA
"TN","NA","NA",NA,"NA","maymead materials incorporated","NA",NA,"NA",NA,NA,NA,NA,NA,NA,"NA","","NA","NA","NA","NA",NA,NA,"NA",NA,"P.o. Box 911","Mountain City","NA","TN",NA,"NA",NA,NA,"NA","NA","NA",NA,NA,NA,NA,NA,NA,NA,NA,NA,NA,NA,NA,NA,"NA","NA",NA,"NA","NA",NA
"TN","NA","NA",NA,"NA","memphis cellulose limited liability corporation","NA",NA,"NA",NA,NA,NA,NA,NA,NA,"NA","","NA","NA","NA","NA",NA,NA,"NA",NA,"1001 Tillman Street","Memphis","NA","TN",NA,"NA",NA,NA,"NA","NA","NA",NA,NA,NA,NA,NA,NA,NA,NA,NA,NA,NA,NA,NA,"NA","NA",NA,"NA","NA",NA
"TN","NA","NA",NA,"NA","milan army ammunition plant","NA",NA,"NA",NA,NA,NA,NA,NA,NA,"NA","","NA","NA","NA","NA",NA,NA,"NA",NA,"Suite 2","Milan","NA","TN",NA,"NA",NA,NA,"NA","NA","NA",NA,NA,NA,NA,NA,NA,NA,NA,NA,NA,NA,NA,NA,"NA","NA",NA,"NA","NA",NA
"TN","NA","NA",NA,"NA","modine manufacturing clinton","NA",NA,"NA",NA,NA,NA,NA,NA,NA,"NA","","NA","NA","NA","NA",NA,NA,"NA",NA,"320 J D Yarnell Ind. Pkwy.","Clinton","NA","TN",NA,"NA",NA,NA,"NA","NA","NA",NA,NA,NA,NA,NA,NA,NA,NA,NA,NA,NA,NA,NA,"NA","NA",NA,"NA","NA",NA
"TN","NA","NA",NA,"NA","modine manufacturing company","NA",NA,"NA",NA,NA,NA,NA,NA,NA,"NA","","NA","NA","NA","NA",NA,NA,"NA",NA,"320 J D Yarnell Industrial Pwky","Clinton","NA","TN",NA,"NA",NA,NA,"NA","NA","NA",NA,NA,NA,NA,NA,NA,NA,NA,NA,NA,NA,NA,NA,"NA","NA",NA,"NA","NA",NA
"TN","NA","NA",NA,"NA","montes stone products","NA",NA,"NA",NA,NA,NA,NA,NA,NA,"NA","","NA","NA","NA","NA",NA,NA,"NA",NA,"P.o. Box 1182","Dunlap","NA","TN",NA,"NA",NA,NA,"NA","NA","NA",NA,NA,NA,NA,NA,NA,NA,NA,NA,NA,NA,NA,NA,"NA","NA",NA,"NA","NA",NA
"TN","NA","NA",NA,"NA","neo products","NA",NA,"NA",NA,NA,NA,NA,NA,NA,"NA","","NA","NA","NA","NA",NA,NA,"NA",NA,"P.o. Box 70","Henderson","NA","TN",NA,"NA",NA,NA,"NA","NA","NA",NA,NA,NA,NA,NA,NA,NA,NA,NA,NA,NA,NA,NA,"NA","NA",NA,"NA","NA",NA
"TN","NA","NA",NA,"NA","nielsen bainbridge","NA",NA,"NA",NA,NA,NA,NA,NA,NA,"NA","","NA","NA","NA","NA",NA,NA,"NA",NA,"1267 N. Grudy Quarles Hwy.","Gainesboro","NA","TN",NA,"NA",NA,NA,"NA","NA","NA",NA,NA,NA,NA,NA,NA,NA,NA,NA,NA,NA,NA,NA,"NA","NA",NA,"NA","NA",NA
"TN","NA","NA",NA,"NA","north american fibers corporation","NA",NA,"NA",NA,NA,NA,NA,NA,NA,"NA","","NA","NA","NA","NA",NA,NA,"NA",NA,"1001 West Elk Avenue","Elizabethton","NA","TN",NA,"NA",NA,NA,"NA","NA","NA",NA,NA,NA,NA,NA,NA,NA,NA,NA,NA,NA,NA,NA,"NA","NA",NA,"NA","NA",NA
"TN","NA","NA",NA,"NA","north pointe builders","NA",NA,"NA",NA,NA,NA,NA,NA,NA,"NA","","NA","NA","NA","NA",NA,NA,"NA",NA,"4406 N. Highland","Jackson","NA","TN",NA,"NA",NA,NA,"NA","NA","NA",NA,NA,NA,NA,NA,NA,NA,NA,NA,NA,NA,NA,NA,"NA","NA",NA,"NA","NA",NA
"TN","NA","NA",NA,"NA","nouryon surface chemistry limited liability corporation","NA",NA,"NA",NA,NA,NA,NA,NA,NA,"325998","2819","NA","NA","NA","NA",NA,NA,"NA",NA,"909 Mueller Ave.","Chattanooga","NA","TN",NA,"NA",NA,NA,"35.085560000000001","-85.256765200000004","NA",NA,NA,NA,NA,NA,NA,NA,NA,NA,NA,NA,NA,NA,"NA","NA",NA,"NA","NA",NA
"TN","NA","NA",NA,"NA","nuclear fuel service","NA",NA,"NA",NA,NA,NA,NA,NA,NA,"324110","2819","NA","NA","NA","NA",NA,NA,"NA",NA,"1205 Banner Hill Rd.","Erwin","NA","TN",NA,"NA",NA,NA,"36.129102899999999","-82.432537499999995","NA",NA,NA,NA,NA,NA,NA,NA,NA,NA,NA,NA,NA,NA,"NA","NA",NA,"NA","NA",NA
"TN","NA","NA",NA,"NA","nyrstar clarksville incorporated","NA",NA,"NA",NA,NA,NA,NA,NA,NA,"331419","3339","NA","NA","NA","NA",NA,NA,"NA",NA,"1800 Zinc Plant Rd","Clarksville","NA","TN",NA,"NA",NA,NA,"36.514120599999998","-87.406409100000005","NA",NA,NA,NA,NA,NA,NA,NA,NA,NA,NA,NA,NA,NA,"NA","NA",NA,"NA","NA",NA
"TN","NA","NA",NA,"NA","oak ridge national laboratory us doe","NA",NA,"NA",NA,NA,NA,NA,NA,NA,"NA","","NA","NA","NA","NA",NA,NA,"NA",NA,"P.o. Box 2008","Oak Ridge","NA","TN",NA,"NA",NA,NA,"NA","NA","NA",NA,NA,NA,NA,NA,NA,NA,NA,NA,NA,NA,NA,NA,"NA","NA",NA,"NA","NA",NA
"TN","NA","NA",NA,"NA","olin corporation","NA",NA,"NA",NA,NA,NA,NA,NA,NA,"NA","","NA","NA","NA","NA",NA,NA,"NA",NA,"P.o. Box 248","Charleston","NA","TN",NA,"NA",NA,NA,"NA","NA","NA",NA,NA,NA,NA,NA,NA,NA,NA,NA,NA,NA,NA,NA,"NA","NA",NA,"NA","NA",NA
"TN","NA","NA",NA,"NA","omega plastics limited liability corporation","NA",NA,"NA",NA,NA,NA,NA,NA,NA,"NA","","NA","NA","NA","NA",NA,NA,"NA",NA,"2636 Byington-Solway Road","Knoxville","NA","TN",NA,"NA",NA,NA,"NA","NA","NA",NA,NA,NA,NA,NA,NA,NA,NA,NA,NA,NA,NA,NA,"NA","NA",NA,"NA","NA",NA
"TN","NA","NA",NA,"NA","opryland gaylord entertainment","NA",NA,"NA",NA,NA,NA,NA,NA,NA,"NA","","NA","NA","NA","NA",NA,NA,"NA",NA,"2802 Opryland Drive","Nashville","NA","TN",NA,"NA",NA,NA,"NA","NA","NA",NA,NA,NA,NA,NA,NA,NA,NA,NA,NA,NA,NA,NA,"NA","NA",NA,"NA","NA",NA
"TN","NA","NA",NA,"NA","owens corning","NA",NA,"NA",NA,NA,NA,NA,NA,NA,"327993","3089","NA","NA","NA","NA",NA,NA,"NA",NA,"1167 Lower Brownsville Rd.","Jackson","NA","TN",NA,"NA",NA,NA,"35.634102200000001","-88.912831699999998","NA",NA,NA,NA,NA,NA,NA,NA,NA,NA,NA,NA,NA,NA,"NA","NA",NA,"NA","NA",NA
"TN","NA","NA",NA,"NA","p i incorporated","NA",NA,"NA",NA,NA,NA,NA,NA,NA,"NA","","NA","NA","NA","NA",NA,NA,"NA",NA,"1712 Congress Parkway","Athens","NA","TN",NA,"NA",NA,NA,"NA","NA","NA",NA,NA,NA,NA,NA,NA,NA,NA,NA,NA,NA,NA,NA,"NA","NA",NA,"NA","NA",NA
"TN","NA","NA",NA,"NA","packaging corporation of america","NA",NA,"NA",NA,NA,NA,NA,NA,NA,"NA","","NA","NA","NA","NA",NA,NA,"NA",NA,"P.o. Box 33","Counce","NA","TN",NA,"NA",NA,NA,"NA","NA","NA",NA,NA,NA,NA,NA,NA,NA,NA,NA,NA,NA,NA,NA,"NA","NA",NA,"NA","NA",NA
"TN","NA","NA",NA,"NA","panasonic","NA",NA,"NA",NA,NA,NA,NA,NA,NA,"NA","","NA","NA","NA","NA",NA,NA,"NA",NA,"5105 S. National Drive","Knoxville","NA","TN",NA,"NA",NA,NA,"NA","NA","NA",NA,NA,NA,NA,NA,NA,NA,NA,NA,NA,NA,NA,NA,"NA","NA",NA,"NA","NA",NA
"TN","NA","NA",NA,"NA","pca packaging corporation of america","NA",NA,"NA",NA,NA,NA,NA,NA,NA,"322110","2611 2679","NA","NA","NA","NA",NA,NA,"NA",NA,"6715 Highway 57","Counce","NA","TN",NA,"NA",NA,NA,"35.044480399999998","-88.265257399999996","NA",NA,NA,NA,NA,NA,NA,NA,NA,NA,NA,NA,NA,NA,"NA","NA",NA,"NA","NA",NA
"TN","NA","NA",NA,"NA","pcs nitrogen","NA",NA,"NA",NA,NA,NA,NA,NA,NA,"NA","","NA","NA","NA","NA",NA,NA,"NA",NA,"5790 Old Millington Rd.","Millington","NA","TN",NA,"NA",NA,NA,"NA","NA","NA",NA,NA,NA,NA,NA,NA,NA,NA,NA,NA,NA,NA,NA,"NA","NA",NA,"NA","NA",NA
"TN","NA","NA",NA,"NA","penn a kem limited liability corporation","NA",NA,"NA",NA,NA,NA,NA,NA,NA,"NA","","NA","NA","NA","NA",NA,NA,"NA",NA,"3324 Chelsea Ave.","Memphis","NA","TN",NA,"NA",NA,NA,"NA","NA","NA",NA,NA,NA,NA,NA,NA,NA,NA,NA,NA,NA,NA,NA,"NA","NA",NA,"NA","NA",NA
"TN","NA","NA",NA,"NA","pmc biogenix","NA",NA,"NA",NA,NA,NA,NA,NA,NA,"NA","","NA","NA","NA","NA",NA,NA,"NA",NA,"1231 Pope Street","Memphis","NA","TN",NA,"NA",NA,NA,"NA","NA","NA",NA,NA,NA,NA,NA,NA,NA,NA,NA,NA,NA,NA,NA,"NA","NA",NA,"NA","NA",NA
"TN","NA","NA",NA,"NA","pmt industries limited liability corporation","NA",NA,"NA",NA,NA,NA,NA,NA,NA,"332111","3462","NA","NA","NA","NA",NA,NA,"NA",NA,"2105 Schmiede Street","Surgoinsville","NA","TN",NA,"NA",NA,NA,"36.472821199999998","-82.8077313","NA",NA,NA,NA,NA,NA,NA,NA,NA,NA,NA,NA,NA,NA,"NA","NA",NA,"NA","NA",NA
"TN","NA","NA",NA,"NA","preferred compounding corporation","NA",NA,"NA",NA,NA,NA,NA,NA,NA,"326299","2822","NA","NA","NA","NA",NA,NA,"NA",NA,"55 Associated Way","Huntingdon","NA","TN",NA,"NA",NA,NA,"36.015843400000001","-88.389622000000003","NA",NA,NA,NA,NA,NA,NA,NA,NA,NA,NA,NA,NA,NA,"NA","NA",NA,"NA","NA",NA
"TN","NA","NA",NA,"NA","pringles manufacturing company","NA",NA,"NA",NA,NA,NA,NA,NA,NA,"NA","","NA","NA","NA","NA",NA,NA,"NA",NA,"1306 Hwy. 70 Bypass","Jackson","NA","TN",NA,"NA",NA,NA,"NA","NA","NA",NA,NA,NA,NA,NA,NA,NA,NA,NA,NA,NA,NA,NA,"NA","NA",NA,"NA","NA",NA
"TN","NA","NA",NA,"NA","pulaski rubber company pulaski","NA",NA,"NA",NA,NA,NA,NA,NA,NA,"NA","","NA","NA","NA","NA",NA,NA,"NA",NA,"Po Box 909","Pulaski","NA","TN",NA,"NA",NA,NA,"NA","NA","NA",NA,NA,NA,NA,NA,NA,NA,NA,NA,NA,NA,NA,NA,"NA","NA",NA,"NA","NA",NA
"TN","NA","NA",NA,"NA","quality industries","NA",NA,"NA",NA,NA,NA,NA,NA,NA,"NA","","NA","NA","NA","NA",NA,NA,"NA",NA,"130 Jones Blvd","La Vergne","NA","TN",NA,"NA",NA,NA,"NA","NA","NA",NA,NA,NA,NA,NA,NA,NA,NA,NA,NA,NA,NA,NA,"NA","NA",NA,"NA","NA",NA
"TN","NA","NA",NA,"NA","quebecor printing hawkins","NA",NA,"NA",NA,NA,NA,NA,NA,NA,"NA","","NA","NA","NA","NA",NA,NA,"NA",NA,"335 Roller Street","Kingsport","NA","TN",NA,"NA",NA,NA,"NA","NA","NA",NA,NA,NA,NA,NA,NA,NA,NA,NA,NA,NA,NA,NA,"NA","NA",NA,"NA","NA",NA
"TN","NA","NA",NA,"NA","r l stowe mills incorporated","NA",NA,"NA",NA,NA,NA,NA,NA,NA,"NA","","NA","NA","NA","NA",NA,NA,"NA",NA,"1336 Mercer Street","Lupton City","NA","TN",NA,"NA",NA,NA,"NA","NA","NA",NA,NA,NA,NA,NA,NA,NA,NA,NA,NA,NA,NA,NA,"NA","NA",NA,"NA","NA",NA
"TN","NA","NA",NA,"NA","reed minerals harsco corporation","NA",NA,"NA",NA,NA,NA,NA,NA,NA,"NA","","NA","NA","NA","NA",NA,NA,"NA",NA,"P.o. Box 9454","Memphis","NA","TN",NA,"NA",NA,NA,"NA","NA","NA",NA,NA,NA,NA,NA,NA,NA,NA,NA,NA,NA,NA,NA,"NA","NA",NA,"NA","NA",NA
"TN","NA","NA",NA,"NA","reelfoot lumber","NA",NA,"NA",NA,NA,NA,NA,NA,NA,"NA","","NA","NA","NA","NA",NA,NA,"NA",NA,"P. O. Box 486","Henning","NA","TN",NA,"NA",NA,NA,"NA","NA","NA",NA,NA,NA,NA,NA,NA,NA,NA,NA,NA,NA,NA,NA,"NA","NA",NA,"NA","NA",NA
"TN","NA","NA",NA,"NA","resolute fp us incorporated","NA",NA,"NA",NA,NA,NA,NA,NA,NA,"NA","","NA","NA","NA","NA",NA,NA,"NA",NA,"5020 Hwy. 11 S.","Calhoun","NA","TN",NA,"NA",NA,NA,"NA","NA","NA",NA,NA,NA,NA,NA,NA,NA,NA,NA,NA,NA,NA,NA,"NA","NA",NA,"NA","NA",NA
"TN","NA","NA",NA,"NA","rexnord industries limited liability corporation","NA",NA,"NA",NA,NA,NA,NA,NA,NA,"NA","","NA","NA","NA","NA",NA,NA,"NA",NA,"250 Jd Yarnell Ind. Parkway","Clinton","NA","TN",NA,"NA",NA,NA,"NA","NA","NA",NA,NA,NA,NA,NA,NA,NA,NA,NA,NA,NA,NA,NA,"NA","NA",NA,"NA","NA",NA
"TN","NA","NA",NA,"NA","rhone poulenc incorporated","NA",NA,"NA",NA,NA,NA,NA,NA,NA,"NA","","NA","NA","NA","NA",NA,NA,"NA",NA,"786 Arrow Lake Rd.","Mt Pleasant","NA","TN",NA,"NA",NA,NA,"NA","NA","NA",NA,NA,NA,NA,NA,NA,NA,NA,NA,NA,NA,NA,NA,"NA","NA",NA,"NA","NA",NA
"TN","NA","NA",NA,"NA","ring can corporation","NA",NA,"NA",NA,NA,NA,NA,NA,NA,"326160","3085","NA","NA","NA","NA",NA,NA,"NA",NA,"1 Industrial Park Rd.","Oakland","NA","TN",NA,"NA",NA,NA,"35.221800199999997","-89.518043899999995","NA",NA,NA,NA,NA,NA,NA,NA,NA,NA,NA,NA,NA,NA,"NA","NA",NA,"NA","NA",NA
"TN","NA","NA",NA,"NA","rinker materials south central","NA",NA,"NA",NA,NA,NA,NA,NA,NA,"NA","","NA","NA","NA","NA",NA,NA,"NA",NA,"P.o. Box 2389","Knoxville","NA","TN",NA,"NA",NA,NA,"NA","NA","NA",NA,NA,NA,NA,NA,NA,NA,NA,NA,NA,NA,NA,NA,"NA","NA",NA,"NA","NA",NA
"TN","NA","NA",NA,"NA","rogers group incorporated gallatin quarry","NA",NA,"NA",NA,NA,NA,NA,NA,NA,"327991","3281","NA","NA","NA","NA",NA,NA,"NA",NA,"245 Lower Station Camp Creek Road","Gallatin","NA","TN",NA,"NA",NA,NA,"36.3501045","-86.530398399999996","NA",NA,NA,NA,NA,NA,NA,NA,NA,NA,NA,NA,NA,NA,"NA","NA",NA,"NA","NA",NA
"TN","NA","NA",NA,"NA","sandme","NA",NA,"NA",NA,NA,NA,NA,NA,NA,"NA","","NA","NA","NA","NA",NA,NA,"NA",NA,"1413 Topside Dr.","Louisville","NA","TN",NA,"NA",NA,NA,"NA","NA","NA",NA,NA,NA,NA,NA,NA,NA,NA,NA,NA,NA,NA,NA,"NA","NA",NA,"NA","NA",NA
"TN","NA","NA",NA,"NA","scepter incorporated","NA",NA,"NA",NA,NA,NA,NA,NA,NA,"331314","3341","NA","NA","NA","NA",NA,NA,"NA",NA,"1485 Scepter Lane","Waverly","NA","TN",NA,"NA",NA,NA,"36.074444300000003","-87.949209199999999","NA",NA,NA,NA,NA,NA,NA,NA,NA,NA,NA,NA,NA,NA,"NA","NA",NA,"NA","NA",NA
"TN","NA","NA",NA,"NA","siegel robert automotive ripley north","NA",NA,"NA",NA,NA,NA,NA,NA,NA,"NA","","NA","NA","NA","NA",NA,NA,"NA",NA,"P. O. Box 486","Ripley","NA","TN",NA,"NA",NA,NA,"NA","NA","NA",NA,NA,NA,NA,NA,NA,NA,NA,NA,NA,NA,NA,NA,"NA","NA",NA,"NA","NA",NA
"TN","NA","NA",NA,"NA","siegel robert automotive ripley south","NA",NA,"NA",NA,NA,NA,NA,NA,NA,"NA","","NA","NA","NA","NA",NA,NA,"NA",NA,"P.o. Box 486","Ripley","NA","TN",NA,"NA",NA,NA,"NA","NA","NA",NA,NA,NA,NA,NA,NA,NA,NA,NA,NA,NA,NA,NA,"NA","NA",NA,"NA","NA",NA
"TN","NA","NA",NA,"NA","solae limited liability corporation","NA",NA,"NA",NA,NA,NA,NA,NA,NA,"NA","","NA","NA","NA","NA",NA,NA,"NA",NA,"4272 S. Mendenhall Rd.","Memphis","NA","TN",NA,"NA",NA,NA,"NA","NA","NA",NA,NA,NA,NA,NA,NA,NA,NA,NA,NA,NA,NA,NA,"NA","NA",NA,"NA","NA",NA
"TN","NA","NA",NA,"NA","solutia incorporated","NA",NA,"NA",NA,NA,NA,NA,NA,NA,"NA","","NA","NA","NA","NA",NA,NA,"NA",NA,"2292 Monsanto Road","Columbia","NA","TN",NA,"NA",NA,NA,"NA","NA","NA",NA,NA,NA,NA,NA,NA,NA,NA,NA,NA,NA,NA,NA,"NA","NA",NA,"NA","NA",NA
"TN","NA","NA",NA,"NA","sonoco products company","NA",NA,"NA",NA,NA,NA,NA,NA,NA,"322214","2655","NA","NA","NA","NA",NA,NA,"NA",NA,"766 Industrial Road","Newport","NA","TN",NA,"NA",NA,NA,"36.015730099999999","-83.204954700000002","NA",NA,NA,NA,NA,NA,NA,NA,NA,NA,NA,NA,NA,NA,"NA","NA",NA,"NA","NA",NA
"TN","NA","NA",NA,"NA","sontara old hickory limited liability corporation","NA",NA,"NA",NA,NA,NA,NA,NA,NA,"NA","","NA","NA","NA","NA",NA,NA,"NA",NA,"1002 Industrial Road","Old Hickory","NA","TN",NA,"NA",NA,NA,"NA","NA","NA",NA,NA,NA,NA,NA,NA,NA,NA,NA,NA,NA,NA,NA,"NA","NA",NA,"NA","NA",NA
"TN","NA","NA",NA,"NA","southern cotton oil","NA",NA,"NA",NA,NA,NA,NA,NA,NA,"311223","2074","NA","NA","NA","NA",NA,NA,"NA",NA,"2782 Chelsea Ave.","Memphis","NA","TN",NA,"NA",NA,NA,"35.174576600000002","-89.965981799999994","NA",NA,NA,NA,NA,NA,NA,NA,NA,NA,NA,NA,NA,NA,"NA","NA",NA,"NA","NA",NA
"TN","NA","NA",NA,"NA","spontex incorporated","NA",NA,"NA",NA,NA,NA,NA,NA,NA,"326199","2842","NA","NA","NA","NA",NA,NA,"NA",NA,"100 Spontex Drive","Columbia","NA","TN",NA,"NA",NA,NA,"35.644193000000001","-87.0449749","NA",NA,NA,NA,NA,NA,NA,NA,NA,NA,NA,NA,NA,NA,"NA","NA",NA,"NA","NA",NA
"TN","NA","NA",NA,"NA","sr tennessee","NA",NA,"NA",NA,NA,NA,NA,NA,NA,"NA","","NA","NA","NA","NA",NA,NA,"NA",NA,"Po Box 233","Ripley","NA","TN",NA,"NA",NA,NA,"NA","NA","NA",NA,NA,NA,NA,NA,NA,NA,NA,NA,NA,NA,NA,NA,"NA","NA",NA,"NA","NA",NA
"TN","NA","NA",NA,"NA","stacy ann s mhp","NA",NA,"NA",NA,NA,NA,NA,NA,NA,"NA","","NA","NA","NA","NA",NA,NA,"NA",NA,"P.o. Box 487","Tullahoma","NA","TN",NA,"NA",NA,NA,"NA","NA","NA",NA,NA,NA,NA,NA,NA,NA,NA,NA,NA,NA,NA,NA,"NA","NA",NA,"NA","NA",NA
"TN","NA","NA",NA,"NA","swaggerty sausage company incorporated","NA",NA,"NA",NA,NA,NA,NA,NA,NA,"311612","2011","NA","NA","NA","NA",NA,NA,"NA",NA,"2827 Swaggerty Road","Kodak","NA","TN",NA,"NA",NA,NA,"35.955593299999997","-83.591497099999998","NA",NA,NA,NA,NA,NA,NA,NA,NA,NA,NA,NA,NA,NA,"NA","NA",NA,"NA","NA",NA
"TN","NA","NA",NA,"NA","tamko building products incorporated","NA",NA,"NA",NA,NA,NA,NA,NA,NA,"313230","2299 2952","NA","NA","NA","NA",NA,NA,"NA",NA,"2506 Johnston Street","Knoxville","NA","TN",NA,"NA",NA,NA,"35.984035400000003","-83.949881899999994","NA",NA,NA,NA,NA,NA,NA,NA,NA,NA,NA,NA,NA,NA,"NA","NA",NA,"NA","NA",NA
"TN","NA","NA",NA,"NA","tdot i 40 slide mitigation project","NA",NA,"NA",NA,NA,NA,NA,NA,NA,"NA","","NA","NA","NA","NA",NA,NA,"NA",NA,"Ste. 900","Nashville","NA","TN",NA,"NA",NA,NA,"NA","NA","NA",NA,NA,NA,NA,NA,NA,NA,NA,NA,NA,NA,NA,NA,"NA","NA",NA,"NA","NA",NA
"TN","NA","NA",NA,"NA","tecumseh professional associates vaap","NA",NA,"NA",NA,NA,NA,NA,NA,NA,"NA","","NA","NA","NA","NA",NA,NA,"NA",NA,"Po Box 23306","Chattanooga","NA","TN",NA,"NA",NA,NA,"NA","NA","NA",NA,NA,NA,NA,NA,NA,NA,NA,NA,NA,NA,NA,NA,"NA","NA",NA,"NA","NA",NA
"TN","NA","NA",NA,"NA","tennessee koyo steering systems","NA",NA,"NA",NA,NA,NA,NA,NA,NA,"NA","","NA","NA","NA","NA",NA,NA,"NA",NA,"55 Excellence Way","Vonore","NA","TN",NA,"NA",NA,NA,"NA","NA","NA",NA,NA,NA,NA,NA,NA,NA,NA,NA,NA,NA,NA,NA,"NA","NA",NA,"NA","NA",NA
"TN","NA","NA",NA,"NA","tennessee tanning","NA",NA,"NA",NA,NA,NA,NA,NA,NA,"316110","3111","NA","NA","NA","NA",NA,NA,"NA",NA,"915 North Atlantic Street","Tullahoma","NA","TN",NA,"NA",NA,NA,"35.370940400000002","-86.218064999999996","NA",NA,NA,NA,NA,NA,NA,NA,NA,NA,NA,NA,NA,NA,"NA","NA",NA,"NA","NA",NA
"TN","NA","NA",NA,"NA","tennessee water service chalet village north","NA",NA,"NA",NA,NA,NA,NA,NA,NA,"NA","","NA","NA","NA","NA",NA,NA,"NA",NA,"3500 Hwy 64-W-1982","Sapphire","NA","TN",NA,"NA",NA,NA,"NA","NA","NA",NA,NA,NA,NA,NA,NA,NA,NA,NA,NA,NA,NA,NA,"NA","NA",NA,"NA","NA",NA
"TN","NA","NA",NA,"NA","the chemours company fc limited liability corporation","NA",NA,"NA",NA,NA,NA,NA,NA,NA,"NA","","NA","NA","NA","NA",NA,NA,"NA",NA,"P.o. Box 219","New Johnsonville","NA","TN",NA,"NA",NA,NA,"NA","NA","NA",NA,NA,NA,NA,NA,NA,NA,NA,NA,NA,NA,NA,NA,"NA","NA",NA,"NA","NA",NA
"TN","NA","NA",NA,"NA","the eggo company","NA",NA,"NA",NA,NA,NA,NA,NA,NA,"NA","","NA","NA","NA","NA",NA,NA,"NA",NA,"585 Morrison Road","Rossville","NA","TN",NA,"NA",NA,NA,"NA","NA","NA",NA,NA,NA,NA,NA,NA,NA,NA,NA,NA,NA,NA,NA,"NA","NA",NA,"NA","NA",NA
"TN","NA","NA",NA,"NA","the hilshire brands company","NA",NA,"NA",NA,NA,NA,NA,NA,NA,"NA","","NA","NA","NA","NA",NA,NA,"NA",NA,"2000 Biffle Rd.","Newbern","NA","TN",NA,"NA",NA,NA,"NA","NA","NA",NA,NA,NA,NA,NA,NA,NA,NA,NA,NA,NA,NA,NA,"NA","NA",NA,"NA","NA",NA
"TN","NA","NA",NA,"NA","the pulaski rubber company","NA",NA,"NA",NA,NA,NA,NA,NA,NA,"NA","","NA","NA","NA","NA",NA,NA,"NA",NA,"P. O. Box 909, 500 S. 11th. Street","Pulaski","NA","TN",NA,"NA",NA,NA,"NA","NA","NA",NA,NA,NA,NA,NA,NA,NA,NA,NA,NA,NA,NA,NA,"NA","NA",NA,"NA","NA",NA
"TN","NA","NA",NA,"NA","the troxel company","NA",NA,"NA",NA,NA,NA,NA,NA,NA,"NA","","NA","NA","NA","NA",NA,NA,"NA",NA,"P. O. Box 276","Moscow","NA","TN",NA,"NA",NA,NA,"NA","NA","NA",NA,NA,NA,NA,NA,NA,NA,NA,NA,NA,NA,NA,NA,"NA","NA",NA,"NA","NA",NA
"TN","NA","NA",NA,"NA","titan tire corporation","NA",NA,"NA",NA,NA,NA,NA,NA,NA,"NA","","NA","NA","NA","NA",NA,NA,"NA",NA,"3260 Goodyear Blvd.","Union City","NA","TN",NA,"NA",NA,NA,"NA","NA","NA",NA,NA,NA,NA,NA,NA,NA,NA,NA,NA,NA,NA,NA,"NA","NA",NA,"NA","NA",NA
"TN","NA","NA",NA,"NA","top flight incorporated","NA",NA,"NA",NA,NA,NA,NA,NA,NA,"322299","2621 2677 2678","NA","NA","NA","NA",NA,NA,"NA",NA,"1300 Central Ave.","Chattanooga","NA","TN",NA,"NA",NA,NA,"35.033587500000003","-85.295082800000003","NA",NA,NA,NA,NA,NA,NA,NA,NA,NA,NA,NA,NA,NA,"NA","NA",NA,"NA","NA",NA
"TN","NA","NA",NA,"NA","torrington","NA",NA,"NA",NA,NA,NA,NA,NA,NA,"NA","","NA","NA","NA","NA",NA,NA,"NA",NA,"P.o. Box","Pulaski","NA","TN",NA,"NA",NA,NA,"NA","NA","NA",NA,NA,NA,NA,NA,NA,NA,NA,NA,NA,NA,NA,NA,"NA","NA",NA,"NA","NA",NA
"TN","NA","NA",NA,"NA","turner dairy","NA",NA,"NA",NA,NA,NA,NA,NA,NA,"NA","","NA","NA","NA","NA",NA,NA,"NA",NA,"653 Turner Lane","Covington","NA","TN",NA,"NA",NA,NA,"NA","NA","NA",NA,NA,NA,NA,NA,NA,NA,NA,NA,NA,NA,NA,NA,"NA","NA",NA,"NA","NA",NA
"TN","NA","NA",NA,"NA","tva brownsville combustion turbine","NA",NA,"NA",NA,NA,NA,NA,NA,NA,"NA","","NA","NA","NA","NA",NA,NA,"NA",NA,"948 Beech Grove Road","Brownsville","NA","TN",NA,"NA",NA,NA,"NA","NA","NA",NA,NA,NA,NA,NA,NA,NA,NA,NA,NA,NA,NA,NA,"NA","NA",NA,"NA","NA",NA
"TN","NA","NA",NA,"NA","tva cherokee hydro pmf dam mods","NA",NA,"NA",NA,NA,NA,NA,NA,NA,"NA","","NA","NA","NA","NA",NA,NA,"NA",NA,"Lp 5g","Chattanooga","NA","TN",NA,"NA",NA,NA,"NA","NA","NA",NA,NA,NA,NA,NA,NA,NA,NA,NA,NA,NA,NA,NA,"NA","NA",NA,"NA","NA",NA
"TN","NA","NA",NA,"NA","tva douglas saddle dam 1 modifications","NA",NA,"NA",NA,NA,NA,NA,NA,NA,"NA","","NA","NA","NA","NA",NA,NA,"NA",NA,"Lp 5g","Chattanooga","NA","TN",NA,"NA",NA,NA,"NA","NA","NA",NA,NA,NA,NA,NA,NA,NA,NA,NA,NA,NA,NA,NA,"NA","NA",NA,"NA","NA",NA
"TN","NA","NA",NA,"NA","tva gleason combustion turbines","NA",NA,"NA",NA,NA,NA,NA,NA,NA,"NA","","NA","NA","NA","NA",NA,NA,"NA",NA,"1166 Janes Mill Rd.","Gleason","NA","TN",NA,"NA",NA,NA,"NA","NA","NA",NA,NA,NA,NA,NA,NA,NA,NA,NA,NA,NA,NA,NA,"NA","NA",NA,"NA","NA",NA
"TN","NA","NA",NA,"NA","tva lagoon creek combined cycle","NA",NA,"NA",NA,NA,NA,NA,NA,NA,"NA","","NA","NA","NA","NA",NA,NA,"NA",NA,"2585 Hudson Lane","Brownsville","NA","TN",NA,"NA",NA,NA,"NA","NA","NA",NA,NA,NA,NA,NA,NA,NA,NA,NA,NA,NA,NA,NA,"NA","NA",NA,"NA","NA",NA
"TN","NA","NA",NA,"NA","tva lagoon creek combustion turbines","NA",NA,"NA",NA,NA,NA,NA,NA,NA,"NA","","NA","NA","NA","NA",NA,NA,"NA",NA,"615 Elm Tree Road","Brownsville","NA","TN",NA,"NA",NA,NA,"NA","NA","NA",NA,NA,NA,NA,NA,NA,NA,NA,NA,NA,NA,NA,NA,"NA","NA",NA,"NA","NA",NA
"TN","NA","NA",NA,"NA","tva natural gas power plant","NA",NA,"NA",NA,NA,NA,NA,NA,NA,"NA","","NA","NA","NA","NA",NA,NA,"NA",NA,"2480 Hennington Avenue","Memphis","NA","TN",NA,"NA",NA,NA,"NA","NA","NA",NA,NA,NA,NA,NA,NA,NA,NA,NA,NA,NA,NA,NA,"NA","NA",NA,"NA","NA",NA
"TN","NA","NA",NA,"NA","tva pickwick south embankment seismic upgrade","NA",NA,"NA",NA,NA,NA,NA,NA,NA,"NA","","NA","NA","NA","NA",NA,NA,"NA",NA,"575 Carolina Lane Pickwick Dam","Pickwick","NA","TN",NA,"NA",NA,NA,"NA","NA","NA",NA,NA,NA,NA,NA,NA,NA,NA,NA,NA,NA,NA,NA,"NA","NA",NA,"NA","NA",NA
"TN","NA","NA",NA,"NA","tva tellico dam pmf modifications project","NA",NA,"NA",NA,NA,NA,NA,NA,NA,"NA","","NA","NA","NA","NA",NA,NA,"NA",NA,"1101 Market Street","Chattanooga","NA","TN",NA,"NA",NA,NA,"NA","NA","NA",NA,NA,NA,NA,NA,NA,NA,NA,NA,NA,NA,NA,NA,"NA","NA",NA,"NA","NA",NA
"TN","NA","NA",NA,"NA","tva watts bar dam pmf modifications","NA",NA,"NA",NA,NA,NA,NA,NA,NA,"NA","","NA","NA","NA","NA",NA,NA,"NA",NA,"Lp 5g-C","Chattanooga","NA","TN",NA,"NA",NA,NA,"NA","NA","NA",NA,NA,NA,NA,NA,NA,NA,NA,NA,NA,NA,NA,NA,"NA","NA",NA,"NA","NA",NA
"TN","NA","NA",NA,"NA","u s nitrogen greene county","NA",NA,"NA",NA,NA,NA,NA,NA,NA,"NA","","NA","NA","NA","NA",NA,NA,"NA",NA,"471 Pottertown Road","Midway","NA","TN",NA,"NA",NA,NA,"NA","NA","NA",NA,NA,NA,NA,NA,NA,NA,NA,NA,NA,NA,NA,NA,"NA","NA",NA,"NA","NA",NA
"TN","NA","NA",NA,"NA","u s pipe and foundry chattanooga","NA",NA,"NA",NA,NA,NA,NA,NA,NA,"NA","","NA","NA","NA","NA",NA,NA,"NA",NA,"2501 Chestnut Street","Chattanooga","NA","TN",NA,"NA",NA,NA,"NA","NA","NA",NA,NA,NA,NA,NA,NA,NA,NA,NA,NA,NA,NA,NA,"NA","NA",NA,"NA","NA",NA
"TN","NA","NA",NA,"NA","u s silica company","NA",NA,"NA",NA,NA,NA,NA,NA,NA,"NA","","NA","NA","NA","NA",NA,NA,"NA",NA,"105 Burkett Switch Road","Jackson","NA","TN",NA,"NA",NA,NA,"NA","NA","NA",NA,NA,NA,NA,NA,NA,NA,NA,NA,NA,NA,NA,NA,"NA","NA",NA,"NA","NA",NA
"TN","NA","NA",NA,"NA","univ fasteners jalon div textr","NA",NA,"NA",NA,NA,NA,NA,NA,NA,"NA","","NA","NA","NA","NA",NA,NA,"NA",NA,"Universal Dr.off Hwy 50w","Centerville","NA","TN",NA,"NA",NA,NA,"NA","NA","NA",NA,NA,NA,NA,NA,NA,NA,NA,NA,NA,NA,NA,NA,"NA","NA",NA,"NA","NA",NA
"TN","NA","NA",NA,"NA","usace","NA",NA,"NA",NA,NA,NA,NA,NA,NA,"NA","","NA","NA","NA","NA",NA,NA,"NA",NA,"3711 Bell Road","Nashville","NA","TN",NA,"NA",NA,NA,"NA","NA","NA",NA,NA,NA,NA,NA,NA,NA,NA,NA,NA,NA,NA,NA,"NA","NA",NA,"NA","NA",NA
"TN","NA","NA",NA,"NA","valero refining company tennessee limited liability corporation","NA",NA,"NA",NA,NA,NA,NA,NA,NA,"NA","","NA","NA","NA","NA",NA,NA,"NA",NA,"2385 Riverport Road","Memphis","NA","TN",NA,"NA",NA,NA,"NA","NA","NA",NA,NA,NA,NA,NA,NA,NA,NA,NA,NA,NA,NA,NA,"NA","NA",NA,"NA","NA",NA
"TN","NA","NA",NA,"NA","valley proteins","NA",NA,"NA",NA,NA,NA,NA,NA,NA,"311119","2048 2077 2076, 2077, 2076","NA","NA","NA","NA",NA,NA,"NA",NA,"9300 Johnson Road","Strawberry Plains","NA","TN",NA,"NA",NA,NA,"36.047307699999998","-83.723347200000006","NA",NA,NA,NA,NA,NA,NA,NA,NA,NA,NA,NA,NA,NA,"NA","NA",NA,"NA","NA",NA
"TN","NA","NA",NA,"NA","velsicol chemical limited liability corporation","NA",NA,"NA",NA,NA,NA,NA,NA,NA,"325998","2899","NA","NA","NA","NA",NA,NA,"NA",NA,"1199 Warford Street","Memphis","NA","TN",NA,"NA",NA,NA,"35.164856800000003","-89.9628838","NA",NA,NA,NA,NA,NA,NA,NA,NA,NA,NA,NA,NA,NA,"NA","NA",NA,"NA","NA",NA
"TN","NA","NA",NA,"NA","viskase corporation","NA",NA,"NA",NA,NA,NA,NA,NA,NA,"311611","3089","NA","NA","NA","NA",NA,NA,"NA",NA,"106 Blair Bend Drive","Loudon","NA","TN",NA,"NA",NA,NA,"35.742953900000003","-84.325043399999998","NA",NA,NA,NA,NA,NA,NA,NA,NA,NA,NA,NA,NA,NA,"NA","NA",NA,"NA","NA",NA
"TN","NA","NA",NA,"NA","wacker polysilicon north america limited liability corporation","NA",NA,"NA",NA,NA,NA,NA,NA,NA,"NA","","NA","NA","NA","NA",NA,NA,"NA",NA,"P.o. Box 446","Charleston","NA","TN",NA,"NA",NA,NA,"NA","NA","NA",NA,NA,NA,NA,NA,NA,NA,NA,NA,NA,NA,NA,NA,"NA","NA",NA,"NA","NA",NA
"TN","NA","NA",NA,"NA","watauga river regional water authority","NA",NA,"NA",NA,NA,NA,NA,NA,NA,"NA","","NA","NA","NA","NA",NA,NA,"NA",NA,"P.o. Box 908","Elizabethton","NA","TN",NA,"NA",NA,NA,"NA","NA","NA",NA,NA,NA,NA,NA,NA,NA,NA,NA,NA,NA,NA,NA,"NA","NA",NA,"NA","NA",NA
"TN","NA","NA",NA,"NA","water services","NA",NA,"NA",NA,NA,NA,NA,NA,NA,"NA","","NA","NA","NA","NA",NA,NA,"NA",NA,"P.o. Box 2239","Knoxville","NA","TN",NA,"NA",NA,NA,"NA","NA","NA",NA,NA,NA,NA,NA,NA,NA,NA,NA,NA,NA,NA,NA,"NA","NA",NA,"NA","NA",NA
"TN","NA","NA",NA,"NA","westrock company","NA",NA,"NA",NA,NA,NA,NA,NA,NA,"NA","","NA","NA","NA","NA",NA,NA,"NA",NA,"701 Manufacturers Road","Chattanooga","NA","TN",NA,"NA",NA,NA,"NA","NA","NA",NA,NA,NA,NA,NA,NA,NA,NA,NA,NA,NA,NA,NA,"NA","NA",NA,"NA","NA",NA
"TN","NA","NA",NA,"NA","weyerhaeuser industries incorporated","NA",NA,"NA",NA,NA,NA,NA,NA,NA,"NA","","NA","NA","NA","NA",NA,NA,"NA",NA,"100 Clinchfield St.","Kingsport","NA","TN",NA,"NA",NA,NA,"NA","NA","NA",NA,NA,NA,NA,NA,NA,NA,NA,NA,NA,NA,NA,NA,"NA","NA",NA,"NA","NA",NA
"TN","NA","NA",NA,"NA","wheland automotive industries","NA",NA,"NA",NA,NA,NA,NA,NA,NA,"NA","","NA","NA","NA","NA",NA,NA,"NA",NA,"200 E. 8th St.","Chattanooga","NA","TN",NA,"NA",NA,NA,"NA","NA","NA",NA,NA,NA,NA,NA,NA,NA,NA,NA,NA,NA,NA,NA,"NA","NA",NA,"NA","NA",NA
"TN","NA","NA",NA,"NA","wm l bonnell company carthage","NA",NA,"NA",NA,NA,NA,NA,NA,NA,"NA","","NA","NA","NA","NA",NA,NA,"NA",NA,"Box 279","Carthage","NA","TN",NA,"NA",NA,NA,"NA","NA","NA",NA,NA,NA,NA,NA,NA,NA,NA,NA,NA,NA,NA,NA,"NA","NA",NA,"NA","NA",NA
"TN","NA","NA",NA,"NA","yale security incorporated","NA",NA,"NA",NA,NA,NA,NA,NA,NA,"NA","","NA","NA","NA","NA",NA,NA,"NA",NA,"100 Yale Ave.","Lenior City","NA","TN",NA,"NA",NA,NA,"NA","NA","NA",NA,NA,NA,NA,NA,NA,NA,NA,NA,NA,NA,NA,NA,"NA","NA",NA,"NA","NA",NA
