"State","ValueType","SourceType","Category","Saline","FacilityName","FacilityName1","FacilityName2","FacilityNumber","FacilityNumber1","FacilityNumber2","SourceName","SourceName1","SourceNumber","SourceNumber1","SourceNumber2","NAICS","SIC","Description","HUC8","HUC10","HUC12","AquiferName1","AquiferName2","BasinName1","BasinName2","Address1","City1","County1","State1","Zip1","Address2","City2","County2","State2","Zip2","Lat","Lon","Datum","Projection","Year","Jan","Feb","Mar","Apr","May","Jun","Jul","Aug","Sep","Oct","Nov","Dec","Units_monthly","Method_monthly","Annual_reported","Units_annual_reported","Method_annual_reported","DataProtected","FIPS5code","SITESELECTION_FACILITYID","SITESELECTION_V1","SITESELECTION_X","SITESELECTION_NPDES_ID","SITESELECTION_NAME","SITESELECTION_NAME_FIX","SITESELECTION_ADDRESS","SITESELECTION_ADDRESS_Fix","SITESELECTION_ADRSFLAG","SITESELECTION_CITY","SITESELECTION_STATE","SITESELECTION_COUNTY","SITESELECTION_ZIP","SITESELECTION_ZIP_5","SITESELECTION_FLAGZIP","SITESELECTION_PHONE","SITESELECTION_LATITUDE","SITESELECTION_LONGITUDE","SITESELECTION_NAICS","SITESELECTION_SIC","SITESELECTION_EMP","SITESELECTION_TotPerson","SITESELECTION_Area","SITESELECTION_AnnSaleVol","SITESELECTION_JobsReported","SITESELECTION_ZIP_PHONE","SITESELECTION_CITY_ADDRESS","SITESELECTION_LL_Src","SITESELECTION_DATASET_MATCHES_ALL2","SITESELECTION_NEW_REC","SITESELECTION_STATE_NAME","SITESELECTION_StateFIPS","SITESELECTION_CNTY_FIPS","SITESELECTION_ST_CNTY_FIPS","SITESELECTION_CDC_Region","SITESELECTION_huc2","SITESELECTION_NAICSDESCR","SITESELECTION_SICDESCR","DataSource"
"WV",NA,NA,NA,NA,"ALLEGANY BALLISTICS LABORATORY",NA,NA,NA,NA,NA,NA,NA,NA,NA,NA,"336415","3764",NA,NA,NA,NA,NA,NA,NA,NA,NA,NA,NA,NA,NA,NA,NA,NA,NA,NA,"39.559699999999999",NA,NA,NA,NA,NA,NA,NA,NA,NA,NA,NA,NA,NA,NA,NA,NA,NA,NA,NA,NA,NA,NA,NA,NA,NA,NA,NA,NA,NA,NA,NA,NA,NA,NA,NA,NA,NA,NA,NA,NA,NA,NA,NA,NA,NA,NA,NA,NA,NA,NA,NA,NA,NA,NA,NA,NA,NA,NA,NA,NA,NA,"Industrial_DataSummary_By_LEE.xlsx$WU_Industrial_table_SIC_NAICs"
"WV",NA,NA,NA,NA,"ALTIVIA SERVICES LIMITED LIABILITY COMPANY","ALTIVIA SERVICES LIMITED LIABILITY COMPANY","ALTIVIA SERVICES LIMITED LIABILITY COMPANY",NA,NA,NA,NA,NA,NA,NA,NA,"221330","4939",NA,NA,NA,NA,NA,NA,NA,NA,"Route 25","Institute","Kanawha","WV",NA,"Route 25","Institute","KANAWHA","WV",NA,"38.377777999999999",NA,NA,NA,NA,NA,NA,NA,NA,NA,NA,NA,NA,NA,NA,NA,NA,NA,NA,NA,NA,NA,NA,NA,"E_110064632312","11528","11528","WV0000086","ALTIVIA SERVICES, LLC","ALTIVIA SERVICES LIMITED LIABILITY COMPANY","ROUTE 25","ROUTE 25","OK","INSTITUTE","WV","KANAWHA","25112","25112","GOOD","NA","38.386439","-81.79844","32511","2869","NA","NA","NA","NA","NA","NA","INSTITUTE_ROUTE 25","FRS","FRS, NPDES","N","WEST VIRGINIA","54","39","54039","SOUTH_ATLANTIC","5","NA","NA","Industrial_DataSummary_By_LEE.xlsx$WU_Industrial_table_SIC_NAICs, USEPA_HIFLD_EIA_PPP_facility_v7.1.csv"
"WV",NA,NA,NA,NA,"APG POLYTECH LIMITED LIABILITY COMPANY","APG POLYTECH LIMITED LIABILITY COMPANY","APG POLYTECH LIMITED LIABILITY COMPANY",NA,NA,NA,NA,NA,NA,NA,NA,"325211","2821",NA,NA,NA,NA,NA,NA,NA,NA,"27610 Huntington Road","Apple Grove","Mason","WV",NA,"27610 Huntington Road","Apple Grove","MASON","WV",NA,"38.666756999999997",NA,NA,NA,NA,NA,NA,NA,NA,NA,NA,NA,NA,NA,NA,NA,NA,NA,NA,NA,NA,NA,NA,NA,"E_110070639169 _OR_ E_110069729271","642361 _OR_ 918691","642361 _OR_ 918691","NA","APG POLYTECH LLC _OR_ APG POLYTECH, LLC","APG POLYTECH LIMITED LIABILITY COMPANY","27610 HUNTINGTON RD","27610 HUNTINGTON ROAD","UPDATED","APPLE GROVE","WV","MASON","25502","25502","GOOD","(304) 576-4589 _OR_ NA","38.66425 _OR_ 37.437612","-82.17047 _OR_ -81.804837","325211 _OR_ 325199","NA","NA","NA","NA","NA","NA","25502 _ (304) 576-4589 _OR_ NA","APPLE GROVE_27610 HUNTINGTON ROAD","FRS _OR_ CITY CENTROID","FRS","N _OR_ Y","WEST VIRGINIA _OR_ NA","54 _OR_ NA","53 _OR_ NA","54053 _OR_ NA","SOUTH_ATLANTIC _OR_ NA","5 _OR_ NA","PLASTICS MATERIAL AND RESIN MANUFACTURING. _OR_ ALL OTHER BASIC ORGANIC CHEMICAL MANUFACTURING.","NA","Industrial_DataSummary_By_LEE.xlsx$WU_Industrial_table_SIC_NAICs, USEPA_HIFLD_EIA_PPP_facility_v7.1.csv"
"WV",NA,NA,NA,NA,"APG POLYTECH LIMITED LIABILITY COMPANY","APG POLYTECH LIMITED LIABILITY COMPANY","APG POLYTECH LIMITED LIABILITY COMPANY",NA,NA,NA,NA,NA,NA,NA,NA,"325211","2821",NA,NA,NA,NA,NA,NA,NA,NA,"State Rt 2","Apple Grove","Mason","WV",NA,"State Rt 2","Apple Grove","MASON","WV",NA,"38.666756999999997",NA,NA,NA,NA,NA,NA,NA,NA,NA,NA,NA,NA,NA,NA,NA,NA,NA,NA,NA,NA,NA,NA,NA,"E_110064606010","11526","11526","WV0000132","APG POLYTECH, LLC","APG POLYTECH LIMITED LIABILITY COMPANY","STATE RT 2","STATE RT 2","OK","APPLE GROVE","WV","MASON","25502","25502","GOOD","NA","38.666747","-82.183141","325211","2821","NA","NA","NA","NA","NA","NA","APPLE GROVE_STATE RT 2","FRS","FRS, NPDES","N","WEST VIRGINIA","54","53","54053","SOUTH_ATLANTIC","5","NA","NA","Industrial_DataSummary_By_LEE.xlsx$WU_Industrial_table_SIC_NAICs, USEPA_HIFLD_EIA_PPP_facility_v7.1.csv"
"WV",NA,NA,NA,NA,"APPALACHIAN TIMBER SERVICES LIMITED LIABILITY COMPANY","APPALACHIAN TIMBER SERVICES LIMITED LIABILITY COMPANY","APPALACHIAN TIMBER SERVICES LIMITED LIABILITY COMPANY",NA,NA,NA,NA,NA,NA,NA,NA,"321114","2491",NA,NA,NA,NA,NA,NA,NA,NA,"393 Edgar Given Parkway","Sutton","Braxton","WV",NA,"393 Edgar Given Parkway","Sutton","BRAXTON","WV",NA,"38.39",NA,NA,NA,NA,NA,NA,NA,NA,NA,NA,NA,NA,NA,NA,NA,NA,NA,NA,NA,NA,NA,NA,NA,"E_110057350940","642196","642196","NA","APPALACHIAN TIMBER SERVICES LLC","APPALACHIAN TIMBER SERVICES LIMITED LIABILITY COMPANY","393 EDGAR GIVEN PARKWAY","393 EDGAR GIVEN PARKWAY","OK","SUTTON","WV","BRAXTON","26601","26601","GOOD","(304) 765-7393","38.660969","-80.701574","321114","NA","NA","NA","NA","NA","NA","26601 _ (304) 765-7393","SUTTON_393 EDGAR GIVEN PARKWAY","FRS","FRS","N","WEST VIRGINIA","54","7","54007","SOUTH_ATLANTIC","5","WOOD PRESERVATION.","NA","Industrial_DataSummary_By_LEE.xlsx$WU_Industrial_table_SIC_NAICs, USEPA_HIFLD_EIA_PPP_facility_v7.1.csv"
"WV",NA,NA,NA,NA,"ARCELORMITTAL WEIRTON",NA,NA,NA,NA,NA,NA,NA,NA,NA,NA,"331111","3312",NA,NA,NA,NA,NA,NA,NA,NA,NA,NA,NA,NA,NA,NA,NA,NA,NA,NA,"40.428610999999997",NA,NA,NA,NA,NA,NA,NA,NA,NA,NA,NA,NA,NA,NA,NA,NA,NA,NA,NA,NA,NA,NA,NA,NA,NA,NA,NA,NA,NA,NA,NA,NA,NA,NA,NA,NA,NA,NA,NA,NA,NA,NA,NA,NA,NA,NA,NA,NA,NA,NA,NA,NA,NA,NA,NA,NA,NA,NA,NA,NA,NA,"Industrial_DataSummary_By_LEE.xlsx$WU_Industrial_table_SIC_NAICs"
"WV",NA,NA,NA,NA,"ARGOS USA LIMITED LIABILITY COMPANY",NA,NA,NA,NA,NA,NA,NA,NA,NA,NA,"327310","3241",NA,NA,NA,NA,NA,NA,NA,NA,NA,NA,NA,NA,NA,NA,NA,NA,NA,NA,"39.429572999999998",NA,NA,NA,NA,NA,NA,NA,NA,NA,NA,NA,NA,NA,NA,NA,NA,NA,NA,NA,NA,NA,NA,NA,NA,NA,NA,NA,NA,NA,NA,NA,NA,NA,NA,NA,NA,NA,NA,NA,NA,NA,NA,NA,NA,NA,NA,NA,NA,NA,NA,NA,NA,NA,NA,NA,NA,NA,NA,NA,NA,NA,"Industrial_DataSummary_By_LEE.xlsx$WU_Industrial_table_SIC_NAICs"
"WV",NA,NA,NA,NA,"ARROYO AIR SEPARATION PLANT",NA,NA,NA,NA,NA,NA,NA,NA,NA,NA,"333120","3531",NA,NA,NA,NA,NA,NA,NA,NA,NA,NA,NA,NA,NA,NA,NA,NA,NA,NA,"40.579611",NA,NA,NA,NA,NA,NA,NA,NA,NA,NA,NA,NA,NA,NA,NA,NA,NA,NA,NA,NA,NA,NA,NA,NA,NA,NA,NA,NA,NA,NA,NA,NA,NA,NA,NA,NA,NA,NA,NA,NA,NA,NA,NA,NA,NA,NA,NA,NA,NA,NA,NA,NA,NA,NA,NA,NA,NA,NA,NA,NA,NA,"Industrial_DataSummary_By_LEE.xlsx$WU_Industrial_table_SIC_NAICs"
"WV",NA,NA,NA,NA,"AXIALL CORPORATION NATRIUM FACILITY",NA,NA,NA,NA,NA,NA,NA,NA,NA,NA,"325181","2812",NA,NA,NA,NA,NA,NA,NA,NA,NA,NA,NA,NA,NA,NA,NA,NA,NA,NA,"39.758375000000001",NA,NA,NA,NA,NA,NA,NA,NA,NA,NA,NA,NA,NA,NA,NA,NA,NA,NA,NA,NA,NA,NA,NA,NA,NA,NA,NA,NA,NA,NA,NA,NA,NA,NA,NA,NA,NA,NA,NA,NA,NA,NA,NA,NA,NA,NA,NA,NA,NA,NA,NA,NA,NA,NA,NA,NA,NA,NA,NA,NA,NA,"Industrial_DataSummary_By_LEE.xlsx$WU_Industrial_table_SIC_NAICs"
"WV",NA,NA,NA,NA,"BANNER FIBREBOARD COMPANY","BANNER FIBREBOARD COMPANY","BANNER FIBREBOARD COMPANY",NA,NA,NA,NA,NA,NA,NA,NA,"32213","2631",NA,NA,NA,NA,NA,NA,NA,NA,"22nd & Commerce St","Wellsburg","Brooke","WV",NA,"22nd & Commerce St","Wellsburg","BROOKE","WV",NA,"40.289439999999999",NA,NA,NA,NA,NA,NA,NA,NA,NA,NA,NA,NA,NA,NA,NA,NA,NA,NA,NA,NA,NA,NA,NA,"E_110020047536","525088","525088","WV0004430","BANNER FIBREBOARD CO","BANNER FIBREBOARD COMPANY","22ND & COMMERCE ST.","22ND & COMMERCE STREET","UPDATED","WELLSBURG","WV","BROOKE","26070","26070","GOOD","(304) 737-3711","40.28457","-80.60806","322130","NA","NA","NA","NA","NA","NA","26070 _ (304) 737-3711","WELLSBURG_22ND & COMMERCE ST","FRS","FRS, NPDES","N","WEST VIRGINIA","54","9","54009","SOUTH_ATLANTIC","5","PAPERBOARD MILLS.","NA","Industrial_DataSummary_By_LEE.xlsx$WU_Industrial_table_SIC_NAICs, USEPA_HIFLD_EIA_PPP_facility_v7.1.csv"
"WV",NA,NA,NA,NA,"BANNER FIBREBOARD COMPANY","BANNER FIBREBOARD COMPANY","BANNER FIBREBOARD COMPANY",NA,NA,NA,NA,NA,NA,NA,NA,"32213","2631",NA,NA,NA,NA,NA,NA,NA,NA,"41 15th St","Wheeling","Ohio","WV",NA,"41 15th St","Wheeling","OHIO","WV",NA,"40.289439999999999",NA,NA,NA,NA,NA,NA,NA,NA,NA,NA,NA,NA,NA,NA,NA,NA,NA,NA,NA,NA,NA,NA,NA,"D_72298","512144","512144","NA","BANNER FIBREBOARD COMPANY","BANNER FIBREBOARD COMPANY","41 15TH ST","41 15TH STREET","OK","WHEELING","WV","OHIO","26003","26003","GOOD","(304) 737-3711","40.065381","-80.718969","322130","NA","NA","39","0","6223120","NA","26003 _ (304) 737-3711","WHEELING_41 15TH ST","DBPT","DB, FRS","N","WEST VIRGINIA","54","69","54069","SOUTH_ATLANTIC","5","PAPERBOARD MILLS","NA","Industrial_DataSummary_By_LEE.xlsx$WU_Industrial_table_SIC_NAICs, USEPA_HIFLD_EIA_PPP_facility_v7.1.csv"
"WV",NA,NA,NA,NA,"BAYER CROPSCIENCE INSTITUTE PLANT",NA,NA,NA,NA,NA,NA,NA,NA,NA,NA,"325320, 325199","2860",NA,NA,NA,NA,NA,NA,NA,NA,NA,NA,NA,NA,NA,NA,NA,NA,NA,NA,"38.380000000000003",NA,NA,NA,NA,NA,NA,NA,NA,NA,NA,NA,NA,NA,NA,NA,NA,NA,NA,NA,NA,NA,NA,NA,NA,NA,NA,NA,NA,NA,NA,NA,NA,NA,NA,NA,NA,NA,NA,NA,NA,NA,NA,NA,NA,NA,NA,NA,NA,NA,NA,NA,NA,NA,NA,NA,NA,NA,NA,NA,NA,NA,"Industrial_DataSummary_By_LEE.xlsx$WU_Industrial_table_SIC_NAICs"
"WV",NA,NA,NA,NA,"BAYER MATERIALSCIENCE LIMITED LIABILITY COMPANY","BAYER MATERIALSCIENCE LIMITED LIABILITY COMPANY","BAYER MATERIALSCIENCE LIMITED LIABILITY COMPANY",NA,NA,NA,NA,NA,NA,NA,NA,"325110","2821",NA,NA,NA,NA,NA,NA,NA,NA,"501 2nd Avenue Sw","South Charleston","Kanawha","WV",NA,"501 2nd Avenue Sw","South Charleston","KANAWHA","WV",NA,"39.729439999999997",NA,NA,NA,NA,NA,NA,NA,NA,NA,NA,NA,NA,NA,NA,NA,NA,NA,NA,NA,NA,NA,NA,NA,"P_116031","79733","79733","NA","BAYER MATERIALSCIENCE, LLC","BAYER MATERIALSCIENCE LIMITED LIABILITY COMPANY","501 2ND AVENUE SW","501 2ND AVENUE SW","OK","SOUTH CHARLESTON","WV","KANAWHA","25303","25303","GOOD","(304) 746-8000","38.3666367","-81.6887714","325131","2819","40","NA","NA","NA","NA","25303 _ (304) 746-8000","SOUTH CHARLESTON_501 2ND AVENUE SW","PINPT","PIN, BUS","N","WEST VIRGINIA","54","39","54039","SOUTH_ATLANTIC","5","NA","NA","Industrial_DataSummary_By_LEE.xlsx$WU_Industrial_table_SIC_NAICs, USEPA_HIFLD_EIA_PPP_facility_v7.1.csv"
"WV",NA,NA,NA,NA,"BAYER MATERIALSCIENCE LIMITED LIABILITY COMPANY","BAYER MATERIALSCIENCE LIMITED LIABILITY COMPANY","BAYER MATERIALSCIENCE LIMITED LIABILITY COMPANY",NA,NA,NA,NA,NA,NA,NA,NA,"325110","2821",NA,NA,NA,NA,NA,NA,NA,NA,"Rt 25","Institute","Kanawha","WV",NA,"Rt 25","Institute","KANAWHA","WV",NA,"39.729439999999997",NA,NA,NA,NA,NA,NA,NA,NA,NA,NA,NA,NA,NA,NA,NA,NA,NA,NA,NA,NA,NA,NA,NA,"E_110069727077","918690","918690","NA","BAYER MATERIALSCIENCE LLC","BAYER MATERIALSCIENCE LIMITED LIABILITY COMPANY","RT 25","RT 25","OK","INSTITUTE","WV","KANAWHA","25112","25112","GOOD","NA","38.383705","-81.765405","325199","NA","NA","NA","NA","NA","NA","NA","INSTITUTE_RT 25","CITY CENTROID","FRS","Y","NA","NA","NA","NA","NA","NA","ALL OTHER BASIC ORGANIC CHEMICAL MANUFACTURING.","NA","Industrial_DataSummary_By_LEE.xlsx$WU_Industrial_table_SIC_NAICs, USEPA_HIFLD_EIA_PPP_facility_v7.1.csv"
"WV",NA,NA,NA,NA,"BAYER MATERIALSCIENCE LIMITED LIABILITY COMPANY","BAYER MATERIALSCIENCE LIMITED LIABILITY COMPANY","BAYER MATERIALSCIENCE LIMITED LIABILITY COMPANY",NA,NA,NA,NA,NA,NA,NA,NA,"325110","2821",NA,NA,NA,NA,NA,NA,NA,NA,"Wv 2 N","New Martinsville","Marshall","WV",NA,"Wv 2 N","New Martinsville","MARSHALL","WV",NA,"39.729439999999997",NA,NA,NA,NA,NA,NA,NA,NA,NA,NA,NA,NA,NA,NA,NA,NA,NA,NA,NA,NA,NA,NA,NA,"P_115998","79717","79717","NA","BAYER MATERIALSCIENCE, LLC","BAYER MATERIALSCIENCE LIMITED LIABILITY COMPANY","WV 2 NORTH","WV 2 N","UPDATED","NEW MARTINSVILLE","WV","MARSHALL","26155","26155","GOOD","(304) 455-4400","39.7235993","-80.8254708","32551","2899","320","600","0","0","NA","26155 _ (304) 455-4400","NEW MARTINSVILLE_WV 2 N","PINPT","PIN, BUS, DB","N","WEST VIRGINIA","54","51","54051","SOUTH_ATLANTIC","5","NA","NA","Industrial_DataSummary_By_LEE.xlsx$WU_Industrial_table_SIC_NAICs, USEPA_HIFLD_EIA_PPP_facility_v7.1.csv"
"WV",NA,NA,NA,NA,"BDC BEECH BOTTOM PLANT",NA,NA,NA,NA,NA,NA,NA,NA,NA,NA,"333120","3531",NA,NA,NA,NA,NA,NA,NA,NA,NA,NA,NA,NA,NA,NA,NA,NA,NA,NA,"40.229100000000003",NA,NA,NA,NA,NA,NA,NA,NA,NA,NA,NA,NA,NA,NA,NA,NA,NA,NA,NA,NA,NA,NA,NA,NA,NA,NA,NA,NA,NA,NA,NA,NA,NA,NA,NA,NA,NA,NA,NA,NA,NA,NA,NA,NA,NA,NA,NA,NA,NA,NA,NA,NA,NA,NA,NA,NA,NA,NA,NA,NA,NA,"Industrial_DataSummary_By_LEE.xlsx$WU_Industrial_table_SIC_NAICs"
"WV",NA,NA,NA,NA,"BERKELEY CLUB BEVERAGES",NA,NA,NA,NA,NA,NA,NA,NA,NA,NA,"312112","2086",NA,NA,NA,NA,NA,NA,NA,NA,NA,NA,NA,NA,NA,NA,NA,NA,NA,NA,"39.626716000000002",NA,NA,NA,NA,NA,NA,NA,NA,NA,NA,NA,NA,NA,NA,NA,NA,NA,NA,NA,NA,NA,NA,NA,NA,NA,NA,NA,NA,NA,NA,NA,NA,NA,NA,NA,NA,NA,NA,NA,NA,NA,NA,NA,NA,NA,NA,NA,NA,NA,NA,NA,NA,NA,NA,NA,NA,NA,NA,NA,NA,NA,"Industrial_DataSummary_By_LEE.xlsx$WU_Industrial_table_SIC_NAICs"
"WV",NA,NA,NA,NA,"BRASKEM AMERICA INCORPORATED NEAL PLANT",NA,NA,NA,NA,NA,NA,NA,NA,NA,NA,"325211","2821",NA,NA,NA,NA,NA,NA,NA,NA,NA,NA,NA,NA,NA,NA,NA,NA,NA,NA,"38.354444000000001",NA,NA,NA,NA,NA,NA,NA,NA,NA,NA,NA,NA,NA,NA,NA,NA,NA,NA,NA,NA,NA,NA,NA,NA,NA,NA,NA,NA,NA,NA,NA,NA,NA,NA,NA,NA,NA,NA,NA,NA,NA,NA,NA,NA,NA,NA,NA,NA,NA,NA,NA,NA,NA,NA,NA,NA,NA,NA,NA,NA,NA,"Industrial_DataSummary_By_LEE.xlsx$WU_Industrial_table_SIC_NAICs"
"WV",NA,NA,NA,NA,"BUSINESS DEVELOPMENT CORPORATION BEECH BOTTOM INDUSTRIAL PARK",NA,NA,NA,NA,NA,NA,NA,NA,NA,NA,"3312, 531120","3472, 6512",NA,NA,NA,NA,NA,NA,NA,NA,NA,NA,NA,NA,NA,NA,NA,NA,NA,NA,"40.229100000000003",NA,NA,NA,NA,NA,NA,NA,NA,NA,NA,NA,NA,NA,NA,NA,NA,NA,NA,NA,NA,NA,NA,NA,NA,NA,NA,NA,NA,NA,NA,NA,NA,NA,NA,NA,NA,NA,NA,NA,NA,NA,NA,NA,NA,NA,NA,NA,NA,NA,NA,NA,NA,NA,NA,NA,NA,NA,NA,NA,NA,NA,"Industrial_DataSummary_By_LEE.xlsx$WU_Industrial_table_SIC_NAICs"
"WV",NA,NA,NA,NA,"CENTURY ALUMINUM",NA,NA,NA,NA,NA,NA,NA,NA,NA,NA,"331312","3334",NA,NA,NA,NA,NA,NA,NA,NA,NA,NA,NA,NA,NA,NA,NA,NA,NA,NA,"38.935830000000003",NA,NA,NA,NA,NA,NA,NA,NA,NA,NA,NA,NA,NA,NA,NA,NA,NA,NA,NA,NA,NA,NA,NA,NA,NA,NA,NA,NA,NA,NA,NA,NA,NA,NA,NA,NA,NA,NA,NA,NA,NA,NA,NA,NA,NA,NA,NA,NA,NA,NA,NA,NA,NA,NA,NA,NA,NA,NA,NA,NA,NA,"Industrial_DataSummary_By_LEE.xlsx$WU_Industrial_table_SIC_NAICs"
"WV",NA,NA,NA,NA,"CLEARON CORPORATION","CLEARON CORPORATION","CLEARON CORPORATION",NA,NA,NA,NA,NA,NA,NA,NA,"325188","2819",NA,NA,NA,NA,NA,NA,NA,NA,"3100 Maccorkle Avenue Sw # 13","Charleston","Kanawha","WV",NA,"3100 Maccorkle Avenue Sw # 13","Charleston","KANAWHA","WV",NA,"38.3675",NA,NA,NA,NA,NA,NA,NA,NA,NA,NA,NA,NA,NA,NA,NA,NA,NA,NA,NA,NA,NA,NA,NA,"D_478922","512164","512164","NA","CLEARON CORP.","CLEARON CORPORATION","3100 MACCORKLE AVE SW # 13","3100 MACCORKLE AVENUE SW # 13","UPDATED","CHARLESTON","WV","KANAWHA","25303","25303","GOOD","(304) 746-0952","38.3657","-81.7017","325180","NA","NA","39","0","0","NA","25303 _ (304) 746-0952","CHARLESTON_3100 MACCORKLE AVENUE SW # 13","DBPT","DB","N","WEST VIRGINIA","54","39","54039","SOUTH_ATLANTIC","5","OTHER BASIC INORGANIC CHEMICAL MANUFACTURING","NA","Industrial_DataSummary_By_LEE.xlsx$WU_Industrial_table_SIC_NAICs, USEPA_HIFLD_EIA_PPP_facility_v7.1.csv"
"WV",NA,NA,NA,NA,"CLEARON CORPORATION","CLEARON CORPORATION","CLEARON CORPORATION",NA,NA,NA,NA,NA,NA,NA,NA,"325188","2819",NA,NA,NA,NA,NA,NA,NA,NA,"3100 Maccorkle Avenue, Sw","South Charleston","Kanawha","WV",NA,"3100 Maccorkle Avenue, Sw","South Charleston","KANAWHA","WV",NA,"38.3675",NA,NA,NA,NA,NA,NA,NA,NA,NA,NA,NA,NA,NA,NA,NA,NA,NA,NA,NA,NA,NA,NA,NA,"E_110056144836","642187","642187","NA","CLEARON CORPORATION","CLEARON CORPORATION","3100 MACCORKLE AVE., SW","3100 MACCORKLE AVENUE, SW","UPDATED","SOUTH CHARLESTON","WV","KANAWHA","25303","25303","GOOD","(304) 932-7811","38.360833","-81.702383","32518","NA","NA","NA","NA","NA","NA","25303 _ (304) 932-7811","SOUTH CHARLESTON_3100 MACCORKLE AVENUE, SW","FRS","FRS","N","WEST VIRGINIA","54","39","54039","SOUTH_ATLANTIC","5","OTHER BASIC INORGANIC CHEMICAL MANUFACTURING","NA","Industrial_DataSummary_By_LEE.xlsx$WU_Industrial_table_SIC_NAICs, USEPA_HIFLD_EIA_PPP_facility_v7.1.csv"
"WV",NA,NA,NA,NA,"CLEARON CORPORATION","CLEARON CORPORATION","CLEARON CORPORATION",NA,NA,NA,NA,NA,NA,NA,NA,"325188","2819",NA,NA,NA,NA,NA,NA,NA,NA,"95 Maccorkle Avenue Sw","South Charleston","Kanawha","WV",NA,"95 Maccorkle Avenue Sw","South Charleston","KANAWHA","WV",NA,"38.3675",NA,NA,NA,NA,NA,NA,NA,NA,NA,NA,NA,NA,NA,NA,NA,NA,NA,NA,NA,NA,NA,NA,NA,"P_116144","79789","79789","NA","CLEARON CORP.","CLEARON CORPORATION","95 MACCORKLE AVENUE SW","95 MACCORKLE AVENUE SW","OK","SOUTH CHARLESTON","WV","KANAWHA","25303","25303","GOOD","(304) 746-3000","38.3676701","-81.7015863","325131","2819","163","NA","NA","NA","124","25303 _ (304) 746-3000","SOUTH CHARLESTON_95 MACCORKLE AVENUE SW","PINPT","PIN, BUS, PPP","N","WEST VIRGINIA","54","39","54039","SOUTH_ATLANTIC","5","NA","NA","Industrial_DataSummary_By_LEE.xlsx$WU_Industrial_table_SIC_NAICs, USEPA_HIFLD_EIA_PPP_facility_v7.1.csv"
"WV",NA,NA,NA,NA,"CONSTELLIUM ROLLED PRODUCTS","CONSTELLIUM ROLLED PRODUCTS","CONSTELLIUM ROLLED PRODUCTS",NA,NA,NA,NA,NA,NA,NA,NA,"331315","3355",NA,NA,NA,NA,NA,NA,NA,NA,"Route 2 South859 Century Road","Ravenswood",NA,"WV",NA,"Route 2 South859 Century Road","Ravenswood",NA,"WV",NA,"38.93027",NA,NA,NA,NA,NA,NA,NA,NA,NA,NA,NA,NA,NA,NA,NA,NA,NA,NA,NA,NA,NA,NA,NA,"E_110070273306","918717","918717","NA","CONSTELLIUM ROLLED PRODUCTS","CONSTELLIUM ROLLED PRODUCTS","ROUTE 2 SOUTH859 CENTURY ROAD","ROUTE 2 SOUTH859 CENTURY ROAD","OK","RAVENSWOOD","WV","NA","26164","26164","GOOD","NA","38.948137","-81.760965","331315","NA","NA","NA","NA","NA","NA","NA","RAVENSWOOD_ROUTE 2 SOUTH859 CENTURY ROAD","CITY CENTROID","FRS","Y","NA","NA","NA","NA","NA","NA","ALUMINUM SHEET, PLATE, AND FOIL MANUFACTURING.","NA","Industrial_DataSummary_By_LEE.xlsx$WU_Industrial_table_SIC_NAICs, USEPA_HIFLD_EIA_PPP_facility_v7.1.csv"
"WV",NA,NA,NA,NA,"CONSTELLIUM ROLLED PRODUCTS","CONSTELLIUM ROLLED PRODUCTS","CONSTELLIUM ROLLED PRODUCTS",NA,NA,NA,NA,NA,NA,NA,NA,"331315","3355",NA,NA,NA,NA,NA,NA,NA,NA,"Route. 2 Century Road","Ravenswood",NA,"WV",NA,"Route. 2 Century Road","Ravenswood",NA,"WV",NA,"38.93027",NA,NA,NA,NA,NA,NA,NA,NA,NA,NA,NA,NA,NA,NA,NA,NA,NA,NA,NA,NA,NA,NA,NA,"E_110070276352","918726","918726","NA","CONSTELLIUM ROLLED PRODUCTS","CONSTELLIUM ROLLED PRODUCTS","RTE. 2 CENTURY ROAD","ROUTE. 2 CENTURY ROAD","UPDATED","RAVENSWOOD","WV","NA","26164","26164","GOOD","NA","38.948137","-81.760965","331315","NA","NA","NA","NA","NA","NA","NA","RAVENSWOOD_ROUTE. 2 CENTURY ROAD","CITY CENTROID","FRS","Y","NA","NA","NA","NA","NA","NA","ALUMINUM SHEET, PLATE, AND FOIL MANUFACTURING.","NA","Industrial_DataSummary_By_LEE.xlsx$WU_Industrial_table_SIC_NAICs, USEPA_HIFLD_EIA_PPP_facility_v7.1.csv"
"WV",NA,NA,NA,NA,"CONSTELLIUM ROLLED PRODUCTS RAVENSWOOD LIMITED LIABILITY COMPANY",NA,NA,NA,NA,NA,NA,NA,NA,NA,NA,"331315","3355",NA,NA,NA,NA,NA,NA,NA,NA,NA,NA,NA,NA,NA,NA,NA,NA,NA,NA,"38.915278000000001",NA,NA,NA,NA,NA,NA,NA,NA,NA,NA,NA,NA,NA,NA,NA,NA,NA,NA,NA,NA,NA,NA,NA,NA,NA,NA,NA,NA,NA,NA,NA,NA,NA,NA,NA,NA,NA,NA,NA,NA,NA,NA,NA,NA,NA,NA,NA,NA,NA,NA,NA,NA,NA,NA,NA,NA,NA,NA,NA,NA,NA,"Industrial_DataSummary_By_LEE.xlsx$WU_Industrial_table_SIC_NAICs"
"WV",NA,NA,NA,NA,"CONSTELLIUM ROLLED PRODUCTS RAVENSWOOD LIMITED LIABILITY COMPANY 06 11 2014",NA,NA,NA,NA,NA,NA,NA,NA,NA,NA,"331315","3355",NA,NA,NA,NA,NA,NA,NA,NA,NA,NA,NA,NA,NA,NA,NA,NA,NA,NA,"38.916666999999997",NA,NA,NA,NA,NA,NA,NA,NA,NA,NA,NA,NA,NA,NA,NA,NA,NA,NA,NA,NA,NA,NA,NA,NA,NA,NA,NA,NA,NA,NA,NA,NA,NA,NA,NA,NA,NA,NA,NA,NA,NA,NA,NA,NA,NA,NA,NA,NA,NA,NA,NA,NA,NA,NA,NA,NA,NA,NA,NA,NA,NA,"Industrial_DataSummary_By_LEE.xlsx$WU_Industrial_table_SIC_NAICs"
"WV",NA,NA,NA,NA,"COVESTRO LIMITED LIABILITY COMPANY","COVESTRO LIMITED LIABILITY COMPANY","COVESTRO LIMITED LIABILITY COMPANY",NA,NA,NA,NA,NA,NA,NA,NA,"325110","2821",NA,NA,NA,NA,NA,NA,NA,NA,"17595 Energy Road","Proctor","Marshall","WV",NA,"17595 Energy Road","Proctor","MARSHALL","WV",NA,"39.723329999999997",NA,NA,NA,NA,NA,NA,NA,NA,NA,NA,NA,NA,NA,NA,NA,NA,NA,NA,NA,NA,NA,NA,NA,"E_110070638237","642344","642344","NA","COVESTRO LLC","COVESTRO LIMITED LIABILITY COMPANY","17595 ENERGY ROAD","17595 ENERGY ROAD","OK","PROCTOR","WV","MARSHALL","26055","26055","GOOD","(304) 451-2817","39.72636","-80.82713","325199","NA","NA","NA","NA","NA","NA","26055 _ (304) 451-2817","PROCTOR_17595 ENERGY ROAD","FRS","FRS","N","WEST VIRGINIA","54","51","54051","SOUTH_ATLANTIC","5","ALL OTHER BASIC ORGANIC CHEMICAL MANUFACTURING.","NA","Industrial_DataSummary_By_LEE.xlsx$WU_Industrial_table_SIC_NAICs, USEPA_HIFLD_EIA_PPP_facility_v7.1.csv"
"WV",NA,NA,NA,NA,"CREO MANUFACTURING LIMITED LIABILITY COMPANY",NA,NA,NA,NA,NA,NA,NA,NA,NA,NA,"334613","3695",NA,NA,NA,NA,NA,NA,NA,NA,NA,NA,NA,NA,NA,NA,NA,NA,NA,NA,"39.308329999999998",NA,NA,NA,NA,NA,NA,NA,NA,NA,NA,NA,NA,NA,NA,NA,NA,NA,NA,NA,NA,NA,NA,NA,NA,NA,NA,NA,NA,NA,NA,NA,NA,NA,NA,NA,NA,NA,NA,NA,NA,NA,NA,NA,NA,NA,NA,NA,NA,NA,NA,NA,NA,NA,NA,NA,NA,NA,NA,NA,NA,NA,"Industrial_DataSummary_By_LEE.xlsx$WU_Industrial_table_SIC_NAICs"
"WV",NA,NA,NA,NA,"CYTEC INDUSTRIES INCORPORATED","CYTEC INDUSTRIES INCORPORATED","CYTEC INDUSTRIES INCORPORATED",NA,NA,NA,NA,NA,NA,NA,NA,"325199","2869",NA,NA,NA,NA,NA,NA,NA,NA,"#1 Heilman Avenue","Belmont","Pleasants","WV",NA,"#1 Heilman Avenue","Belmont","PLEASANTS","WV",NA,"39.355559999999997",NA,NA,NA,NA,NA,NA,NA,NA,NA,NA,NA,NA,NA,NA,NA,NA,NA,NA,NA,NA,NA,NA,NA,"E_110060638653","642206","642206","NA","CYTEC INDUSTRIES, INC","CYTEC INDUSTRIES INCORPORATED","#1 HEILMAN AVENUE","#1 HEILMAN AVENUE","OK","BELMONT","WV","PLEASANTS","26134","26134","GOOD","(304) 665-3488","39.35635","-81.30621","325199","NA","NA","NA","NA","NA","NA","26134 _ (304) 665-3488","BELMONT_#1 HEILMAN AVENUE","FRS","FRS","N","WEST VIRGINIA","54","73","54073","SOUTH_ATLANTIC","5","ALL OTHER BASIC ORGANIC CHEMICAL MANUFACTURING.","NA","Industrial_DataSummary_By_LEE.xlsx$WU_Industrial_table_SIC_NAICs, USEPA_HIFLD_EIA_PPP_facility_v7.1.csv"
"WV",NA,NA,NA,NA,"CYTEC INDUSTRIES INCORPORATED","CYTEC INDUSTRIES INCORPORATED","CYTEC INDUSTRIES INCORPORATED",NA,NA,NA,NA,NA,NA,NA,NA,"325199","2869",NA,NA,NA,NA,NA,NA,NA,NA,"1 Heilman Avenue","Willow Island","Pleasants","WV",NA,"1 Heilman Avenue","Willow Island","PLEASANTS","WV",NA,"39.355559999999997",NA,NA,NA,NA,NA,NA,NA,NA,NA,NA,NA,NA,NA,NA,NA,NA,NA,NA,NA,NA,NA,NA,NA,"P_116217","191100","191100","NA","CYTEC INDUSTRIES, INC.","CYTEC INDUSTRIES INCORPORATED","1 HEILMAN AVENUE","1 HEILMAN AVENUE","OK","WILLOW ISLAND","WV","PLEASANTS","26134","26134","GOOD","(304) 665-2422","39.3567105","-81.3060966","325211","2821","180","NA","NA","NA","NA","26134 _ (304) 665-2422","WILLOW ISLAND_1 HEILMAN AVENUE","PINPT","PIN, BUS, FRS","N","WEST VIRGINIA","54","73","54073","SOUTH_ATLANTIC","5","PLASTICS MATERIAL AND RESIN MANUFACTURING","NA","Industrial_DataSummary_By_LEE.xlsx$WU_Industrial_table_SIC_NAICs, USEPA_HIFLD_EIA_PPP_facility_v7.1.csv"
"WV",NA,NA,NA,NA,"DUPONT BELLE PLANT",NA,NA,NA,NA,NA,NA,NA,NA,NA,NA,"325199","2869",NA,NA,NA,NA,NA,NA,NA,NA,NA,NA,NA,NA,NA,NA,NA,NA,NA,NA,"38.246110000000002",NA,NA,NA,NA,NA,NA,NA,NA,NA,NA,NA,NA,NA,NA,NA,NA,NA,NA,NA,NA,NA,NA,NA,NA,NA,NA,NA,NA,NA,NA,NA,NA,NA,NA,NA,NA,NA,NA,NA,NA,NA,NA,NA,NA,NA,NA,NA,NA,NA,NA,NA,NA,NA,NA,NA,NA,NA,NA,NA,NA,NA,"Industrial_DataSummary_By_LEE.xlsx$WU_Industrial_table_SIC_NAICs"
"WV",NA,NA,NA,NA,"DUPONT WASHINGTON WORKS",NA,NA,NA,NA,NA,NA,NA,NA,NA,NA,"325211","2821",NA,NA,NA,NA,NA,NA,NA,NA,NA,NA,NA,NA,NA,NA,NA,NA,NA,NA,"39.274070999999999",NA,NA,NA,NA,NA,NA,NA,NA,NA,NA,NA,NA,NA,NA,NA,NA,NA,NA,NA,NA,NA,NA,NA,NA,NA,NA,NA,NA,NA,NA,NA,NA,NA,NA,NA,NA,NA,NA,NA,NA,NA,NA,NA,NA,NA,NA,NA,NA,NA,NA,NA,NA,NA,NA,NA,NA,NA,NA,NA,NA,NA,"Industrial_DataSummary_By_LEE.xlsx$WU_Industrial_table_SIC_NAICs"
"WV",NA,NA,NA,NA,"EAGLE NATRIUM LIMITED LIABILITY COMPANY",NA,NA,NA,NA,NA,NA,NA,NA,NA,NA,"325181","2812",NA,NA,NA,NA,NA,NA,NA,NA,NA,NA,NA,NA,NA,NA,NA,NA,NA,NA,"39.731290000000001",NA,NA,NA,NA,NA,NA,NA,NA,NA,NA,NA,NA,NA,NA,NA,NA,NA,NA,NA,NA,NA,NA,NA,NA,NA,NA,NA,NA,NA,NA,NA,NA,NA,NA,NA,NA,NA,NA,NA,NA,NA,NA,NA,NA,NA,NA,NA,NA,NA,NA,NA,NA,NA,NA,NA,NA,NA,NA,NA,NA,NA,"Industrial_DataSummary_By_LEE.xlsx$WU_Industrial_table_SIC_NAICs"
"WV",NA,NA,NA,NA,"ERGON WEST VIRGINIA INCORPORATED","ERGON WEST VIRGINIA INCORPORATED","ERGON WEST VIRGINIA INCORPORATED",NA,NA,NA,NA,NA,NA,NA,NA,"324110","2911",NA,NA,NA,NA,NA,NA,NA,NA,"9995 Ohio River Boulevard","Newell","Hancock","WV",NA,"9995 Ohio River Boulevard","Newell","HANCOCK","WV",NA,"40.610280000000003",NA,NA,NA,NA,NA,NA,NA,NA,NA,NA,NA,NA,NA,NA,NA,NA,NA,NA,NA,NA,NA,NA,NA,"E_110070749774","642549","642549","NA","ERGON WEST VIRGINIA INC","ERGON WEST VIRGINIA INCORPORATED","9995 OHIO RIVER BLVD","9995 OHIO RIVER BOULEVARD","UPDATED","NEWELL","WV","HANCOCK","26050","26050","GOOD","NA","40.61415241","-80.58699708","324110","NA","NA","NA","NA","NA","NA","NA","NEWELL_9995 OHIO RIVER BOULEVARD","OSM.CSV","FRS","Y","WEST VIRGINIA","54","29","54029","SOUTH_ATLANTIC","5","PETROLEUM REFINERIES.","NA","Industrial_DataSummary_By_LEE.xlsx$WU_Industrial_table_SIC_NAICs, USEPA_HIFLD_EIA_PPP_facility_v7.1.csv"
"WV",NA,NA,NA,NA,"ERGON WEST VIRGINIA INCORPORATED","ERGON WEST VIRGINIA INCORPORATED","ERGON WEST VIRGINIA INCORPORATED",NA,NA,NA,NA,NA,NA,NA,NA,"324110","2911",NA,NA,NA,NA,NA,NA,NA,NA,NA,"Newell","Hancock","WV",NA,NA,"Newell","HANCOCK","WV",NA,"40.610280000000003",NA,NA,NA,NA,NA,NA,NA,NA,NA,NA,NA,NA,NA,NA,NA,NA,NA,NA,NA,NA,NA,NA,NA,"E_110028245272","918608","918608","NA","ERGON-WEST VIRGINIA, INC.","ERGON WEST VIRGINIA INCORPORATED","P.O. BOX 356","P.O. BOX 356","CHECK","NEWELL","WV","HANCOCK","26050","26050","GOOD","NA","40.618398","-80.604238","324110","NA","NA","NA","NA","NA","NA","NA","NEWELL_P.O. BOX 356","CITY CENTROID","FRS","Y","WEST VIRGINIA","54","29","54029","SOUTH_ATLANTIC","NA","PETROLEUM REFINERIES.","NA","Industrial_DataSummary_By_LEE.xlsx$WU_Industrial_table_SIC_NAICs, USEPA_HIFLD_EIA_PPP_facility_v7.1.csv"
"WV",NA,NA,NA,NA,"ESSROC CEMENT CORPORATION","ESSROC CEMENT CORPORATION","ESSROC CEMENT CORPORATION",NA,NA,NA,NA,NA,NA,NA,NA,"327310","3241",NA,NA,NA,NA,NA,NA,NA,NA,"1826 S Queen St","Martinsburg","Berkeley","WV",NA,"1826 S Queen St","Martinsburg","BERKELEY","WV",NA,"39.429572",NA,NA,NA,NA,NA,NA,NA,NA,NA,NA,NA,NA,NA,NA,NA,NA,NA,NA,NA,NA,NA,NA,NA,"P_118189","192746","192746","NA","ESSROC CEMENT CORP.","ESSROC CEMENT CORPORATION","1826 SOUTH QUEEN STREET","1826 S QUEEN STREET","UPDATED","MARTINSBURG","WV","BERKELEY","25401","25401","GOOD","(304) 260-1800","39.4366515","-77.974654","327310","3241","225","2","0","1E+05","NA","25401 _ (304) 260-1800","MARTINSBURG_1826 S QUEEN ST","PINPT","PIN, BUS, DB, FRS","N","WEST VIRGINIA","54","3","54003","SOUTH_ATLANTIC","2","CEMENT MANUFACTURING","NA","Industrial_DataSummary_By_LEE.xlsx$WU_Industrial_table_SIC_NAICs, USEPA_HIFLD_EIA_PPP_facility_v7.1.csv"
"WV",NA,NA,NA,NA,"FIBREK RECYCLING U S INCORPORATED FAIRMONT MILL",NA,NA,NA,NA,NA,NA,NA,NA,NA,NA,"322130","2611",NA,NA,NA,NA,NA,NA,NA,NA,NA,NA,NA,NA,NA,NA,NA,NA,NA,NA,"39.525300000000001",NA,NA,NA,NA,NA,NA,NA,NA,NA,NA,NA,NA,NA,NA,NA,NA,NA,NA,NA,NA,NA,NA,NA,NA,NA,NA,NA,NA,NA,NA,NA,NA,NA,NA,NA,NA,NA,NA,NA,NA,NA,NA,NA,NA,NA,NA,NA,NA,NA,NA,NA,NA,NA,NA,NA,NA,NA,NA,NA,NA,NA,"Industrial_DataSummary_By_LEE.xlsx$WU_Industrial_table_SIC_NAICs"
"WV",NA,NA,NA,NA,"FOLLANSBEE COKE PLANT",NA,NA,NA,NA,NA,NA,NA,NA,NA,NA,"324199","3312",NA,NA,NA,NA,NA,NA,NA,NA,NA,NA,NA,NA,NA,NA,NA,NA,NA,NA,"40.345153000000003",NA,NA,NA,NA,NA,NA,NA,NA,NA,NA,NA,NA,NA,NA,NA,NA,NA,NA,NA,NA,NA,NA,NA,NA,NA,NA,NA,NA,NA,NA,NA,NA,NA,NA,NA,NA,NA,NA,NA,NA,NA,NA,NA,NA,NA,NA,NA,NA,NA,NA,NA,NA,NA,NA,NA,NA,NA,NA,NA,NA,NA,"Industrial_DataSummary_By_LEE.xlsx$WU_Industrial_table_SIC_NAICs"
"WV",NA,NA,NA,NA,"GOODRICH CORPORATION",NA,NA,NA,NA,NA,NA,NA,NA,NA,NA,"326299","3069",NA,NA,NA,NA,NA,NA,NA,NA,NA,NA,NA,NA,NA,NA,NA,NA,NA,NA,"37.619999999999997",NA,NA,NA,NA,NA,NA,NA,NA,NA,NA,NA,NA,NA,NA,NA,NA,NA,NA,NA,NA,NA,NA,NA,NA,NA,NA,NA,NA,NA,NA,NA,NA,NA,NA,NA,NA,NA,NA,NA,NA,NA,NA,NA,NA,NA,NA,NA,NA,NA,NA,NA,NA,NA,NA,NA,NA,NA,NA,NA,NA,NA,"Industrial_DataSummary_By_LEE.xlsx$WU_Industrial_table_SIC_NAICs"
"WV",NA,NA,NA,NA,"GREEN ACRES REGIONAL CENTER INCORPORATED",NA,NA,NA,NA,NA,NA,NA,NA,NA,NA,"312112","2086",NA,NA,NA,NA,NA,NA,NA,NA,NA,NA,NA,NA,NA,NA,NA,NA,NA,NA,"38.554059000000002",NA,NA,NA,NA,NA,NA,NA,NA,NA,NA,NA,NA,NA,NA,NA,NA,NA,NA,NA,NA,NA,NA,NA,NA,NA,NA,NA,NA,NA,NA,NA,NA,NA,NA,NA,NA,NA,NA,NA,NA,NA,NA,NA,NA,NA,NA,NA,NA,NA,NA,NA,NA,NA,NA,NA,NA,NA,NA,NA,NA,NA,"Industrial_DataSummary_By_LEE.xlsx$WU_Industrial_table_SIC_NAICs"
"WV",NA,NA,NA,NA,"HASTINGS EXTRACTION PLANT",NA,NA,NA,NA,NA,NA,NA,NA,NA,NA,"211112, 486210","4922",NA,NA,NA,NA,NA,NA,NA,NA,NA,NA,NA,NA,NA,NA,NA,NA,NA,NA,"39.55198",NA,NA,NA,NA,NA,NA,NA,NA,NA,NA,NA,NA,NA,NA,NA,NA,NA,NA,NA,NA,NA,NA,NA,NA,NA,NA,NA,NA,NA,NA,NA,NA,NA,NA,NA,NA,NA,NA,NA,NA,NA,NA,NA,NA,NA,NA,NA,NA,NA,NA,NA,NA,NA,NA,NA,NA,NA,NA,NA,NA,NA,"Industrial_DataSummary_By_LEE.xlsx$WU_Industrial_table_SIC_NAICs"
"WV",NA,NA,NA,NA,"HUNTINGTON ALLOYS CORPORATION",NA,NA,NA,NA,NA,NA,NA,NA,NA,NA,"331491","3356",NA,NA,NA,NA,NA,NA,NA,NA,NA,NA,NA,NA,NA,NA,NA,NA,NA,NA,"38.40117",NA,NA,NA,NA,NA,NA,NA,NA,NA,NA,NA,NA,NA,NA,NA,NA,NA,NA,NA,NA,NA,NA,NA,NA,NA,NA,NA,NA,NA,NA,NA,NA,NA,NA,NA,NA,NA,NA,NA,NA,NA,NA,NA,NA,NA,NA,NA,NA,NA,NA,NA,NA,NA,NA,NA,NA,NA,NA,NA,NA,NA,"Industrial_DataSummary_By_LEE.xlsx$WU_Industrial_table_SIC_NAICs"
"WV",NA,NA,NA,NA,"ICL IP AMERICA INCORPORATED","ICL IP AMERICA INCORPORATED","ICL IP AMERICA INCORPORATED",NA,NA,NA,NA,NA,NA,NA,NA,"325188","2899",NA,NA,NA,NA,NA,NA,NA,NA,"11636 Huntington Road","Gallipolis Ferry","Mason","WV",NA,"11636 Huntington Road","Gallipolis Ferry","MASON","WV",NA,"38.772779999999997",NA,NA,NA,NA,NA,NA,NA,NA,NA,NA,NA,NA,NA,NA,NA,NA,NA,NA,NA,NA,NA,NA,NA,"E_110059188338","918640","918640","NA","ICL-IP AMERICA INC.","ICL IP AMERICA INCORPORATED","11636 HUNTINGTON ROAD","11636 HUNTINGTON ROAD","OK","GALLIPOLIS FERRY","WV","MASON","25515","25515","GOOD","NA","38.770637","-82.198758","325199","NA","NA","NA","NA","NA","NA","NA","GALLIPOLIS FERRY_11636 HUNTINGTON ROAD","CITY CENTROID","FRS","Y","WEST VIRGINIA","54","53","54053","SOUTH_ATLANTIC","NA","ALL OTHER BASIC ORGANIC CHEMICAL MANUFACTURING.","NA","Industrial_DataSummary_By_LEE.xlsx$WU_Industrial_table_SIC_NAICs, USEPA_HIFLD_EIA_PPP_facility_v7.1.csv"
"WV",NA,NA,NA,NA,"KANAWHA RIVER TERMINALS CEREDO DOCK",NA,NA,NA,NA,NA,NA,NA,NA,NA,NA,"488310","4491",NA,NA,NA,NA,NA,NA,NA,NA,NA,NA,NA,NA,NA,NA,NA,NA,NA,NA,"38.397219999999997",NA,NA,NA,NA,NA,NA,NA,NA,NA,NA,NA,NA,NA,NA,NA,NA,NA,NA,NA,NA,NA,NA,NA,NA,NA,NA,NA,NA,NA,NA,NA,NA,NA,NA,NA,NA,NA,NA,NA,NA,NA,NA,NA,NA,NA,NA,NA,NA,NA,NA,NA,NA,NA,NA,NA,NA,NA,NA,NA,NA,NA,"Industrial_DataSummary_By_LEE.xlsx$WU_Industrial_table_SIC_NAICs"
"WV",NA,NA,NA,NA,"KANAWHA RIVER TERMINALS QUINCY DOCK",NA,NA,NA,NA,NA,NA,NA,NA,NA,NA,"488310","4491",NA,NA,NA,NA,NA,NA,NA,NA,NA,NA,NA,NA,NA,NA,NA,NA,NA,NA,"38.200000000000003",NA,NA,NA,NA,NA,NA,NA,NA,NA,NA,NA,NA,NA,NA,NA,NA,NA,NA,NA,NA,NA,NA,NA,NA,NA,NA,NA,NA,NA,NA,NA,NA,NA,NA,NA,NA,NA,NA,NA,NA,NA,NA,NA,NA,NA,NA,NA,NA,NA,NA,NA,NA,NA,NA,NA,NA,NA,NA,NA,NA,NA,"Industrial_DataSummary_By_LEE.xlsx$WU_Industrial_table_SIC_NAICs"
"WV",NA,NA,NA,NA,"KINGSFORD MANUFACTURING COMPANY","KINGSFORD MANUFACTURING COMPANY","KINGSFORD MANUFACTURING COMPANY",NA,NA,NA,NA,NA,NA,NA,NA,"325191","2861",NA,NA,NA,NA,NA,NA,NA,NA,"180 Kingsford Lane","Parsons","Tucker","WV",NA,"180 Kingsford Lane","Parsons","TUCKER","WV",NA,"39.078000000000003",NA,NA,NA,NA,NA,NA,NA,NA,NA,NA,NA,NA,NA,NA,NA,NA,NA,NA,NA,NA,NA,NA,NA,"E_110070640136","642382","642382","NA","KINGSFORD MANUFACTURING CO","KINGSFORD MANUFACTURING COMPANY","180 KINGSFORD LANE","180 KINGSFORD LANE","OK","PARSONS","WV","TUCKER","26287","26287","GOOD","(304) 478-5559","39.08","-79.721111","32519","NA","NA","NA","NA","NA","NA","26287 _ (304) 478-5559","PARSONS_180 KINGSFORD LANE","FRS","FRS","N","WEST VIRGINIA","54","93","54093","SOUTH_ATLANTIC","5","OTHER BASIC ORGANIC CHEMICAL MANUFACTURING","NA","Industrial_DataSummary_By_LEE.xlsx$WU_Industrial_table_SIC_NAICs, USEPA_HIFLD_EIA_PPP_facility_v7.1.csv"
"WV",NA,NA,NA,NA,"KINGSFORD MANUFACTURING COMPANY","KINGSFORD MANUFACTURING COMPANY","KINGSFORD MANUFACTURING COMPANY",NA,NA,NA,NA,NA,NA,NA,NA,"325191","2861",NA,NA,NA,NA,NA,NA,NA,NA,"Us Highway 219","Parsons","Tucker","WV",NA,"Us Highway 219","Parsons","TUCKER","WV",NA,"39.078000000000003",NA,NA,NA,NA,NA,NA,NA,NA,NA,NA,NA,NA,NA,NA,NA,NA,NA,NA,NA,NA,NA,NA,NA,"P_115960","79698","79698","NA","KINGSFORD MFG. CO.","KINGSFORD MANUFACTURING COMPANY","US HIGHWAY 219","US HIGHWAY 219","OK","PARSONS","WV","TUCKER","26287","26287","GOOD","(304) 478-2911","39.0809625","-79.694022","325131","2819","110","150","0","0","NA","26287 _ (304) 478-2911","PARSONS_US HIGHWAY 219","PINPT","PIN, BUS, DB","N","WEST VIRGINIA","54","93","54093","SOUTH_ATLANTIC","5","NA","NA","Industrial_DataSummary_By_LEE.xlsx$WU_Industrial_table_SIC_NAICs, USEPA_HIFLD_EIA_PPP_facility_v7.1.csv"
"WV",NA,NA,NA,NA,"KINGSFORD MANUFACTURING COMPANY","KINGSFORD MANUFACTURING COMPANY","KINGSFORD MANUFACTURING COMPANY",NA,NA,NA,NA,NA,NA,NA,NA,"325191","2861",NA,NA,NA,NA,NA,NA,NA,NA,NA,"Keyser","Mineral","WV",NA,NA,"Keyser","MINERAL","WV",NA,"39.078000000000003",NA,NA,NA,NA,NA,NA,NA,NA,NA,NA,NA,NA,NA,NA,NA,NA,NA,NA,NA,NA,NA,NA,NA,"D_560319","512169","512169","NA","KINGSFORD MANUFACTURING COMPANY","KINGSFORD MANUFACTURING COMPANY","RR 46 BOX BERYL","RR 46 BOX BERYL","CHECK","KEYSER","WV","MINERAL","26726","26726","GOOD","(304) 355-2311","39.4732","-79.0694","325194","NA","NA","5","0","707279","NA","26726 _ (304) 355-2311","KEYSER_RR 46 BOX BERYL","DBPT","DB","N","WEST VIRGINIA","54","57","54057","SOUTH_ATLANTIC","2","CYCLIC CRUDE, INTERMEDIATE, AND GUM AND WOOD CHEMICAL MANUFACTURING","NA","Industrial_DataSummary_By_LEE.xlsx$WU_Industrial_table_SIC_NAICs, USEPA_HIFLD_EIA_PPP_facility_v7.1.csv"
"WV",NA,NA,NA,NA,"LINDE ARROYO NEW CUMBERLAND 04 08 2016",NA,NA,NA,NA,NA,NA,NA,NA,NA,NA,"333120","3531",NA,NA,NA,NA,NA,NA,NA,NA,NA,NA,NA,NA,NA,NA,NA,NA,NA,NA,"40.579611",NA,NA,NA,NA,NA,NA,NA,NA,NA,NA,NA,NA,NA,NA,NA,NA,NA,NA,NA,NA,NA,NA,NA,NA,NA,NA,NA,NA,NA,NA,NA,NA,NA,NA,NA,NA,NA,NA,NA,NA,NA,NA,NA,NA,NA,NA,NA,NA,NA,NA,NA,NA,NA,NA,NA,NA,NA,NA,NA,NA,NA,"Industrial_DataSummary_By_LEE.xlsx$WU_Industrial_table_SIC_NAICs"
"WV",NA,NA,NA,NA,"LOUIS NIEBERGALL ICE COMPANY",NA,NA,NA,NA,NA,NA,NA,NA,NA,NA,"312113","2097",NA,NA,NA,NA,NA,NA,NA,NA,NA,NA,NA,NA,NA,NA,NA,NA,NA,NA,"40.040280000000003",NA,NA,NA,NA,NA,NA,NA,NA,NA,NA,NA,NA,NA,NA,NA,NA,NA,NA,NA,NA,NA,NA,NA,NA,NA,NA,NA,NA,NA,NA,NA,NA,NA,NA,NA,NA,NA,NA,NA,NA,NA,NA,NA,NA,NA,NA,NA,NA,NA,NA,NA,NA,NA,NA,NA,NA,NA,NA,NA,NA,NA,"Industrial_DataSummary_By_LEE.xlsx$WU_Industrial_table_SIC_NAICs"
"WV",NA,NA,NA,NA,"LOUIS NIEBERGALL ICE COMPANY INCORPORATED",NA,NA,NA,NA,NA,NA,NA,NA,NA,NA,"312113","2097",NA,NA,NA,NA,NA,NA,NA,NA,NA,NA,NA,NA,NA,NA,NA,NA,NA,NA,"40.036419000000002",NA,NA,NA,NA,NA,NA,NA,NA,NA,NA,NA,NA,NA,NA,NA,NA,NA,NA,NA,NA,NA,NA,NA,NA,NA,NA,NA,NA,NA,NA,NA,NA,NA,NA,NA,NA,NA,NA,NA,NA,NA,NA,NA,NA,NA,NA,NA,NA,NA,NA,NA,NA,NA,NA,NA,NA,NA,NA,NA,NA,NA,"Industrial_DataSummary_By_LEE.xlsx$WU_Industrial_table_SIC_NAICs"
"WV",NA,NA,NA,NA,"MANDG POLYMERS USA APPLE GROVE PLANT",NA,NA,NA,NA,NA,NA,NA,NA,NA,NA,"325211","2821",NA,NA,NA,NA,NA,NA,NA,NA,NA,NA,NA,NA,NA,NA,NA,NA,NA,NA,"38.666670000000003",NA,NA,NA,NA,NA,NA,NA,NA,NA,NA,NA,NA,NA,NA,NA,NA,NA,NA,NA,NA,NA,NA,NA,NA,NA,NA,NA,NA,NA,NA,NA,NA,NA,NA,NA,NA,NA,NA,NA,NA,NA,NA,NA,NA,NA,NA,NA,NA,NA,NA,NA,NA,NA,NA,NA,NA,NA,NA,NA,NA,NA,"Industrial_DataSummary_By_LEE.xlsx$WU_Industrial_table_SIC_NAICs"
"WV",NA,NA,NA,NA,"MANDG POLYMERS USA LIMITED LIABILITY COMPANY",NA,NA,NA,NA,NA,NA,NA,NA,NA,NA,"325211","2821",NA,NA,NA,NA,NA,NA,NA,NA,NA,NA,NA,NA,NA,NA,NA,NA,NA,NA,"38.666719000000001",NA,NA,NA,NA,NA,NA,NA,NA,NA,NA,NA,NA,NA,NA,NA,NA,NA,NA,NA,NA,NA,NA,NA,NA,NA,NA,NA,NA,NA,NA,NA,NA,NA,NA,NA,NA,NA,NA,NA,NA,NA,NA,NA,NA,NA,NA,NA,NA,NA,NA,NA,NA,NA,NA,NA,NA,NA,NA,NA,NA,NA,"Industrial_DataSummary_By_LEE.xlsx$WU_Industrial_table_SIC_NAICs"
"WV",NA,NA,NA,NA,"MOUNTAIN STATE CARBON FOLLANSBEE COKE PLANT",NA,NA,NA,NA,NA,NA,NA,NA,NA,NA,"331111, 324199","3312",NA,NA,NA,NA,NA,NA,NA,NA,NA,NA,NA,NA,NA,NA,NA,NA,NA,NA,"40.345829999999999",NA,NA,NA,NA,NA,NA,NA,NA,NA,NA,NA,NA,NA,NA,NA,NA,NA,NA,NA,NA,NA,NA,NA,NA,NA,NA,NA,NA,NA,NA,NA,NA,NA,NA,NA,NA,NA,NA,NA,NA,NA,NA,NA,NA,NA,NA,NA,NA,NA,NA,NA,NA,NA,NA,NA,NA,NA,NA,NA,NA,NA,"Industrial_DataSummary_By_LEE.xlsx$WU_Industrial_table_SIC_NAICs"
"WV",NA,NA,NA,NA,"MOUNTAIN STATE CARBON LIMITED LIABILITY COMPANY",NA,NA,NA,NA,NA,NA,NA,NA,NA,NA,"324199","3312",NA,NA,NA,NA,NA,NA,NA,NA,NA,NA,NA,NA,NA,NA,NA,NA,NA,NA,"40.345832999999999",NA,NA,NA,NA,NA,NA,NA,NA,NA,NA,NA,NA,NA,NA,NA,NA,NA,NA,NA,NA,NA,NA,NA,NA,NA,NA,NA,NA,NA,NA,NA,NA,NA,NA,NA,NA,NA,NA,NA,NA,NA,NA,NA,NA,NA,NA,NA,NA,NA,NA,NA,NA,NA,NA,NA,NA,NA,NA,NA,NA,NA,"Industrial_DataSummary_By_LEE.xlsx$WU_Industrial_table_SIC_NAICs"
"WV",NA,NA,NA,NA,"MPM SILICONES",NA,NA,NA,NA,NA,NA,NA,NA,NA,NA,"325199","2869",NA,NA,NA,NA,NA,NA,NA,NA,NA,NA,NA,NA,NA,NA,NA,NA,NA,NA,"39.487220000000001",NA,NA,NA,NA,NA,NA,NA,NA,NA,NA,NA,NA,NA,NA,NA,NA,NA,NA,NA,NA,NA,NA,NA,NA,NA,NA,NA,NA,NA,NA,NA,NA,NA,NA,NA,NA,NA,NA,NA,NA,NA,NA,NA,NA,NA,NA,NA,NA,NA,NA,NA,NA,NA,NA,NA,NA,NA,NA,NA,NA,NA,"Industrial_DataSummary_By_LEE.xlsx$WU_Industrial_table_SIC_NAICs"
"WV",NA,NA,NA,NA,"MULLICAN LUMBER",NA,NA,NA,NA,NA,NA,NA,NA,NA,NA,"321918","2426",NA,NA,NA,NA,NA,NA,NA,NA,NA,NA,NA,NA,NA,NA,NA,NA,NA,NA,"37.745829999999998",NA,NA,NA,NA,NA,NA,NA,NA,NA,NA,NA,NA,NA,NA,NA,NA,NA,NA,NA,NA,NA,NA,NA,NA,NA,NA,NA,NA,NA,NA,NA,NA,NA,NA,NA,NA,NA,NA,NA,NA,NA,NA,NA,NA,NA,NA,NA,NA,NA,NA,NA,NA,NA,NA,NA,NA,NA,NA,NA,NA,NA,"Industrial_DataSummary_By_LEE.xlsx$WU_Industrial_table_SIC_NAICs"
"WV",NA,NA,NA,NA,"ND FAIRMONT LIMITED LIABILITY COMPANY",NA,NA,NA,NA,NA,NA,NA,NA,NA,NA,"322130","2611",NA,NA,NA,NA,NA,NA,NA,NA,NA,NA,NA,NA,NA,NA,NA,NA,NA,NA,"39.49",NA,NA,NA,NA,NA,NA,NA,NA,NA,NA,NA,NA,NA,NA,NA,NA,NA,NA,NA,NA,NA,NA,NA,NA,NA,NA,NA,NA,NA,NA,NA,NA,NA,NA,NA,NA,NA,NA,NA,NA,NA,NA,NA,NA,NA,NA,NA,NA,NA,NA,NA,NA,NA,NA,NA,NA,NA,NA,NA,NA,NA,"Industrial_DataSummary_By_LEE.xlsx$WU_Industrial_table_SIC_NAICs"
"WV",NA,NA,NA,NA,"OX PAPERBOARD",NA,NA,NA,NA,NA,NA,NA,NA,NA,NA,"322130","2631",NA,NA,NA,NA,NA,NA,NA,NA,NA,NA,NA,NA,NA,NA,NA,NA,NA,NA,"39.316389999999998",NA,NA,NA,NA,NA,NA,NA,NA,NA,NA,NA,NA,NA,NA,NA,NA,NA,NA,NA,NA,NA,NA,NA,NA,NA,NA,NA,NA,NA,NA,NA,NA,NA,NA,NA,NA,NA,NA,NA,NA,NA,NA,NA,NA,NA,NA,NA,NA,NA,NA,NA,NA,NA,NA,NA,NA,NA,NA,NA,NA,NA,"Industrial_DataSummary_By_LEE.xlsx$WU_Industrial_table_SIC_NAICs"
"WV",NA,NA,NA,NA,"OX PAPERBOARD LIMITED LIABILITY COMPANY","OX PAPERBOARD LIMITED LIABILITY COMPANY","OX PAPERBOARD LIMITED LIABILITY COMPANY",NA,NA,NA,NA,NA,NA,NA,NA,"322130","2631",NA,NA,NA,NA,NA,NA,NA,NA,"164 Eyster Road","Halltown","Jefferson","WV",NA,"164 Eyster Road","Halltown","JEFFERSON","WV",NA,"39.313653000000002",NA,NA,NA,NA,NA,NA,NA,NA,NA,NA,NA,NA,NA,NA,NA,NA,NA,NA,NA,NA,NA,NA,NA,"E_110070117691","918699","918699","NA","OX PAPERBOARD LLC","OX PAPERBOARD LIMITED LIABILITY COMPANY","164 EYSTER ROAD","164 EYSTER ROAD","OK","HALLTOWN","WV","JEFFERSON","25423","25423","GOOD","NA","39.31399","-77.797772","322130","NA","NA","NA","NA","NA","NA","NA","HALLTOWN_164 EYSTER ROAD","CITY CENTROID","FRS","Y","NA","NA","NA","NA","NA","NA","PAPERBOARD MILLS.","NA","Industrial_DataSummary_By_LEE.xlsx$WU_Industrial_table_SIC_NAICs, USEPA_HIFLD_EIA_PPP_facility_v7.1.csv"
"WV",NA,NA,NA,NA,"OX PAPERBOARD LIMITED LIABILITY COMPANY","OX PAPERBOARD LIMITED LIABILITY COMPANY","OX PAPERBOARD LIMITED LIABILITY COMPANY",NA,NA,NA,NA,NA,NA,NA,NA,"322130","2631",NA,NA,NA,NA,NA,NA,NA,NA,"164 Eyster Road","Harpers Ferry","Jefferson","WV",NA,"164 Eyster Road","Harpers Ferry","JEFFERSON","WV",NA,"39.313653000000002",NA,NA,NA,NA,NA,NA,NA,NA,NA,NA,NA,NA,NA,NA,NA,NA,NA,NA,NA,NA,NA,NA,NA,"E_110043796256","525111","525111","WV0005517","OX PAPERBOARD LLC","OX PAPERBOARD LIMITED LIABILITY COMPANY","164 EYSTER RD","164 EYSTER ROAD","UPDATED","HARPERS FERRY","WV","JEFFERSON","25425","25425","GOOD","NA","39.313373","-77.799291","32213","NA","NA","NA","NA","NA","NA","25425 _","HARPERS FERRY_164 EYSTER ROAD","FRS","FRS, NPDES","N","WEST VIRGINIA","54","37","54037","SOUTH_ATLANTIC","2","PAPERBOARD MILLS","NA","Industrial_DataSummary_By_LEE.xlsx$WU_Industrial_table_SIC_NAICs, USEPA_HIFLD_EIA_PPP_facility_v7.1.csv"
"WV",NA,NA,NA,NA,"PECHINEY ROLLED PRODUCTS LIMITED LIABILITY COMPANY",NA,NA,NA,NA,NA,NA,NA,NA,NA,NA,"331315","3353",NA,NA,NA,NA,NA,NA,NA,NA,NA,NA,NA,NA,NA,NA,NA,NA,NA,NA,"38.915280000000003",NA,NA,NA,NA,NA,NA,NA,NA,NA,NA,NA,NA,NA,NA,NA,NA,NA,NA,NA,NA,NA,NA,NA,NA,NA,NA,NA,NA,NA,NA,NA,NA,NA,NA,NA,NA,NA,NA,NA,NA,NA,NA,NA,NA,NA,NA,NA,NA,NA,NA,NA,NA,NA,NA,NA,NA,NA,NA,NA,NA,NA,"Industrial_DataSummary_By_LEE.xlsx$WU_Industrial_table_SIC_NAICs"
"WV",NA,NA,NA,NA,"PPG NATRIUM",NA,NA,NA,NA,NA,NA,NA,NA,NA,NA,"325181","2812",NA,NA,NA,NA,NA,NA,NA,NA,NA,NA,NA,NA,NA,NA,NA,NA,NA,NA,"39.762500000000003",NA,NA,NA,NA,NA,NA,NA,NA,NA,NA,NA,NA,NA,NA,NA,NA,NA,NA,NA,NA,NA,NA,NA,NA,NA,NA,NA,NA,NA,NA,NA,NA,NA,NA,NA,NA,NA,NA,NA,NA,NA,NA,NA,NA,NA,NA,NA,NA,NA,NA,NA,NA,NA,NA,NA,NA,NA,NA,NA,NA,NA,"Industrial_DataSummary_By_LEE.xlsx$WU_Industrial_table_SIC_NAICs"
"WV",NA,NA,NA,NA,"SABIC INNOVATIVE PLASTICS",NA,NA,NA,NA,NA,NA,NA,NA,NA,NA,"325211","2821",NA,NA,NA,NA,NA,NA,NA,NA,NA,NA,NA,NA,NA,NA,NA,NA,NA,NA,"39.262779999999999",NA,NA,NA,NA,NA,NA,NA,NA,NA,NA,NA,NA,NA,NA,NA,NA,NA,NA,NA,NA,NA,NA,NA,NA,NA,NA,NA,NA,NA,NA,NA,NA,NA,NA,NA,NA,NA,NA,NA,NA,NA,NA,NA,NA,NA,NA,NA,NA,NA,NA,NA,NA,NA,NA,NA,NA,NA,NA,NA,NA,NA,"Industrial_DataSummary_By_LEE.xlsx$WU_Industrial_table_SIC_NAICs"
"WV",NA,NA,NA,NA,"SWEET SPRINGS VALLEY WATER COMPANY","SWEET SPRINGS VALLEY WATER COMPANY","SWEET SPRINGS VALLEY WATER COMPANY",NA,NA,NA,NA,NA,NA,NA,NA,"312112","2086",NA,NA,NA,NA,NA,NA,NA,NA,"1598 Rowan Road","Gap Mills","Monroe","WV",NA,"1598 Rowan Road","Gap Mills","MONROE","WV",NA,"37.543235000000003",NA,NA,NA,NA,NA,NA,NA,NA,NA,NA,NA,NA,NA,NA,NA,NA,NA,NA,NA,NA,NA,NA,NA,"PP_3243698606","985634","985634","NA","SWEET SPRINGS VALLEY WATER COMPANY","SWEET SPRINGS VALLEY WATER COMPANY","1598 ROWAN RD","1598 ROWAN ROAD","UPDATED","GAP MILLS","WV","MONROE","24941","24941","GOOD","NA","37.562347","-80.408118","312112","NA","NA","NA","NA","NA","11","NA","GAP MILLS_1598 ROWAN ROAD","CITY CENTROID","PPP","N","WEST VIRGINIA","54","63","54063","SOUTH_ATLANTIC","NA","NA","NA","Industrial_DataSummary_By_LEE.xlsx$WU_Industrial_table_SIC_NAICs, USEPA_HIFLD_EIA_PPP_facility_v7.1.csv"
"WV",NA,NA,NA,NA,"TRIMODAL TERMINAL LIMITED PARTNERSHIP FORMERLY RG STEEL",NA,NA,NA,NA,NA,NA,NA,NA,NA,NA,"237210","3312",NA,NA,NA,NA,NA,NA,NA,NA,NA,NA,NA,NA,NA,NA,NA,NA,NA,NA,"40.267220000000002",NA,NA,NA,NA,NA,NA,NA,NA,NA,NA,NA,NA,NA,NA,NA,NA,NA,NA,NA,NA,NA,NA,NA,NA,NA,NA,NA,NA,NA,NA,NA,NA,NA,NA,NA,NA,NA,NA,NA,NA,NA,NA,NA,NA,NA,NA,NA,NA,NA,NA,NA,NA,NA,NA,NA,NA,NA,NA,NA,NA,NA,"Industrial_DataSummary_By_LEE.xlsx$WU_Industrial_table_SIC_NAICs"
"WV",NA,NA,NA,NA,"UNION CARBIDE CORPORATION","UNION CARBIDE CORPORATION","UNION CARBIDE CORPORATION",NA,NA,NA,NA,NA,NA,NA,NA,"325119","2869",NA,NA,NA,NA,NA,NA,NA,NA,"35th St And 3rd Avenue","Charleston","Kanawha","WV",NA,"35th St And 3rd Avenue","Charleston","KANAWHA","WV",NA,"38.369999999999997",NA,NA,NA,NA,NA,NA,NA,NA,NA,NA,NA,NA,NA,NA,NA,NA,NA,NA,NA,NA,NA,NA,NA,"E_110000726821","642024","642024","NA","UNION CARBIDE CORPORATION","UNION CARBIDE CORPORATION","35TH STREET AND 3RD AVENUE","35TH STREET AND 3RD AVENUE","UPDATED","CHARLESTON","WV","KANAWHA","25312","25312","GOOD","NA","38.3759295","-81.68700006","325191","NA","NA","NA","NA","NA","NA","NA","CHARLESTON_35TH ST AND 3RD AVENUE","CENSUS.CSV","FRS","Y","WEST VIRGINIA","54","39","54039","SOUTH_ATLANTIC","5","GUM AND WOOD CHEMICAL MANUFACTURING.","NA","Industrial_DataSummary_By_LEE.xlsx$WU_Industrial_table_SIC_NAICs, USEPA_HIFLD_EIA_PPP_facility_v7.1.csv"
"WV",NA,NA,NA,NA,"UNION CARBIDE CORPORATION","UNION CARBIDE CORPORATION","UNION CARBIDE CORPORATION",NA,NA,NA,NA,NA,NA,NA,NA,"325119","2869",NA,NA,NA,NA,NA,NA,NA,NA,"437 Maccorkle Avenue Sw","South Charleston","Kanawha","WV",NA,"437 Maccorkle Avenue Sw","South Charleston","KANAWHA","WV",NA,"38.369999999999997",NA,NA,NA,NA,NA,NA,NA,NA,NA,NA,NA,NA,NA,NA,NA,NA,NA,NA,NA,NA,NA,NA,NA,"P_116007 _OR_ B_279859","79719 _OR_ 411832","79719 _OR_ 411832","NA","UNION CARBIDE CORP. _OR_ UNION CARBIDE CORP","UNION CARBIDE CORPORATION","437 MACCORKLE AVENUE SW _OR_ 437 MACCORKLE AVE SW","437 MACCORKLE AVENUE SW","OK _OR_ UPDATED","SOUTH CHARLESTON","WV","KANAWHA","25303","25303","GOOD","(304) 747-7000","38.3689828 _OR_ 38.368106","-81.6922904 _OR_ -81.685565","325131 _OR_ 3399","2819 _OR_ NA","750 _OR_ NA","NA","NA","NA","NA","25303 _ (304) 747-7000","SOUTH CHARLESTON_437 MACCORKLE AVENUE SW","PINPT _OR_ BUSPT","PIN, BUS _OR_ BUS","N","WEST VIRGINIA","54","39","54039","SOUTH_ATLANTIC","5","NA _OR_ OTHER MISCELLANEOUS MANUFACTURING","NA","Industrial_DataSummary_By_LEE.xlsx$WU_Industrial_table_SIC_NAICs, USEPA_HIFLD_EIA_PPP_facility_v7.1.csv"
"WV",NA,NA,NA,NA,"UNION CARBIDE CORPORATION INSTITUTE FACILITY",NA,NA,NA,NA,NA,NA,NA,NA,NA,NA,"325119","2869",NA,NA,NA,NA,NA,NA,NA,NA,NA,NA,NA,NA,NA,NA,NA,NA,NA,NA,"38.378515999999998",NA,NA,NA,NA,NA,NA,NA,NA,NA,NA,NA,NA,NA,NA,NA,NA,NA,NA,NA,NA,NA,NA,NA,NA,NA,NA,NA,NA,NA,NA,NA,NA,NA,NA,NA,NA,NA,NA,NA,NA,NA,NA,NA,NA,NA,NA,NA,NA,NA,NA,NA,NA,NA,NA,NA,NA,NA,NA,NA,NA,NA,"Industrial_DataSummary_By_LEE.xlsx$WU_Industrial_table_SIC_NAICs"
"WV",NA,NA,NA,NA,"UNION CARBIDE SOUTH CHARLESTON FACILITY",NA,NA,NA,NA,NA,NA,NA,NA,NA,NA,"325199","2869",NA,NA,NA,NA,NA,NA,NA,NA,NA,NA,NA,NA,NA,NA,NA,NA,NA,NA,"38.370829999999998",NA,NA,NA,NA,NA,NA,NA,NA,NA,NA,NA,NA,NA,NA,NA,NA,NA,NA,NA,NA,NA,NA,NA,NA,NA,NA,NA,NA,NA,NA,NA,NA,NA,NA,NA,NA,NA,NA,NA,NA,NA,NA,NA,NA,NA,NA,NA,NA,NA,NA,NA,NA,NA,NA,NA,NA,NA,NA,NA,NA,NA,"Industrial_DataSummary_By_LEE.xlsx$WU_Industrial_table_SIC_NAICs"
"WV",NA,NA,NA,NA,"WHEELING NISSHIN","WHEELING NISSHIN","WHEELING NISSHIN",NA,NA,NA,NA,NA,NA,NA,NA,"332812","3312, 3479",NA,NA,NA,NA,NA,NA,NA,NA,NA,"Follansbee","Brooke","WV",NA,NA,"Follansbee","BROOKE","WV",NA,"40.328104000000003",NA,NA,NA,NA,NA,NA,NA,NA,NA,NA,NA,NA,NA,NA,NA,NA,NA,NA,NA,NA,NA,NA,NA,"E_110042081779","525104","525104","WV0004502","WHEELING-NISSHIN","WHEELING NISSHIN","PENN & MAIN ST.","PENN & MAIN STREET","CHECK","FOLLANSBEE","WV","BROOKE","26037","26037","GOOD","(304) 527-4833","40.327823","-80.599785","33122","NA","NA","NA","NA","NA","NA","26037 _ (304) 527-4833","FOLLANSBEE_PENN & MAIN ST","FRS","FRS, NPDES","N","WEST VIRGINIA","54","9","54009","SOUTH_ATLANTIC","5","ROLLING AND DRAWING OF PURCHASED STEEL","NA","Industrial_DataSummary_By_LEE.xlsx$WU_Industrial_table_SIC_NAICs, USEPA_HIFLD_EIA_PPP_facility_v7.1.csv"
"WV",NA,NA,NA,NA,"WVA MANUFACTURING",NA,NA,NA,NA,NA,NA,NA,NA,NA,NA,"331112","3313",NA,NA,NA,NA,NA,NA,NA,NA,NA,NA,NA,NA,NA,NA,NA,NA,NA,NA,"38.052779999999998",NA,NA,NA,NA,NA,NA,NA,NA,NA,NA,NA,NA,NA,NA,NA,NA,NA,NA,NA,NA,NA,NA,NA,NA,NA,NA,NA,NA,NA,NA,NA,NA,NA,NA,NA,NA,NA,NA,NA,NA,NA,NA,NA,NA,NA,NA,NA,NA,NA,NA,NA,NA,NA,NA,NA,NA,NA,NA,NA,NA,NA,"Industrial_DataSummary_By_LEE.xlsx$WU_Industrial_table_SIC_NAICs"
"WV",NA,NA,NA,NA,"WVA MANUFACTURING LIMITED LIABILITY COMPANY","WVA MANUFACTURING LIMITED LIABILITY COMPANY","WVA MANUFACTURING LIMITED LIABILITY COMPANY",NA,NA,NA,NA,NA,NA,NA,NA,"331112","3313",NA,NA,NA,NA,NA,NA,NA,NA,"Rr 60","Alloy","Fayette","WV",NA,"Rr 60","Alloy","FAYETTE","WV",NA,"38.134439999999998",NA,NA,NA,NA,NA,NA,NA,NA,NA,NA,NA,NA,NA,NA,NA,NA,NA,NA,NA,NA,NA,NA,NA,"D_2599267","512236","512236","NA","WVA MANUFACTURING, LLC","WVA MANUFACTURING LIMITED LIABILITY COMPANY","RR 60","RR 60","OK","ALLOY","WV","FAYETTE","25002","25002","GOOD","(304) 779-3200","38.1403","-81.2781","331410","NA","NA","200","0","116817000","NA","25002 _ (304) 779-3200","ALLOY_RR 60","DBPT","DB, FRS","N","WEST VIRGINIA","54","19","54019","SOUTH_ATLANTIC","5","NONFERROUS METAL (EXCEPT ALUMINUM) SMELTING AND REFINING","NA","Industrial_DataSummary_By_LEE.xlsx$WU_Industrial_table_SIC_NAICs, USEPA_HIFLD_EIA_PPP_facility_v7.1.csv"
