~IGNORE~,~IGNORE~,~IGNORE~
~IGNORE~,~IGNORE~,~IGNORE~
~IGNORE~,~IGNORE~,~IGNORE~
~IGNORE~,~IGNORE~,~IGNORE~
~IGNORE~,~HEADER~,~DATA~
~IGNORE~,~HEADER~,~DATA~
~IGNORE~,~HEADER~,~DATA~
~IGNORE~,~HEADER~,~DATA~
~IGNORE~,~HEADER~,~DATA~
~IGNORE~,~HEADER~,~DATA~
~IGNORE~,~HEADER~,~DATA~
~IGNORE~,~HEADER~,~DATA~
~IGNORE~,~HEADER~,~DATA~
~IGNORE~,~HEADER~,~DATA~
~IGNORE~,~HEADER~,~DATA~
~IGNORE~,~HEADER~,~DATA~
~IGNORE~,~HEADER~,~DATA~
~IGNORE~,~HEADER~,~DATA~
~IGNORE~,~HEADER~,~DATA~
~IGNORE~,~HEADER~,~DATA~
~IGNORE~,~HEADER~,~DATA~
~IGNORE~,~HEADER~,~DATA~
~IGNORE~,~HEADER~,~DATA~
~IGNORE~,~HEADER~,~DATA~
~IGNORE~,~HEADER~,~DATA~
~IGNORE~,~HEADER~,~DATA~
~IGNORE~,~HEADER~,~DATA~
~IGNORE~,~HEADER~,~DATA~
~IGNORE~,~HEADER~,~DATA~
~IGNORE~,~IGNORE~,~IGNORE~
~IGNORE~,~IGNORE~,~IGNORE~
~IGNORE~,~IGNORE~,~IGNORE~
~IGNORE~,~IGNORE~,~IGNORE~
~IGNORE~,~IGNORE~,~IGNORE~
~IGNORE~,~IGNORE~,~IGNORE~
~IGNORE~,~IGNORE~,~IGNORE~
~IGNORE~,~IGNORE~,~IGNORE~
~IGNORE~,~IGNORE~,~IGNORE~
~IGNORE~,~IGNORE~,~IGNORE~
~IGNORE~,~IGNORE~,~IGNORE~
~IGNORE~,~IGNORE~,~IGNORE~
~IGNORE~,~IGNORE~,~IGNORE~
~IGNORE~,~IGNORE~,~IGNORE~
~IGNORE~,~IGNORE~,~IGNORE~
~IGNORE~,~IGNORE~,~IGNORE~
~IGNORE~,~IGNORE~,~IGNORE~
~IGNORE~,~IGNORE~,~IGNORE~
~IGNORE~,~IGNORE~,~IGNORE~
~IGNORE~,~IGNORE~,~IGNORE~
~IGNORE~,~IGNORE~,~IGNORE~
~IGNORE~,~IGNORE~,~IGNORE~
~IGNORE~,~IGNORE~,~IGNORE~
~IGNORE~,~IGNORE~,~IGNORE~
~IGNORE~,~IGNORE~,~IGNORE~
~IGNORE~,~IGNORE~,~IGNORE~
~IGNORE~,~IGNORE~,~IGNORE~
~IGNORE~,~IGNORE~,~IGNORE~
~IGNORE~,~IGNORE~,~IGNORE~
~IGNORE~,~IGNORE~,~IGNORE~
~IGNORE~,~IGNORE~,~IGNORE~
~IGNORE~,~IGNORE~,~IGNORE~
~IGNORE~,~IGNORE~,~IGNORE~
~IGNORE~,~IGNORE~,~IGNORE~
~IGNORE~,~IGNORE~,~IGNORE~
~IGNORE~,~IGNORE~,~IGNORE~
~IGNORE~,~IGNORE~,~IGNORE~
~IGNORE~,~IGNORE~,~IGNORE~
~IGNORE~,~IGNORE~,~IGNORE~
~IGNORE~,~IGNORE~,~IGNORE~
~IGNORE~,~IGNORE~,~IGNORE~
~IGNORE~,~IGNORE~,~IGNORE~
~IGNORE~,~IGNORE~,~IGNORE~
~IGNORE~,~IGNORE~,~IGNORE~
~IGNORE~,~IGNORE~,~IGNORE~
~IGNORE~,~IGNORE~,~IGNORE~
~IGNORE~,~IGNORE~,~IGNORE~
~IGNORE~,~IGNORE~,~IGNORE~
~IGNORE~,~IGNORE~,~IGNORE~
